"i","j","snp","true_weight"
19,8,17,-0.397123906072296
17,13,18,-0.474464538304906
18,5,12,0.361445433030245
3,9,14,0.309957709720622
10,17,8,-0.301530384660177
10,16,18,0.393559489284955
