snp,i,j,B_hat,SE,t_stat,p_val,q_val
1,1,2,0.055676654231070696,0.10475419326086266,0.5314980956599149,0.6178295178609782,0.996297741304507
1,1,3,-0.07762822848368055,0.10746725319524007,-0.7223430968494922,0.5024443300929117,0.9870199575036301
1,1,4,-0.151050839665041,0.08242182127737871,-1.8326559316721307,0.1165583789263765,0.9266880947092055
1,1,5,0.07401254722582987,0.07199973763839361,1.0279557905685335,0.3436153521144032,0.977783785791819
1,1,6,0.01454319870124749,0.10977600235842838,0.13248067326800786,0.8989353296266536,0.9970118974932134
1,1,7,-0.02287187903286715,0.07867079016499892,-0.29072898574688844,0.782931755182141,0.996297741304507
1,1,8,0.10723445850229249,0.09371059238344208,1.1443152345294068,0.2960817405455307,0.9723653007063686
1,1,9,0.021430247111900086,0.05847066977071146,0.3665127694888865,0.7265599821744185,0.996297741304507
1,1,10,-0.044227947749823575,0.09958838479628064,-0.44410749144945727,0.6755265403526687,0.996297741304507
1,1,11,-0.25614193067338725,0.1530298733991461,-1.6738034540721427,0.15502493757609606,0.9327221140485742
1,1,12,-0.06042086018882854,0.1273829408804053,-0.47432458201040373,0.6520380892647493,0.996297741304507
1,1,13,-0.08841246481536957,0.09136945809901652,-0.9676369615609396,0.38802099624339986,0.9787437974965071
1,1,14,0.045546263556320354,0.05869776369056949,0.7759454652420084,0.4672552544918428,0.9831823609235607
1,1,15,-0.10853168083625778,0.10784824488730475,-1.0063370150219952,0.35309852708181605,0.9787437974965071
1,1,16,0.1674702105015697,0.09595783670893696,1.7452478738948818,0.1413855301527624,0.9327221140485742
1,1,17,-0.13265053237270077,0.09913581175161815,-1.3380687566639864,0.23849969959479364,0.9621006990023523
1,1,18,-0.03559564321775203,0.12087004148494318,-0.2944951683655349,0.7830305834998147,0.996297741304507
1,1,19,-0.031126654542372883,0.04352454571373722,-0.7151517386621117,0.5065094237302225,0.9870199575036301
1,1,20,-0.17994432583554645,0.1016067290577089,-1.770988275112898,0.13677337178515658,0.9327221140485742
1,2,1,-0.12060880451528261,0.09970762357559397,-1.2096247025949087,0.2804895946971775,0.9710602551597926
1,2,3,0.06437910449392625,0.09077214252103126,0.7092385692923446,0.5173284826244544,0.9873220114034699
1,2,4,0.14444281175657298,0.08965235295991272,1.6111435671916852,0.16806492389966585,0.9327221140485742
1,2,5,-0.15549972154012892,0.09207700800572428,-1.6888007647769456,0.15205638800352703,0.9327221140485742
1,2,6,-0.051144118870145285,0.10749398941393791,-0.47578584764143134,0.6542881584690681,0.996297741304507
1,2,7,-0.0372015442996037,0.15899288583392615,-0.23398244584495487,0.8264863819934221,0.996297741304507
1,2,8,0.10723358202149164,0.14816226514331746,0.7237577119723484,0.5016473751669654,0.9870199575036301
1,2,9,-0.06687833218576517,0.09059381726315587,-0.7382218147487873,0.4935496039722608,0.9870199575036301
1,2,10,-0.03424806124628549,0.04458642011630484,-0.7681276307041561,0.48524775536221343,0.9853788426768277
1,2,11,0.15944457478396384,0.12906694934981183,1.2353633179210253,0.2842930723560055,0.9710602551597926
1,2,12,-0.0956037515929282,0.09490470743181757,-1.0073657480120832,0.35999316429937933,0.9787437974965071
1,2,13,-0.04481445114125559,0.28841112646695183,-0.15538391909521343,0.8863849201616557,0.9970118974932134
1,2,14,0.23230001552343757,0.1240392504275101,1.8727944156460656,0.11998201823727056,0.9272249539364997
1,2,15,-0.07323178254531554,0.1493564969559579,-0.4903153464185742,0.6446679306566885,0.996297741304507
1,2,16,-0.1127550410804169,0.14265604731088063,-0.7903979060481543,0.47351685033644775,0.9844454813806669
1,2,17,0.0025703013483367202,0.2620129676407666,0.009809824954354654,0.9926427787845088,0.9999842973802364
1,2,18,0.034023947592418176,0.11947189895833218,0.2847861956559325,0.7943357499710563,0.996297741304507
1,2,19,-0.08055851082322629,0.09523302521490642,-0.845909395827645,0.44523893783012997,0.9809403935722025
1,2,20,-0.0811967679197491,0.11788372106240054,-0.6887869435007029,0.5288273550126538,0.9900419620498572
1,3,1,0.1099706182236787,0.2090361049501707,0.5260843252382982,0.6266482650325239,0.996297741304507
1,3,2,0.07570615820001472,0.20958335808523385,0.3612221833417954,0.7362041369612055,0.996297741304507
1,3,4,-0.14983793798635722,0.10731244538490921,-1.3962773604452021,0.22145408165943828,0.944676581588624
1,3,5,0.03370393049705557,0.09880985795105132,0.3410988659998966,0.7468955223751226,0.996297741304507
1,3,6,0.1636977773482085,0.1706234716730646,0.9594094865266487,0.38141478344810603,0.9787437974965071
1,3,7,0.08319829941673342,0.15874185175230238,0.5241106771642696,0.6225961893322425,0.996297741304507
1,3,8,0.14557566322258395,0.17048405088415852,0.8538960827523193,0.43215909366361965,0.9787437974965071
1,3,9,0.04221168617567714,0.21585708578623888,0.19555385926632676,0.8526580813747063,0.9970118974932134
1,3,10,0.29042205273288874,0.20977729659746605,1.3844303337018615,0.22482778263875078,0.9497866821310842
1,3,11,-0.10244313105033216,0.14538191983159596,-0.7046483577070185,0.5124877147072413,0.9870199575036301
1,3,12,0.048485080266712936,0.1352731660238692,0.35842348997582585,0.734662630356688,0.996297741304507
1,3,13,0.08425645003986267,0.12564995867236153,0.6705648846164363,0.5505037946256064,0.9921578326135176
1,3,14,-0.118960458160869,0.09233308635107283,-1.2883838595762307,0.25400741788930725,0.9659348365379999
1,3,15,-0.08749892697503764,0.09883072913220398,-0.8853413077334141,0.4165127236541339,0.9787437974965071
1,3,16,0.2689360856028574,0.07986560062006852,3.3673582056792566,0.01994709127836336,0.8394596075808679
1,3,17,-0.18324665998670345,0.12468754203940696,-1.4696469028743824,0.21559682538552405,0.9425722664941841
1,3,18,0.15288275745513719,0.11126706267131188,1.374016297216239,0.24140236088825515,0.9655449183178495
1,3,19,-0.18830542967244474,0.18978725554760106,-0.9921921739588206,0.37726616141840597,0.9787437974965071
1,3,20,-0.11962893942636318,0.13270795707492697,-0.9014451134826768,0.40867239585907483,0.9787437974965071
1,4,1,0.08876292111441879,0.07705080865445922,1.1520050556682864,0.2931444829098261,0.9723653007063686
1,4,2,-0.058453190148771976,0.11666739750698721,-0.5010242055392569,0.6376273563347086,0.996297741304507
1,4,3,-0.03415616255662279,0.09073999396661918,-0.37641795048841986,0.7220505578846272,0.996297741304507
1,4,5,-0.15901468725216075,0.12891079777017367,-1.2335249645605617,0.2635073236232307,0.9659348365379999
1,4,6,0.008770823975605826,0.11556133408487518,0.07589756595478647,0.941968017689827,0.9976607232147003
1,4,7,0.11238993044601266,0.06095246685548914,1.8438946976605814,0.12452238238029799,0.9278138295002595
1,4,8,0.14701871428575294,0.141446556450527,1.0393940861765376,0.33868162377000155,0.977783785791819
1,4,9,0.10095582487485301,0.06162487184280309,1.6382318024245106,0.1524865695459882,0.9327221140485742
1,4,10,0.11849497103090556,0.07577545869573508,1.5637644835003963,0.17863942020344503,0.9327221140485742
1,4,11,-0.0916568517247524,0.09037491894916669,-1.0141846077371595,0.3570294534283899,0.9787437974965071
1,4,12,0.11636381297276142,0.06704361317128571,1.7356435231755012,0.13331088633061366,0.9327221140485742
1,4,13,0.07508375321465925,0.06494231256083736,1.1561607564123206,0.3119669243432585,0.9724973851553588
1,4,14,-0.10882096802885025,0.06703521557826653,-1.6233403158101831,0.15564288504340693,0.9327221140485742
1,4,15,-0.060515498807773675,0.10066523515874669,-0.6011558877475527,0.5697349891361629,0.9921578326135176
1,4,16,-0.06631260154245171,0.06891810766830339,-0.9621941719677802,0.3801430560790323,0.9787437974965071
1,4,17,-0.15734956926420968,0.10829510787369336,-1.4529702435522434,0.2059629092033749,0.9327221140485742
1,4,18,0.0345534938469871,0.14221442219867683,0.2429675789032993,0.8199812469918984,0.996297741304507
1,4,19,-0.2671983463874535,0.1015692113170916,-2.6307021874045002,0.04649390538071945,0.8473514992757766
1,4,20,-0.20724248931979725,0.10011079115876258,-2.070131370643827,0.0932240618251385,0.9122920172343513
1,5,1,0.04651821244240323,0.14715277498110535,0.31612188385886786,0.762618147974157,0.996297741304507
1,5,2,-0.11785273252391183,0.21803036484481136,-0.5405335747947584,0.6120283016783931,0.996297741304507
1,5,3,-0.1028997188399095,0.15506724316768064,-0.6635812744022036,0.5363256442338666,0.9909681566538422
1,5,4,-0.024462501793035857,0.13830794863314125,-0.17686981865189272,0.8654300262696395,0.9970118974932134
1,5,6,-0.13610900757717875,0.09538815418307245,-1.4268963346803676,0.2129550141695661,0.9387808049238413
1,5,7,0.02526888242170948,0.0519471532606367,0.4864344017936919,0.6472299816973746,0.996297741304507
1,5,8,0.08248045061299819,0.13758953582673897,0.5994674676151468,0.5707887600411873,0.9921578326135176
1,5,9,-0.036017557397204754,0.10082448362399361,-0.35723026890143456,0.7331482479927551,0.996297741304507
1,5,10,0.08857071503237982,0.14748474445066204,0.6005415364258828,0.5743266089206555,0.9921578326135176
1,5,11,-0.0022437223086711196,0.08118641502393911,-0.027636671824736753,0.9790210735644037,0.9999842973802364
1,5,12,-0.020228153359927475,0.06257444834184078,-0.32326538859917575,0.7574639401275882,0.996297741304507
1,5,13,0.09367787501386958,0.11043133167315686,0.8482907304810857,0.44405662109195065,0.9809403935722025
1,5,14,-0.12040438018805759,0.07803462404255619,-1.5429609825614343,0.17378358566557142,0.9327221140485742
1,5,15,0.016199777817155744,0.07892590172990192,0.2052529963153152,0.8441608478809405,0.9970118974932134
1,5,16,-0.07828822565520803,0.06035617655069062,-1.297103794972167,0.25122014744321886,0.9659348365379999
1,5,17,-0.1064817479702081,0.14055341231833465,-0.7575892055063281,0.4828524428680216,0.9853788426768277
1,5,18,0.1102721300258463,0.06300386154850583,1.750243990032246,0.1549720417386711,0.9327221140485742
1,5,19,0.003515636508617189,0.05595573541808735,0.06282888576633651,0.9523370929255641,0.9979015067966054
1,5,20,-0.036462432191418016,0.19281774130606794,-0.18910309779716025,0.8574484692126879,0.9970118974932134
1,6,1,0.10151278110692209,0.10319242073439112,0.9837232267980609,0.3632409637315101,0.9787437974965071
1,6,2,-0.031134251885206573,0.10469898591231513,-0.29736918283987945,0.7781431847832116,0.996297741304507
1,6,3,-0.10192060491405683,0.06288293704110776,-1.620799054691237,0.16598684017775195,0.9327221140485742
1,6,4,0.031372045517362536,0.12049670642137551,0.26035604166137555,0.8032937250835913,0.996297741304507
1,6,5,-0.038242263250150406,0.06185685322662592,-0.6182380973927559,0.5591401238435765,0.9921578326135176
1,6,7,0.06181056688950367,0.08098136918141774,0.7632689779580024,0.47974709532707127,0.9853788426768277
1,6,8,0.018890719419802717,0.12234846682838944,0.15440094926686043,0.8823563316862684,0.9970118974932134
1,6,9,0.05406949620229784,0.05572491524625054,0.9702930181659742,0.3693729060079997,0.9787437974965071
1,6,10,-0.0924533448466268,0.12679356453639662,-0.7291643324638808,0.4986096011026554,0.9870199575036301
1,6,11,-0.11861934261815939,0.02791081745935306,-4.249941542796321,0.008092259604242456,0.7296406661547277
1,6,12,0.04621426905041964,0.10238156478521061,0.45139248600978665,0.6675631671399976,0.996297741304507
1,6,13,0.11787028978425866,0.01718498984150773,6.858909482314735,0.002365721032733423,0.7168717760835697
1,6,14,-0.15165210595566195,0.05573405182019031,-2.720995531460772,0.034597014336239754,0.8473514992757766
1,6,15,-0.03842544054475715,0.07520341251800274,-0.5109534163100329,0.6276342331899554,0.996297741304507
1,6,16,0.08829247478351664,0.09818717066151253,0.8992261839074088,0.4097457758529584,0.9787437974965071
1,6,17,0.07990035265265755,0.06233711738275941,1.2817460287869176,0.25614815401927377,0.9659348365379999
1,6,18,-0.07327820448590312,0.07017949392471187,-1.044154073887614,0.3553604436699219,0.9787437974965071
1,6,19,0.019562658874141825,0.08045415032121181,0.24315288640542584,0.8175474225143425,0.996297741304507
1,6,20,-0.09229270387307428,0.11053288636776291,-0.8349795875696647,0.4417863978713154,0.9809403935722025
1,7,1,-0.07081626368923875,0.10546733868396209,-0.671452077697453,0.5317001256905053,0.9909681566538422
1,7,2,-0.03773824085883109,0.08394115497905481,-0.44957971888518855,0.6762990029369749,0.996297741304507
1,7,3,-0.10732076669588596,0.06517808563706874,-1.6465774599737986,0.16056257224690737,0.9327221140485742
1,7,4,-0.12856742467951668,0.0674359795554671,-1.9065108199675744,0.1148994103569286,0.9266880947092055
1,7,5,-0.029763021807159954,0.15263612506629395,-0.19499330053116903,0.8530740747530964,0.9970118974932134
1,7,6,-0.1067164761902195,0.12844514382282488,-0.8308330935157161,0.44391828210719925,0.9809403935722025
1,7,8,-0.03513459321194293,0.09643680228718234,-0.3643276464824096,0.7305137718448201,0.996297741304507
1,7,9,0.11741187546021213,0.09161009047612713,1.2816478495840706,0.2561799410691534,0.9659348365379999
1,7,10,0.08030006352707447,0.11708316482913822,0.6858378285518,0.5233153054362896,0.9900419620498572
1,7,11,-0.02671868376676453,0.1419515479463956,-0.1882239690451698,0.8581018618411634,0.9970118974932134
1,7,12,-0.13247069650416915,0.11574764106629348,-1.1444785853316284,0.3042383487565194,0.9723653007063686
1,7,13,0.12199042384029503,0.19406787371363976,0.6285966940600974,0.5742150152568828,0.9921578326135176
1,7,14,-0.0801893636746619,0.061425188798245656,-1.3054801335123722,0.24856922788150507,0.9659348365379999
1,7,15,-0.028549667535792484,0.14495127670773061,-0.19696044204675087,0.8516144888209467,0.9970118974932134
1,7,16,0.17152217358679694,0.11670943049401707,1.4696513628701162,0.20160533649483847,0.9327221140485742
1,7,17,-0.211421967094227,0.12469365266171549,-1.6955311082762439,0.16521804017148303,0.9327221140485742
1,7,18,-0.08393987025229088,0.1612496613095094,-0.5205584282788204,0.630160322399319,0.996297741304507
1,7,19,0.08659347220117034,0.0923568202840173,0.9375969412322661,0.40153457024880057,0.9787437974965071
1,7,20,0.10188094409877664,0.06381509533252314,1.596502262768804,0.17126517781933162,0.9327221140485742
1,8,1,-0.11988520663939804,0.09810582695736264,-1.2219988389708885,0.2675338159695547,0.9659348365379999
1,8,2,0.00445638348586933,0.10159539921477395,0.043864028492123106,0.9667106517918413,0.9985051581432447
1,8,3,-0.19383594263541234,0.13855509726152396,-1.398980957504193,0.22069089553196333,0.944676581588624
1,8,4,0.2150191333710596,0.06609007123969092,3.2534256558445755,0.01739148461292909,0.8082207464168117
1,8,5,-0.32526588830471137,0.10692051432835889,-3.042127980256057,0.02274062079258264,0.8413471823780126
1,8,6,0.07084245179530359,0.09217526550813551,0.7685624923779837,0.4713114337730797,0.9844454813806669
1,8,7,-0.14546337631396755,0.2674964293254607,-0.5437955814222839,0.6099417894159359,0.996297741304507
1,8,9,0.010523455776656402,0.1301887443611505,0.08083230104273026,0.9382041529355241,0.9971125104614714
1,8,10,0.04049084510947759,0.07150634249201684,0.5662552956534147,0.5956900866983786,0.996297741304507
1,8,11,-0.32327939933573185,0.058346460091379095,-5.54068573867015,0.002628586399002056,0.7168717760835697
1,8,12,-0.11968467986004866,0.09228277203773427,-1.2969341645893868,0.24229156622100648,0.9655449183178495
1,8,13,0.1375844279250097,0.15045873101454305,0.9144329943258435,0.4122249541971354,0.9787437974965071
1,8,14,-0.011523413931046823,0.14351033589181694,-0.08029675256040981,0.9386125484779002,0.9974070705302072
1,8,15,0.008099236799186157,0.0801285814448049,0.1010780005467099,0.9227816268169929,0.9971125104614714
1,8,16,0.2518825871809454,0.0940445499027244,2.678332635318086,0.043907746839258174,0.8473514992757766
1,8,17,0.01109986329057746,0.08795752520254974,0.12619572077420724,0.9044945184820845,0.9970118974932134
1,8,18,0.2503945961977775,0.20453641471829986,1.2242054625892027,0.28804667258863775,0.9710602551597926
1,8,19,-0.24711364821311416,0.14783087927377034,-1.671596958804587,0.15546654835766024,0.9327221140485742
1,8,20,-0.09277100741455298,0.12177423366697261,-0.7618278893669796,0.48053362732259974,0.9853788426768277
1,9,1,-0.010116218139394112,0.16399362481010976,-0.06168665489921403,0.9528158989667224,0.9979015067966054
1,9,2,-0.12216240186085561,0.09663638637330893,-1.264144971105137,0.26190476297890736,0.9659348365379999
1,9,3,-0.23484723111436376,0.1423237947531601,-1.650091128612907,0.15983698694038487,0.9327221140485742
1,9,4,0.190286696104712,0.09988149995149981,1.9051245345254704,0.10541813785665582,0.9198620674939993
1,9,5,-0.22865448820066553,0.08992938727451152,-2.5426003126225005,0.043926603843395313,0.8473514992757766
1,9,6,-0.0314620003818098,0.15985848809793377,-0.19681157225970067,0.8504723956365722,0.9970118974932134
1,9,7,-0.03632431393855992,0.11765392933808075,-0.30873863833202364,0.769970090665987,0.996297741304507
1,9,8,0.0810970613689254,0.2193045269690719,0.36979200789590894,0.7242386140750044,0.996297741304507
1,9,10,-0.09877285756839087,0.09982034646056641,-0.9895062586906682,0.3678522122197867,0.9787437974965071
1,9,11,0.05924818056091722,0.1757711418058729,0.3370756994115432,0.7497485746773084,0.996297741304507
1,9,12,-0.12990425433772915,0.18790801847615304,-0.6913183130262409,0.5152088750903296,0.9870199575036301
1,9,13,0.3444279605372971,0.04293427891717861,8.022213700006136,0.001310006091197286,0.7168717760835697
1,9,14,-0.09919414258009966,0.10240254710698864,-0.9686687038701727,0.37012002600206967,0.9787437974965071
1,9,15,-0.16736789307263092,0.11329932717696774,-1.4772187729741204,0.1900849023049998,0.9327221140485742
1,9,16,0.027594891007217223,0.06163246710318373,0.4477330261754852,0.673077899069456,0.996297741304507
1,9,17,0.06271476050802455,0.08179172239766475,0.7667617048378524,0.47784465537016846,0.9844454813806669
1,9,18,0.1824598573692691,0.1726672056987016,1.0567140218079316,0.35023715288093105,0.9787437974965071
1,9,19,-0.07370839545141683,0.17324807485552793,-0.425450011565537,0.6881990461670646,0.996297741304507
1,9,20,-0.24466558170736818,0.1619247042752152,-1.5109836562678636,0.19118694917662574,0.9327221140485742
1,10,1,0.008590774470395806,0.06365513953914967,0.13495806516891357,0.8979096486212453,0.9970118974932134
1,10,2,0.20519951046615717,0.11343903020832245,1.8088969033631055,0.1447328008887393,0.9327221140485742
1,10,3,-0.10400096068269762,0.09568542489991252,-1.086904936571022,0.3266762859444422,0.9769219176390858
1,10,4,-0.007136108686080644,0.10575413472572717,-0.06747829486308624,0.94881617848246,0.9977648266713631
1,10,5,-0.2205443407466372,0.13472122207680565,-1.6370423111161065,0.16254814775067683,0.9327221140485742
1,10,6,-0.13209113941842612,0.08038810070577079,-1.6431678103734644,0.16126980687654557,0.9327221140485742
1,10,7,-0.10943783832912933,0.08538711173073185,-1.2816669414110147,0.2561737595091082,0.9659348365379999
1,10,8,-0.16039395877380547,0.1690822483842879,-0.9486150101831836,0.3863770806850125,0.9787437974965071
1,10,9,0.06611518115662626,0.16702252524232533,0.39584589599700354,0.7085453526083738,0.996297741304507
1,10,11,-0.15772621165237907,0.08440380509319262,-1.8687097279128637,0.1206132958427645,0.9272249539364997
1,10,12,-0.09419402514987744,0.07570819625047956,-1.244172095145334,0.2685796930506157,0.9659348365379999
1,10,13,0.1695189902675164,0.09550397504795774,1.77499407936284,0.1739906220180918,0.9327221140485742
1,10,14,0.11184538415364449,0.09398553123412261,1.1900276849405902,0.2874541876714485,0.9710602551597926
1,10,15,-0.05869083036930458,0.1246713572975261,-0.4707643490939874,0.6576308786422743,0.996297741304507
1,10,16,0.01587619127467332,0.14921323417737226,0.10639935098313483,0.9194025923187188,0.9971125104614714
1,10,17,-0.08296042696215719,0.0725518999238262,-1.143463190462492,0.3166306477206924,0.9738435620968914
1,10,18,-0.10475637566724104,0.15022235371098672,-0.6973421270451189,0.523994951977685,0.9900419620498572
1,10,19,0.06201811651039665,0.07075545144287917,0.8765136147790296,0.4302364794690338,0.9787437974965071
1,10,20,-0.05782381848753506,0.1029813501132425,-0.5614979646643603,0.5986920305499785,0.996297741304507
1,11,1,0.1105198159459351,0.17783193919801515,0.6214846244366162,0.5615157451248809,0.9921578326135176
1,11,2,0.2335607767806452,0.07167202461429663,3.258743952529526,0.031117678782391734,0.8473514992757766
1,11,3,0.10147290426888751,0.15296519257284327,0.6633725134553203,0.5364486932498339,0.9909681566538422
1,11,4,0.049002276560519566,0.08517261261529636,0.5753290295470377,0.5899897096320372,0.995321152764369
1,11,5,-0.06928999098167318,0.21656014709351412,-0.3199572585782956,0.7619384664884601,0.996297741304507
1,11,6,-0.025035218928878104,0.23696023018754384,-0.10565156401543901,0.9199665100820595,0.9971125104614714
1,11,7,0.19981926052191462,0.1707095376395713,1.170521947886906,0.2945388149521974,0.9723653007063686
1,11,8,0.20275467287108,0.18847912708594752,1.0757407252716478,0.3311886488705801,0.977783785791819
1,11,9,0.1520263368842736,0.06940982465294307,2.190271156024844,0.08006930695818609,0.8921703470566514
1,11,10,0.1839509676394906,0.11413593351350004,1.6116832094435982,0.16794810504787924,0.9327221140485742
1,11,12,0.2611907652166419,0.18557991985593691,1.4074301002931418,0.21832181847555684,0.9441880781319402
1,11,13,0.2658864795907363,0.13724031895504643,1.9373787645880582,0.14809140077808294,0.9327221140485742
1,11,14,-0.08730193000322331,0.1144316757578301,-0.7629175175867917,0.47993883327437664,0.9853788426768277
1,11,15,-0.262536261874455,0.16413998575170358,-1.5994656065707056,0.1849655456104887,0.9327221140485742
1,11,16,0.05259794121353567,0.15578733243377704,0.33762656046220363,0.7493576588660593,0.996297741304507
1,11,17,-0.25190124633747096,0.1267606873738308,-1.987218999472605,0.11782466929760194,0.9266880947092055
1,11,18,-0.25163556164955053,0.15416929780073327,-1.6322028136442708,0.17797318267464018,0.9327221140485742
1,11,19,-0.1936232769032687,0.2535770546529955,-0.763567812424774,0.4876768803304065,0.9862060941886115
1,11,20,-0.1354596000207646,0.2548124551771435,-0.5316050972707068,0.6177606313723888,0.996297741304507
1,12,1,0.14671958736696106,0.1345390542038323,1.0905352964915613,0.3173242308399808,0.9738435620968914
1,12,2,-0.16185502009072958,0.14355627928286446,-1.1274673660960637,0.3107242533391863,0.9723653007063686
1,12,3,-0.1185058946903763,0.04781029958211236,-2.4786687329655464,0.05593229955845491,0.8785014521379624
1,12,4,0.0540720300126953,0.07909391339843092,0.6836433764457576,0.5197144136190412,0.9886932524417306
1,12,5,-0.039047087340772266,0.10488497570314903,-0.3722848489845972,0.7224760810419559,0.996297741304507
1,12,6,-0.12088876535988292,0.0724772770409685,-1.667954016675894,0.1463695939164741,0.9327221140485742
1,12,7,0.012202303129533347,0.05027576031996228,0.2427074807349188,0.8178738837977617,0.996297741304507
1,12,8,0.157760962172017,0.16956187641665027,0.9304034934328853,0.3880646953964949,0.9787437974965071
1,12,9,0.1229893401134531,0.11923704444580038,1.0314692106304837,0.34960792733733403,0.9787437974965071
1,12,10,0.14479693499586635,0.1545977849438538,0.9366042019781623,0.3919595939446396,0.9787437974965071
1,12,11,-0.022616945217611276,0.11074256748999176,-0.2042299156505562,0.8462265516672958,0.9970118974932134
1,12,13,0.06169431185891006,0.05501637264308437,1.1213809434152824,0.3248945714613112,0.97468787269659
1,12,14,0.1367125405457761,0.08345384907468306,1.6381813668269936,0.15249715529788127,0.9327221140485742
1,12,15,-0.11469376928419087,0.06978765244143643,-1.6434679383834372,0.15139140408760476,0.9327221140485742
1,12,16,0.15720986864471126,0.08901620920595818,1.7660813692841746,0.137640686652917,0.9327221140485742
1,12,17,0.01863181001513743,0.09985081911425103,0.18659646641087635,0.8593118061081365,0.9970118974932134
1,12,18,0.0008644698884342903,0.03507660132988337,0.024645200949761442,0.9815184378442445,0.9999842973802364
1,12,19,-0.20656073028637753,0.1278605154643662,-1.6155161703718377,0.16712067169314226,0.9327221140485742
1,12,20,-0.020406856618566675,0.09040534042902496,-0.2257262294627592,0.8303509114683155,0.996297741304507
1,13,1,-0.2390254656377492,0.19345491192752823,-1.235561626504769,0.28422678154279857,0.9710602551597926
1,13,2,-0.046155218106030106,0.24146957544162267,-0.19114299605416493,0.8606182370355036,0.9970118974932134
1,13,3,-0.022971200724683498,0.14910373652965514,-0.15406187168193944,0.8873414375936259,0.9970118974932134
1,13,4,0.3168249948172986,0.12080516572767055,2.6226113172088206,0.058638543872957916,0.8850734759513756
1,13,5,0.06232721246720573,0.13806351906216685,0.45143867757484707,0.6750670526953128,0.996297741304507
1,13,6,-0.08125071054605197,0.0713143134453838,-1.1393324371991416,0.3181616641296467,0.9738435620968914
1,13,7,-0.13445899836781489,0.12915922902103705,-1.0410328350974718,0.37438092758660985,0.9787437974965071
1,13,8,-0.06793009514862783,0.030586497174707024,-2.220917771603495,0.11294664139075541,0.9266880947092055
1,13,9,-0.1367352113721238,0.12704031682778105,-1.0763135261730263,0.342374109252819,0.977783785791819
1,13,10,-0.15669737817014842,0.22844000452967916,-0.6859454345226306,0.5420041039922658,0.9909681566538422
1,13,11,0.08290453233648538,0.10823360073858107,0.7659777718747479,0.4994415232639466,0.9870199575036301
1,13,12,0.10580958045082806,0.11965925464733501,0.8842573920570574,0.42650644426662565,0.9787437974965071
1,13,14,0.12423944864847347,0.10271327599985755,1.2095753683042512,0.3130651815764585,0.9738435620968914
1,13,15,-0.12611682344869463,0.12409800036941286,-1.0162679742804548,0.36697340188511407,0.9787437974965071
1,13,16,-0.20874008143344197,0.21003134659830996,-0.9938520359614157,0.3935522041551343,0.9787437974965071
1,13,17,-0.035396098347481746,0.17916453250326783,-0.1975619719636116,0.8530211464185178,0.9970118974932134
1,13,18,0.04017374243114387,0.17231785866248076,0.23313742837066645,0.8306562969610027,0.996297741304507
1,13,19,-0.021112624256862618,0.17736369257506088,-0.11903577305038714,0.9161255882209327,0.9970118974932134
1,13,20,-0.14667852768414238,0.15164150446444916,-0.9672716463820262,0.4047579192723447,0.9787437974965071
1,14,1,-0.005464769851332968,0.15106931027783582,-0.03617392467898597,0.972317150410084,0.9998192749453514
1,14,2,0.1109772202505322,0.0970587559885456,1.1434024588413823,0.30464510876109324,0.9723653007063686
1,14,3,-0.10572475887152072,0.1303110888605634,-0.8113258802083829,0.4540518261384157,0.9823636982311391
1,14,4,-0.053985951342063854,0.11085495771764786,-0.4869962738074493,0.6435398898645536,0.996297741304507
1,14,5,-0.2826471782097,0.1674007604201455,-1.688446202386527,0.14229069660647664,0.9327221140485742
1,14,6,-0.2101326492965012,0.10664604213970788,-1.970374568793223,0.10587327422123967,0.9198620674939993
1,14,7,0.300848866107149,0.07619168853589876,3.94857853768986,0.016838074285335593,0.8007238270101881
1,14,8,-0.16808152120973735,0.15445983144027875,-1.088189205189164,0.32616060287325865,0.9762979841814754
1,14,9,0.03387050687182183,0.04192391289073713,0.8079042373570392,0.45584697682528735,0.9823636982311391
1,14,10,-0.21597623399824586,0.12250511333771563,-1.7629977077045835,0.13818858513155136,0.9327221140485742
1,14,11,-0.24215133932828156,0.16475023240059142,-1.469808787510654,0.20156463708312733,0.9327221140485742
1,14,12,-0.0504563156084564,0.15777283448967833,-0.31980356929847453,0.7599600383469357,0.996297741304507
1,14,13,-0.11024728758941102,0.11834673775655033,-0.9315616947149641,0.42028004575195926,0.9787437974965071
1,14,15,-0.06684459452432204,0.1838440725798454,-0.36359396082746775,0.7286288831866823,0.996297741304507
1,14,16,0.05507439751252295,0.17454294699397688,0.31553493544547473,0.7651005080576676,0.996297741304507
1,14,17,0.06848610129487247,0.13487859789277934,0.5077610708024054,0.6383392216917694,0.996297741304507
1,14,18,-0.028369331569501877,0.12678544170875536,-0.22375858921126454,0.8339088443304594,0.996297741304507
1,14,19,0.039006069042078165,0.17094905914641936,0.2281736397767533,0.8285490647467411,0.996297741304507
1,14,20,0.10299469925326443,0.18517351744789604,0.5562064201847263,0.6020417186243261,0.996297741304507
1,15,1,0.058986012551510716,0.15372885753811993,0.38370162567883737,0.7144279587001885,0.996297741304507
1,15,2,-0.10750448734098964,0.09227642962516806,-1.1650265162676292,0.29656252195004856,0.9723653007063686
1,15,3,-0.020627946188788708,0.24922729147506206,-0.08276760569285405,0.9372476794622657,0.9971125104614714
1,15,4,-0.09933890809305661,0.13039871509415918,-0.7618089489652063,0.47504328037751237,0.9844454813806669
1,15,5,-0.12387255035271537,0.18557998392269326,-0.6674887438488477,0.5292816436590223,0.9900419620498572
1,15,6,0.023613190298870025,0.18196016373908425,0.12977120823324606,0.9009886625568552,0.9970118974932134
1,15,7,0.1909812044900433,0.06633915182010576,2.8788611136460553,0.03463412247110463,0.8473514992757766
1,15,8,0.1374044899183499,0.15952316885188697,0.8613450378801399,0.4221303833442873,0.9787437974965071
1,15,9,-0.010652535005845792,0.08988687988391561,-0.11851045469021168,0.9095312869588653,0.9970118974932134
1,15,10,0.02902478189368729,0.0943564419364058,0.30760784635077437,0.7707814840803742,0.996297741304507
1,15,11,0.08349249297247921,0.059187304342951164,1.4106486838340357,0.21742569777808782,0.9434070688787312
1,15,12,0.051441959209708794,0.15057025114159597,0.3416475619808273,0.7442640412416742,0.996297741304507
1,15,13,0.10013967780681543,0.17014910726559088,0.5885407182884353,0.5877971096026184,0.9945980265218507
1,15,14,-0.041875823930911146,0.10232272412660881,-0.409252434275371,0.6965626967964611,0.996297741304507
1,15,16,0.08067800818035212,0.053384412568210804,1.5112652607304844,0.191117783036438,0.9327221140485742
1,15,17,-0.11162958813447924,0.12619228656608444,-0.8845991397036489,0.4168768714749296,0.9787437974965071
1,15,18,-0.04289115849554259,0.16431447721769646,-0.2610309159700886,0.8069570447949349,0.996297741304507
1,15,19,0.03464999183316316,0.06759688927598939,0.5125974316832703,0.6300668987770778,0.996297741304507
1,15,20,0.11498616039954189,0.13130195149018978,0.8757383960683732,0.4212436033598089,0.9787437974965071
1,16,1,0.006823053625198176,0.10483043736832348,0.06508657024066566,0.9506272291455314,0.9977648266713631
1,16,2,0.15321092052544594,0.08748706386711602,1.7512408549497849,0.15479171839747827,0.9327221140485742
1,16,3,-0.005141566470153124,0.1080116647700945,-0.0476019555947913,0.9638763277908289,0.9981155951445632
1,16,4,-0.04205665234628258,0.11921515692990449,-0.3527794068220541,0.7386383517517611,0.996297741304507
1,16,5,0.027029512527722576,0.12568613928429634,0.2150556352627555,0.8382205449292519,0.9967052234147373
1,16,6,0.0024802648506916697,0.09422746264164403,0.026322101658388383,0.9800186769879032,0.9999842973802364
1,16,7,0.08086668462546749,0.13681046277953726,0.5910855279774087,0.580170524824159,0.9926103925229551
1,16,8,-0.03817302894840398,0.10987889455410893,-0.3474100199402587,0.7424291904297273,0.996297741304507
1,16,9,-0.09417935206716631,0.09977456671467246,-0.9439214337612627,0.38855094689237485,0.9787437974965071
1,16,10,-0.0016173896024526291,0.10366954961950002,-0.015601395090201108,0.9881557886853438,0.9999842973802364
1,16,11,-0.043981547194465655,0.07960927392057118,-0.5524676338311417,0.6044152010356181,0.996297741304507
1,16,12,0.05516697986783363,0.0765802551472012,0.7203812492015371,0.5035510459325035,0.9870199575036301
1,16,13,-0.01439127729167011,0.10659388226650922,-0.13501034942656084,0.9011530164277818,0.9970118974932134
1,16,14,0.1423928800654086,0.048528356601085884,2.93422011449875,0.03247344121287625,0.8473514992757766
1,16,15,-0.058546422201848136,0.05816448618777869,-1.0065664813375956,0.36034188640091097,0.9787437974965071
1,16,17,-0.06344964662307713,0.11917098089759987,-0.5324253114696197,0.622632853180216,0.996297741304507
1,16,18,0.07237761817163403,0.0811182604065266,0.8922481548299873,0.4226853376018008,0.9787437974965071
1,16,19,-0.03891187808660988,0.05882732238620809,-0.6614592761929142,0.5444767450677812,0.9911432964108113
1,16,20,-0.009510790922482306,0.06844421624880206,-0.13895682416423039,0.8949076522235248,0.9970118974932134
1,17,1,0.1369933491622471,0.059793522643944115,2.291106847404159,0.07055171787043386,0.8921703470566514
1,17,2,-0.041003899405779726,0.10981328297577714,-0.37339653541230583,0.727800102503798,0.996297741304507
1,17,3,-0.031599875968278256,0.17893238297159822,-0.17660233124552682,0.8684018799359412,0.9970118974932134
1,17,4,-0.2106553344553496,0.18154496053665398,-1.1603480142411216,0.29829505671270956,0.9723653007063686
1,17,5,-0.11204074219082134,0.048935650482507725,-2.2895525263035235,0.07068886957750824,0.8921703470566514
1,17,6,-0.15996843406894162,0.12319621029542802,-1.2984850238821006,0.2507812353563942,0.9659348365379999
1,17,7,0.04758239005506887,0.20150032211151905,0.23614051608561976,0.8249224005454845,0.996297741304507
1,17,8,-0.09593133429076431,0.16032523861520565,-0.5983545393025075,0.5756749153386236,0.9921578326135176
1,17,9,0.09039699809042394,0.14341066685683396,0.6303366414161954,0.5561562634469893,0.9921578326135176
1,17,10,0.20370341671665676,0.09511719841645494,2.1416044638177145,0.0989093976459014,0.9122920172343513
1,17,11,-0.05186531559039986,0.09808928957484768,-0.5287561548735138,0.6249544175938493,0.996297741304507
1,17,12,-0.01462578013465564,0.1304453663303218,-0.11212188325269612,0.9150889475153293,0.9970118974932134
1,17,13,-0.2829216903284256,0.16299988831467882,-1.7357170808638622,0.15762523997138125,0.9327221140485742
1,17,14,-0.004225849606652153,0.14869898104884452,-0.02841882020183871,0.9784275358674748,0.9999842973802364
1,17,15,0.17739566186521638,0.06630710097472711,2.67536446707503,0.04406419513531136,0.8473514992757766
1,17,16,0.12357605946947259,0.06101714108955982,2.025267937186121,0.11281878948475439,0.9266880947092055
1,17,18,0.13719595363244036,0.11513181761929167,1.1916423840794115,0.31907965616102424,0.9738435620968914
1,17,19,-0.0721336365887847,0.06880291974542928,-1.0484095275989835,0.353617194205725,0.9787437974965071
1,17,20,-0.02114272722377918,0.14871308702810287,-0.1421712617642157,0.8938181935881084,0.9970118974932134
1,18,1,0.05332551099782119,0.04999024127554782,1.0667184161569163,0.364323965809642,0.9787437974965071
1,18,2,-0.020341110255896213,0.10257376899835756,-0.198307134994948,0.8554824995372211,0.9970118974932134
1,18,3,-0.07250511782858124,0.07748366154735362,-0.93574718049862,0.4023795883205464,0.9787437974965071
1,18,4,0.08814499082630105,0.06400117429905838,1.377240211453755,0.24048429677375063,0.9644752799369418
1,18,5,0.14060134832537502,0.23314398542733838,0.6030665902320339,0.5789889401501317,0.9921794690284107
1,18,6,0.011085085705202285,0.16038580892847237,0.06911512794798953,0.9482151763283697,0.9977648266713631
1,18,7,0.23481294279783782,0.12526707061792855,1.8744985544697192,0.13413148984960974,0.9327221140485742
1,18,8,-0.3207660271824771,0.07165810557008763,-4.476339761232799,0.020782662063173474,0.8394596075808679
1,18,9,0.13193156688486232,0.14300077851371423,0.922593347079485,0.4084319364320686,0.9787437974965071
1,18,10,0.13904393152183916,0.05216234458042651,2.6655997278801125,0.056062263721962075,0.8785014521379624
1,18,11,0.07668253501333472,0.05078024990606081,1.5100858139469748,0.20553625906011042,0.9327221140485742
1,18,12,0.14985634085494765,0.0955045295122794,1.5691019223764764,0.19170527565523532,0.9327221140485742
1,18,13,0.24512423733332142,0.06665374949992957,3.6775761179032074,0.034815903334032755,0.8473514992757766
1,18,14,-0.34133077073301094,0.13648942712834525,-2.5007854301384547,0.0667105302210313,0.8921703470566514
1,18,15,0.07150721115087845,0.09450574763634798,0.7566440448180669,0.4913830118002731,0.9869113698394234
1,18,16,-0.03783913895933169,0.08114908582755942,-0.4662916232879443,0.6652682769484235,0.996297741304507
1,18,17,-0.015185510659424003,0.0998849885277057,-0.1520299584863032,0.8888120533580322,0.9970118974932134
1,18,19,-0.4492047229073846,0.18627132060130516,-2.411561379684692,0.09488400049277763,0.9122920172343513
1,18,20,-0.06737898713129394,0.23113071014560863,-0.2915189724833828,0.7851473146633898,0.996297741304507
1,19,1,0.016049637291663057,0.14167090046388564,0.11328817166402565,0.9142102001690672,0.9970118974932134
1,19,2,-0.11437863409285873,0.12481989437145229,-0.9163493901986673,0.4113315560322465,0.9787437974965071
1,19,3,-0.12853990291008163,0.14026044317985914,-0.9164373075902489,0.4112906089736887,0.9787437974965071
1,19,4,0.2231455091622461,0.10956000390792126,2.0367424352024486,0.09727167230570741,0.9122920172343513
1,19,5,-0.1587140481653163,0.17903733506268607,-0.8864857606870629,0.4159516793863007,0.9787437974965071
1,19,6,-0.0007631425039100631,0.08505849564920952,-0.00897197273566151,0.9931884679175415,0.9999842973802364
1,19,7,0.0248054811278725,0.19192981399009496,0.1292424590638295,0.9034039982731008,0.9970118974932134
1,19,8,0.0430344100630139,0.25124429560363876,0.1712851229495511,0.8707157569852976,0.9970118974932134
1,19,9,-0.14040778309870564,0.054861839135661394,-2.5592977798091754,0.05068982605033636,0.8613675014085445
1,19,10,-0.2037632956158545,0.0839275341467767,-2.427847996309234,0.072148464207827,0.8921703470566514
1,19,11,-0.185958570905592,0.19356108631793392,-0.9607229141046711,0.39109642177894766,0.9787437974965071
1,19,12,-0.012540253267386389,0.09902186239829247,-0.1266412584406814,0.9041594832537725,0.9970118974932134
1,19,13,0.08370572919900547,0.10468691388926682,0.799581591322351,0.4824079149382163,0.9853788426768277
1,19,14,-0.09335107949788403,0.07959369980320698,-1.1728450835621276,0.2936869926636789,0.9723653007063686
1,19,15,0.041837674050262105,0.1142676424356695,0.3661375447861347,0.729244034266786,0.996297741304507
1,19,16,-0.0857941724200376,0.11296688321119229,-0.7594630389057065,0.48987149891945925,0.9869113698394234
1,19,17,0.14959979642997057,0.09318797273394976,1.6053551980948264,0.18368686870138617,0.9327221140485742
1,19,18,-0.030094447148058482,0.06378723077030689,-0.47179422564924584,0.6692667145831976,0.996297741304507
1,19,20,-0.11905497271046818,0.11121431404698501,-1.0705004452853093,0.34468956039409687,0.977783785791819
1,20,1,0.07714624238804124,0.09179554590306625,0.840413787273135,0.4390041988300962,0.9809403935722025
1,20,2,-0.1539320889450424,0.11523214698324435,-1.3358432778839873,0.25253857179538114,0.9659348365379999
1,20,3,-0.16201733906881324,0.11955496663783716,-1.3551702921573336,0.23336842083879314,0.9551865621300482
1,20,4,-0.04844140620613267,0.1277524189355945,-0.3791819098953805,0.7201220406550818,0.996297741304507
1,20,5,-0.07653859146359082,0.053028443527175714,-1.4433497642246167,0.22240467022941446,0.9453442358744686
1,20,6,-0.1229920421125631,0.10492746426267903,-1.1721625312843587,0.2939370371123695,0.9723653007063686
1,20,7,0.01598092290211689,0.11198416488894815,0.14270698824090047,0.8920940942344477,0.9970118974932134
1,20,8,0.10943882911226539,0.12697420477316418,0.8618981257406798,0.4281351656486404,0.9787437974965071
1,20,9,-0.06922883233721339,0.11923908961489466,-0.5805884006681071,0.5867008941548398,0.9945980265218507
1,20,10,-0.09868289317421754,0.20194280103015988,-0.4886675468019814,0.6457550653636882,0.996297741304507
1,20,11,-0.36288038093361225,0.14961043907575786,-2.4255017442160964,0.0597108545723092,0.8872441397771501
1,20,12,-0.026578700766226673,0.13206688928007304,-0.20125181194856656,0.8484327094474411,0.9970118974932134
1,20,13,-0.0042883058953888074,0.12395550539996712,-0.034595525882591,0.9745754107043794,0.9998192749453514
1,20,14,-0.05425230753301906,0.19113304592307917,-0.2838457749193662,0.7879070998237546,0.996297741304507
1,20,15,-0.15921334496970782,0.11008969890670375,-1.4462147371589054,0.20775316783068518,0.9327221140485742
1,20,16,0.07042032341110468,0.20758675289289785,0.3392332238420727,0.7482179857483652,0.996297741304507
1,20,17,-0.02015337022758331,0.2008943847941344,-0.10031823561487328,0.92491865416663,0.9971125104614714
1,20,18,-0.06751193115250985,0.052860370562933724,-1.2771747612108642,0.2706379159488734,0.9661099864778947
1,20,19,0.08697447487265861,0.15748242004797272,0.552280532935752,0.610162192484459,0.996297741304507
2,1,2,-0.07801377464172356,0.10368302925820308,-0.7524256881682392,0.48568804535097326,0.9853788426768277
2,1,3,-0.1332989485711878,0.0980415758919146,-1.3596165438709682,0.23205131510859392,0.9551865621300482
2,1,4,0.025650794068014304,0.10240323349333824,0.2504881261335611,0.8105666739208838,0.996297741304507
2,1,5,-0.01702280235079498,0.07777301918509509,-0.2188779930230413,0.8340005175234899,0.996297741304507
2,1,6,0.07675803246734306,0.10537578316019963,0.7284219406457146,0.49379224473775163,0.9870199575036301
2,1,7,0.0147267243741603,0.0803328434762892,0.18332133828082,0.8617479784674683,0.9970118974932134
2,1,8,-0.012202363053691594,0.1033121345714797,-0.11811161490551625,0.9098341052759501,0.9970118974932134
2,1,9,-0.05860567557011759,0.054064075964040906,-1.0840040178993051,0.31998840015542673,0.9738435620968914
2,1,10,-0.1367775295548663,0.08306624381956618,-1.6466078549347125,0.16055628155857138,0.9327221140485742
2,1,11,-0.19442925646141598,0.17366070066723902,-1.119592721400181,0.31376723807851464,0.9738435620968914
2,1,12,-0.09206366082959125,0.1241863154044079,-0.7413349895199659,0.48648169401375596,0.9854106808380985
2,1,13,0.07847889687045081,0.10841541897282679,0.7238720987592814,0.5092135019029332,0.9870199575036301
2,1,14,0.10776836289120735,0.0430755288486353,2.501846541858993,0.046412150203922906,0.8473514992757766
2,1,15,-0.13036192991658227,0.10374034689542332,-1.2566174474694838,0.25559911389062945,0.9659348365379999
2,1,16,0.10735646301628428,0.11397390830789131,0.9419389455815407,0.3894721043323045,0.9787437974965071
2,1,17,-0.18113769286643025,0.09145306740423054,-1.9806628471389065,0.10448952187026851,0.9180663567179747
2,1,18,-0.09995223274230791,0.10979171926731594,-0.9103804313150277,0.41411954126125394,0.9787437974965071
2,1,19,0.006041545387367406,0.046348891766849476,0.13034929546164908,0.9013719996484048,0.9970118974932134
2,1,20,-0.20581326894329183,0.09418084846035912,-2.185298521999764,0.08057279822402524,0.8921703470566514
2,2,1,0.10854185577593403,0.10444704681354665,1.0392046408804454,0.34632863516926626,0.977783785791819
2,2,3,-0.052391941479582115,0.09141550996391105,-0.5731187355372436,0.5972439097076269,0.996297741304507
2,2,4,0.08316299722227513,0.10592900072211776,0.7850824293117851,0.46795517484619004,0.9831823609235607
2,2,5,-0.04589042355588647,0.11542318929224366,-0.39758408892425817,0.7073428564501768,0.996297741304507
2,2,6,-0.07239004699462048,0.10686278346720289,-0.6774112057090502,0.5282159023358959,0.9900419620498572
2,2,7,0.043925891049712756,0.15652297432457654,0.2806354226207358,0.7929069188644787,0.996297741304507
2,2,8,0.1780867455271138,0.13671578459506126,1.3026055919825692,0.24947603632169676,0.9659348365379999
2,2,9,-0.030077071112710553,0.09599198885639827,-0.3133289712060431,0.7666797587608789,0.996297741304507
2,2,10,0.012982522640741144,0.04670985866040464,0.2779396686864378,0.7948334360521431,0.996297741304507
2,2,11,0.16151161179414708,0.1261547081792889,1.280266223305192,0.26965364145980425,0.9659348365379999
2,2,12,-0.18722837100727643,0.06460294122666359,-2.8981400451641273,0.03386398910579484,0.8473514992757766
2,2,13,-0.3124116926494106,0.3448739549353668,-0.9058720966825522,0.43178214978398616,0.9787437974965071
2,2,14,-0.04218493878210844,0.16330017127707017,-0.2583275844228923,0.8064505914080362,0.996297741304507
2,2,15,0.1252313493065876,0.14490533377557685,0.8642287074102897,0.4269686363239036,0.9787437974965071
2,2,16,-0.13113919439639404,0.1365264193225458,-0.9605407879746344,0.3911777141952139,0.9787437974965071
2,2,17,0.30744656346780624,0.2548586981142066,1.206341261810997,0.2941541883431332,0.9723653007063686
2,2,18,0.029933227429807932,0.11095755994623266,0.26977186091730093,0.8048280677604457,0.996297741304507
2,2,19,-0.12407776642908665,0.08875590038067822,-1.3979663988029338,0.23466410932417783,0.9551865621300482
2,2,20,-0.04228234336740061,0.12127587801018956,-0.34864594724681697,0.7449326823871294,0.996297741304507
2,3,1,0.34196447030222626,0.1277199275709465,2.6774558739832726,0.055374827694069435,0.8737966532283991
2,3,2,0.07117208535652354,0.20725264369396396,0.3434073702880006,0.7485823308301832,0.996297741304507
2,3,4,-0.14073087768008533,0.11207826313879714,-1.255648274139913,0.26472571018926455,0.9659348365379999
2,3,5,0.04730343203975699,0.09932438238674036,0.47625196253518975,0.6539783376861317,0.996297741304507
2,3,6,0.33838287783826304,0.11261953584288355,3.0046552341268673,0.029938726683464725,0.8442257097777721
2,3,7,0.16947401146303354,0.1472976818022739,1.1505545055989248,0.301950664056691,0.9723653007063686
2,3,8,0.10983129383347613,0.17878753600604666,0.6143118043147442,0.5658827243810548,0.9921578326135176
2,3,9,-0.13303005802251233,0.21195703584730333,-0.627627469359976,0.557793029861939,0.9921578326135176
2,3,10,0.06321720435042422,0.24907820397352526,0.2538046418420852,0.80975283891825,0.996297741304507
2,3,11,0.01096752175056788,0.15479106877514895,0.07085371163389638,0.9462608600633579,0.9976607232147003
2,3,12,0.12757154717630756,0.1269627568545442,1.0047950307305946,0.36111577313066945,0.9787437974965071
2,3,13,0.07992795898767868,0.14047684737034796,0.5689760304514138,0.6091820567704781,0.996297741304507
2,3,14,-0.1128519670247255,0.09578578833127174,-1.1781702587575185,0.2917426409923034,0.9723653007063686
2,3,15,-0.17483505524731,0.0744965858470254,-2.346886817121756,0.06581425981015125,0.8921703470566514
2,3,16,0.21057237195232253,0.11246366137957364,1.8723592080089937,0.12004911644720449,0.9272249539364997
2,3,17,-0.1234239421793373,0.15379135967753516,-0.8025414590086606,0.4672133533682346,0.9831823609235607
2,3,18,0.04284153446547273,0.13155824001229163,0.3256469109129489,0.7610146238416974,0.996297741304507
2,3,19,-0.04035528956079494,0.2082082586335945,-0.19382175243883326,0.8557602777586201,0.9970118974932134
2,3,20,-0.24717029459191847,0.09442153959470091,-2.6177320942897686,0.047226829225239235,0.8473514992757766
2,4,1,0.029355982892502398,0.08429911586029162,0.34823595232962634,0.7395558316258753,0.996297741304507
2,4,2,0.12728163740753978,0.1073109088795993,1.1861015691252892,0.28886789245584527,0.9710602551597926
2,4,3,0.031159847395277825,0.09244468363041972,0.3370647848124318,0.7497563210293444,0.996297741304507
2,4,5,0.08175442105028871,0.1404218937695214,0.5822056579289013,0.5816292439407781,0.9927843962825581
2,4,6,-0.058394903032648396,0.11313229362801996,-0.5161647586155658,0.6242027210333975,0.996297741304507
2,4,7,0.10895682949127618,0.06378497655027893,1.7081895358804755,0.14830278873757333,0.9327221140485742
2,4,8,-0.053006575549421626,0.15212252566299936,-0.34844659144366236,0.7394055067423664,0.996297741304507
2,4,9,0.09372763224454454,0.06349928986384953,1.476042211559095,0.1903892372174052,0.9327221140485742
2,4,10,0.09245154668822222,0.08435926076732128,1.0959264678969278,0.3230685655454802,0.97468787269659
2,4,11,0.003116597757223312,0.10081443752557646,0.030914200720523997,0.9765340102525452,0.9998192749453514
2,4,12,0.03520523880608903,0.08090138543189268,0.43516237228460825,0.6786615935121358,0.996297741304507
2,4,13,-0.02108057764086765,0.08455420719623115,-0.2493143551295454,0.8153967466570069,0.996297741304507
2,4,14,-0.020743705886416698,0.0799729359967492,-0.2593840732194766,0.8040091512064297,0.996297741304507
2,4,15,0.1310895263863811,0.08876804963048343,1.4767647473453949,0.19020228910369402,0.9327221140485742
2,4,16,-0.06104391625476778,0.07117227193681108,-0.8576923932975855,0.43024646866223853,0.9787437974965071
2,4,17,-0.02996343200134779,0.13591505939957724,-0.22045704231374183,0.834234222512085,0.996297741304507
2,4,18,-0.03168413440555381,0.14056148933541704,-0.22541120299118086,0.8327076106985284,0.996297741304507
2,4,19,-0.1404053107302272,0.1464444011332257,-0.9587618894459249,0.38171102615315505,0.9787437974965071
2,4,20,-0.19317365483475304,0.10839389954636415,-1.7821450805019081,0.13482193122342404,0.9327221140485742
2,5,1,0.2590741487346902,0.10405780936719224,2.489713653475031,0.04718051337263748,0.8473514992757766
2,5,2,-0.18916031796391172,0.21161719268436377,-0.8938797248159258,0.4123411575714666,0.9787437974965071
2,5,3,-0.029636381875728986,0.16380427996836125,-0.18092556483427855,0.8635311575837772,0.9970118974932134
2,5,4,0.008536197398085737,0.1386242406399785,0.06157795605310868,0.9528989200829966,0.9979015067966054
2,5,6,0.020223959366945023,0.11460917978536955,0.17646020506073157,0.866857185143931,0.9970118974932134
2,5,7,0.07548021688697643,0.042165453694599744,1.7900961633635477,0.13344847721160158,0.9327221140485742
2,5,8,0.06325741389175908,0.13927598972968896,0.45418750219673026,0.6656610450556361,0.996297741304507
2,5,9,-0.1261618352049117,0.0879146512898061,-1.4350490316749442,0.20127892771012987,0.9327221140485742
2,5,10,0.07278823647872129,0.15170154822689288,0.4798120871474267,0.6516145747695589,0.996297741304507
2,5,11,0.07504953015868736,0.07535520853952661,0.995943500286714,0.36500334621231967,0.9787437974965071
2,5,12,-0.017690102945115523,0.0627024829745949,-0.2821276304480777,0.7873245802432889,0.996297741304507
2,5,13,-0.04170211234099014,0.13465377908904932,-0.30969878916730564,0.7722532686200885,0.996297741304507
2,5,14,0.016667331282840037,0.09197448079762525,0.18121691080086166,0.8621639630835262,0.9970118974932134
2,5,15,0.08115716348825162,0.07193948362230138,1.128131026255582,0.30234490353090854,0.9723653007063686
2,5,16,-0.05190079881455298,0.0669850198380552,-0.7748120242295209,0.47348057012119,0.9844454813806669
2,5,17,-0.008934514421715988,0.15688158783773906,-0.05695068838097119,0.9567903008677824,0.9981155951445632
2,5,18,0.0659738757570724,0.07579887431030792,0.8703806798781206,0.43320950585536516,0.9787437974965071
2,5,19,0.021946023347535,0.05602028100916598,0.39175139702623885,0.7113817612502455,0.996297741304507
2,5,20,-0.19005187872443663,0.1772809353761125,-1.0720378833750945,0.3326969844143499,0.977783785791819
2,6,1,-0.03989620925559871,0.11000393343946681,-0.3626798425093608,0.7292773421971648,0.996297741304507
2,6,2,-0.12821152913359682,0.09070815642391641,-1.4134509418645695,0.2166483296252961,0.9425722664941841
2,6,3,-0.09361624937144603,0.06688497870187822,-1.3996603002195094,0.2204995179193154,0.944676581588624
2,6,4,-0.04149700168254445,0.11998537593806423,-0.34585049517717154,0.7412591174745549,0.996297741304507
2,6,5,0.08158646242936927,0.05441161314217792,1.4994310537106088,0.18442365670250527,0.9327221140485742
2,6,7,0.07045373873062132,0.08102803287570015,0.8694983233497761,0.42434006191933554,0.9787437974965071
2,6,8,0.006084451321798508,0.12256612076716897,0.04964219544246741,0.9620188082368729,0.9981155951445632
2,6,9,-0.007991326969279088,0.059848762770321966,-0.13352534955172593,0.898143863292042,0.9970118974932134
2,6,10,0.0014048429804861217,0.13549717300601652,0.010368061187618828,0.9921285984545809,0.9999842973802364
2,6,11,-0.07274741766703194,0.05148391315067468,-1.4130125939089693,0.2167697566960813,0.9425722664941841
2,6,12,0.012092186837929163,0.10398833849761499,0.11628406619930962,0.9112218795320555,0.9970118974932134
2,6,13,0.07368868335043838,0.05920558440104779,1.244623866053582,0.2812130886549328,0.9710602551597926
2,6,14,-0.055832945806848895,0.08012360354065888,-0.6968351813809712,0.5119861279523013,0.9870199575036301
2,6,15,0.09947175068093561,0.06521145761095481,1.52537229382065,0.1780114942073983,0.9327221140485742
2,6,16,0.16756353957610698,0.07710778041327551,2.173108066084142,0.08182141209190606,0.8921703470566514
2,6,17,0.03380921413296921,0.07446316115413754,0.45403946875866097,0.668829536813806,0.996297741304507
2,6,18,-0.1114698569915441,0.054808318292008724,-2.0338127580492293,0.1117269585957373,0.9266880947092055
2,6,19,-0.07803717859160808,0.07444945225304091,-1.0481900971591425,0.34255194279618045,0.977783785791819
2,6,20,-0.05283827917655778,0.117523610420711,-0.44959714041253257,0.671820681218355,0.996297741304507
2,7,1,-0.04016739091132485,0.11043023577681206,-0.3637354446307846,0.7309294449564325,0.996297741304507
2,7,2,0.07244708591715197,0.07683943594006279,0.942837294806799,0.39914878691472466,0.9787437974965071
2,7,3,-0.15250969401026968,0.04594820088098333,-3.3191657362599805,0.02102752317017225,0.8394596075808679
2,7,4,-0.020831725262350966,0.08955487379865036,-0.2326140876369846,0.8252829503846235,0.996297741304507
2,7,5,-0.13200701306714102,0.1440383307592379,-0.9164714168124882,0.4014618312932411,0.9787437974965071
2,7,6,0.06881725810949006,0.1357731401336683,0.5068547287131518,0.6338121158475635,0.996297741304507
2,7,8,-0.012051752134059011,0.09912548556561049,-0.12158076265826165,0.907966184071113,0.9970118974932134
2,7,9,0.09597924174582209,0.0983197712588606,0.9761947217324941,0.37380135437772394,0.9787437974965071
2,7,10,0.09628715459604015,0.11673754215458454,0.8248173879462984,0.4470249976155368,0.9809403935722025
2,7,11,0.14768642169517782,0.12878422852535537,1.1467741305369092,0.30337225699099474,0.9723653007063686
2,7,12,-0.21362039499984029,0.09124622209877963,-2.3411423518032555,0.06628594385157316,0.8921703470566514
2,7,13,0.28662846302462497,0.1547433547783086,1.852282855269668,0.1610590028099808,0.9327221140485742
2,7,14,-0.07332578306665509,0.06439708094456886,-1.1386507274861284,0.3064468933115552,0.9723653007063686
2,7,15,-0.008053861840960092,0.14779697330585315,-0.05449273865871951,0.9586529364787622,0.9981155951445632
2,7,16,0.1697633860165535,0.11987633925611456,1.416154239181759,0.2159009115661971,0.9425722664941841
2,7,17,-0.28696226042767214,0.1003173335129548,-2.860545135878774,0.045904221030155304,0.8473514992757766
2,7,18,0.08567164898439078,0.1588441381859898,0.5393441014709585,0.6182695692034306,0.996297741304507
2,7,19,0.0037429696510697225,0.10069679853653533,0.03717069167471603,0.9721300029080371,0.9998192749453514
2,7,20,0.146964856991663,0.0450212240697451,3.264346095093428,0.022337893277934014,0.8413471823780126
2,8,1,0.08086042819199284,0.10454869235099357,0.7734236208306909,0.4686379869618009,0.9833375761760593
2,8,2,0.05483917866629064,0.10028566100718472,0.5468297074076721,0.6080047990431681,0.996297741304507
2,8,3,-0.031002774439591842,0.16547335886940043,-0.1873581019399828,0.8587455239941783,0.9970118974932134
2,8,4,0.05486720245604759,0.10757183934856644,0.5100517271788076,0.6282290084184398,0.996297741304507
2,8,5,-0.05252209093823296,0.16913077205117216,-0.3105413065934054,0.7666539846571253,0.996297741304507
2,8,6,0.03782110690810999,0.09536412227901543,0.39659681234266236,0.7053858571325797,0.996297741304507
2,8,7,0.103296844776025,0.2758567195842923,0.3744583236229147,0.723419282525369,0.996297741304507
2,8,9,0.061329129923966066,0.12783070643165784,0.4797683720560107,0.6483801203732359,0.996297741304507
2,8,10,0.008305635832182814,0.0748517207111854,0.11096118770761548,0.9159636174533445,0.9970118974932134
2,8,11,-0.23820982041900804,0.11722419421317001,-2.032087505620178,0.09785045271978965,0.9122920172343513
2,8,12,-0.11302569259767571,0.09367165725080719,-1.2066157033374696,0.27299085322871147,0.9670747067692197
2,8,13,0.042505328572873265,0.18672094082574073,0.22764092974614006,0.8310877673837342,0.996297741304507
2,8,14,-0.02942429881836211,0.14308406628486195,-0.20564343453572584,0.843869224560514,0.9970118974932134
2,8,15,-0.07035202841197616,0.07487737481578961,-0.9395632336752443,0.3837089530382707,0.9787437974965071
2,8,16,0.17427191698527508,0.12709771430364813,1.3711648391060147,0.22866281878873743,0.9532557270404519
2,8,17,0.11546692385610902,0.0775411709934456,1.4891047217275077,0.19663539731545893,0.9327221140485742
2,8,18,0.060193517184593995,0.2348633714718393,0.2562916337576081,0.8103671134755871,0.996297741304507
2,8,19,-0.12894344208948824,0.17843949539951223,-0.7226171638743498,0.5022898591691373,0.9870199575036301
2,8,20,-0.08921664825479898,0.12446771991132312,-0.7167854309345788,0.5055839330240308,0.9870199575036301
2,9,1,-0.23532885094262015,0.13297000004527204,-1.7697890566347927,0.127161111703667,0.9327221140485742
2,9,2,-0.04904408923976168,0.11063355624512422,-0.443302112883855,0.6760711024044208,0.996297741304507
2,9,3,-0.30905878759699407,0.11485856120492853,-2.690777111885341,0.04325844531861676,0.8473514992757766
2,9,4,0.014805689561489593,0.12639073248491545,0.11714220869112764,0.9105701941418108,0.9970118974932134
2,9,5,-0.018485567806541134,0.12939920663460616,-0.14285688673963282,0.8910799267241892,0.9970118974932134
2,9,6,0.2280896287990609,0.13057143494538734,1.746857028052993,0.13125989321361844,0.9327221140485742
2,9,7,0.016611469707733934,0.1204416597085575,0.13792129523781174,0.8956848679200057,0.9970118974932134
2,9,8,0.05028390274272678,0.2208374662908797,0.22769643026182348,0.8274430338748517,0.996297741304507
2,9,10,-0.04503211525271447,0.10906009338735018,-0.4129110277978619,0.6967817360317292,0.996297741304507
2,9,11,0.11328011995451344,0.1733504057426944,0.6534747897965851,0.5423041970010228,0.9909681566538422
2,9,12,-0.37219054935298485,0.12261447256163635,-3.035453658725768,0.02293650077647405,0.8413471823780126
2,9,13,0.2678190969180394,0.15071394868906066,1.777002721020882,0.15020811090084404,0.9327221140485742
2,9,14,-0.0056330237650217925,0.11009498755539313,-0.05116512468050765,0.9608547844767267,0.9981155951445632
2,9,15,-0.13372355859574142,0.12052001764823181,-1.1095547545050808,0.30967069545786347,0.9723653007063686
2,9,16,0.007354890638962362,0.06377683555207384,0.11532228865199443,0.9126779152765832,0.9970118974932134
2,9,17,0.019485476897754348,0.09102140568527088,0.21407576328711234,0.8389442998348119,0.9967052234147373
2,9,18,0.06545524159831213,0.19002349378484373,0.34445867873622044,0.7478492546924673,0.996297741304507
2,9,19,-0.15194369419018872,0.16579317734169097,-0.9164653010788516,0.40146474538361815,0.9787437974965071
2,9,20,-0.14167619329584932,0.18817392588436624,-0.7529002364661144,0.4854269451020856,0.9853788426768277
2,10,1,0.05666548254842967,0.059629915332375036,0.9502861480119165,0.3856054516898962,0.9787437974965071
2,10,2,0.01384597118367145,0.150864911278101,0.09177727986102957,0.9312875621306544,0.9971125104614714
2,10,3,-0.0003414214759998462,0.10809275847036058,-0.003158597123694522,0.9976019555877121,0.9999842973802364
2,10,4,0.042012752545737414,0.10584048554207169,0.3969440647420345,0.7077855182178544,0.996297741304507
2,10,5,-0.01489093187227449,0.1695072392176912,-0.08784835350343255,0.9334071068279606,0.9971125104614714
2,10,6,-0.04877989599349044,0.09897975945947227,-0.49282698058051727,0.6430128161460443,0.996297741304507
2,10,7,-0.03410707656659447,0.09882352649372633,-0.34513114211133294,0.7440406133640837,0.996297741304507
2,10,8,0.03108404947933685,0.18608869681999207,0.16703889064921626,0.8738848273435584,0.9970118974932134
2,10,9,-0.025707909408024646,0.17194963698016288,-0.14950836686465904,0.8869959862353055,0.9970118974932134
2,10,11,-0.0015333167082409204,0.11175576365781513,-0.013720247243104715,0.9895837968780604,0.9999842973802364
2,10,12,-0.13829199534912112,0.0626373316958494,-2.2078206654527253,0.07831897926235078,0.8921703470566514
2,10,13,0.1751344084203833,0.1108886646174082,1.5793716068550248,0.21237234324455123,0.9367555476834529
2,10,14,-0.007625053850404867,0.10811651203959274,-0.07052626565997626,0.9465087175462146,0.9976607232147003
2,10,15,0.0363357396146109,0.12841893065063553,0.2829469100095495,0.7885576738828454,0.996297741304507
2,10,16,0.06523285269637012,0.14894218306668322,0.43797432905039807,0.6796791608461187,0.996297741304507
2,10,17,-0.06073633369065593,0.08419346870980741,-0.7213900866737846,0.5105832532276003,0.9870199575036301
2,10,18,0.09892298208757892,0.14909315075549878,0.6634978306222896,0.5432981881924109,0.9909681566538422
2,10,19,-0.025154493327452822,0.07523281456193871,-0.3343553404666115,0.7549075158621492,0.996297741304507
2,10,20,-0.04152185508127166,0.10626729491945772,-0.39073032876531993,0.7120899200374315,0.996297741304507
2,11,1,0.05794308929591336,0.18572717657974744,0.31197959481563436,0.7676464118657957,0.996297741304507
2,11,2,0.20301672322026088,0.08944017661193282,2.2698604912068694,0.08574085440677261,0.896144186594051
2,11,3,0.14103338702750026,0.1493346355643756,0.9444117668587256,0.38832338561572455,0.9787437974965071
2,11,4,0.10907572002728803,0.07486400961696803,1.456984745859897,0.20490603710631083,0.9327221140485742
2,11,5,-0.020562011146525002,0.22207607330046744,-0.09258994380097917,0.929824755633953,0.9971125104614714
2,11,6,0.08349938273786778,0.23811008632403508,0.3506755384729311,0.7401227080673535,0.996297741304507
2,11,7,0.1608654281435337,0.18206979839144583,0.8835371355593706,0.4173983798127021,0.9787437974965071
2,11,8,0.21622743903347377,0.1892262728659055,1.1426924800530203,0.3049137311225374,0.9723653007063686
2,11,9,0.05084202606414395,0.09606072628093996,0.5292696404868071,0.6192651840000974,0.996297741304507
2,11,10,0.14417603918149446,0.1275766153127479,1.1301133740452651,0.30970754422078056,0.9723653007063686
2,11,12,0.16633869312003569,0.21000337128257704,0.7920762990772231,0.46421964836977,0.9831823609235607
2,11,13,0.327075188133313,0.12410925806692913,2.6353810604064187,0.07796416090769537,0.8921703470566514
2,11,14,-0.05806083196642461,0.12006789933844124,-0.4835666509187617,0.6491267269074883,0.996297741304507
2,11,15,-0.18953361550509837,0.18461912184424897,-1.0266196351208343,0.36262404629088263,0.9787437974965071
2,11,16,0.12014744935067617,0.15078680973617306,0.7968034442806873,0.4617072701840731,0.9831823609235607
2,11,17,-0.27869262941054485,0.1311751793386459,-2.1245835592794484,0.10082046286679597,0.9122920172343513
2,11,18,-0.048314171590081105,0.1949902987440642,-0.2477773094406528,0.8165061981223413,0.996297741304507
2,11,19,-0.2716144960170528,0.23104493326502504,-1.1755916573349652,0.30495325045198096,0.9723653007063686
2,11,20,-0.18596800577439257,0.25277521217609594,-0.7357050723949238,0.494951936162553,0.9870199575036301
2,12,1,0.18035811649167674,0.1275422356416125,1.4141050263307302,0.20706160590706058,0.9327221140485742
2,12,2,-0.22944240428023957,0.12709387172358902,-1.8052987226436743,0.13086189702559134,0.9327221140485742
2,12,3,-0.08028511000227391,0.06300599098371862,-1.274245651048424,0.2585869429124563,0.9659348365379999
2,12,4,-0.06475131765397472,0.07774545492345857,-0.8328630621158547,0.43681215234980025,0.9809403935722025
2,12,5,-0.1525951004690549,0.08587254108341479,-1.7769952832658138,0.12589918307082368,0.9325865412653606
2,12,6,0.003328750691008296,0.08767434787544141,0.03796721357653519,0.970945549596138,0.9998192749453514
2,12,7,0.02049903020585396,0.05055578188823609,0.4054735074766679,0.7018970850179151,0.996297741304507
2,12,8,0.03081060403622072,0.18094502373708063,0.1702760507015618,0.8703896081208851,0.9970118974932134
2,12,9,0.013793167405446892,0.13327008636382814,0.10349784998028712,0.9215909560546105,0.9971125104614714
2,12,10,0.1163878987976698,0.1621441515535229,0.7178050992393208,0.505006885735079,0.9870199575036301
2,12,11,0.05962656750418516,0.1097910128409149,0.543091515059068,0.6103917848917791,0.996297741304507
2,12,13,0.1304225306588121,0.029679008765387795,4.394436879122419,0.011741942992412683,0.7296406661547277
2,12,14,0.07787625388544249,0.09523031560091454,0.817767466097496,0.4447431300086751,0.9809403935722025
2,12,15,0.05928432813933351,0.08047973681482087,0.7366367049013419,0.4891329703534876,0.9869113698394234
2,12,16,0.10333037364166009,0.10557699295327902,0.9787205597568794,0.37266649654819034,0.9787437974965071
2,12,17,-0.04272861308367689,0.10422067710246008,-0.4099821098001513,0.6987940173188177,0.996297741304507
2,12,18,0.038498478546935166,0.02879492063444612,1.3369885277455535,0.2521972499858965,0.9659348365379999
2,12,19,-0.06946069317062963,0.15722423222752258,-0.441793813753021,0.6770915526279124,0.996297741304507
2,12,20,-0.0892634857448369,0.08324154958067381,-1.072342912805276,0.33257251098693213,0.977783785791819
2,13,1,-0.15626196002668294,0.24620250793457982,-0.6346887419504667,0.5601193008881736,0.9921578326135176
2,13,2,0.0001458503037251605,0.3265157519006218,0.0004466868837896211,0.9996716381662406,0.9999842973802364
2,13,3,-0.06826581014627262,0.15947523502088606,-0.42806527381448256,0.6974747675379498,0.996297741304507
2,13,4,0.17152873545977182,0.20941662318209617,0.819078890933131,0.4587348863029646,0.9831823609235607
2,13,5,-0.01704027160315711,0.16054924486831315,-0.10613735129696726,0.9205832563422136,0.9971125104614714
2,13,6,-0.05933827404196252,0.08838297280293049,-0.6713767613768664,0.5387599914751003,0.9909681566538422
2,13,7,-0.15620366114862796,0.13861707462050715,-1.1268717189072186,0.341792691005092,0.977783785791819
2,13,8,-0.08756973303013169,0.020565179068470652,-4.258155629684276,0.023749894160457825,0.8413471823780126
2,13,9,-0.17253234973458156,0.13933452816890887,-1.238259834089295,0.2833262808259478,0.9710602551597926
2,13,10,-0.17501982338564004,0.24998487680507536,-0.7001216458442439,0.5342609263386582,0.9909681566538422
2,13,11,0.021415492783942138,0.1292828067758707,0.16564842083683373,0.878967430231903,0.9970118974932134
2,13,12,0.09733576265966247,0.14042156884534554,0.6931681753689196,0.5263486175963281,0.9900419620498572
2,13,14,0.08703368192866873,0.1279716729766587,0.680101149758846,0.5452217303214216,0.9915494497350573
2,13,15,0.06628202644324918,0.15460865879927496,0.4287083722061969,0.690213985771109,0.996297741304507
2,13,16,-0.15614502740174757,0.24997976499980787,-0.6246306672111759,0.57649467897428,0.9921578326135176
2,13,17,0.12677724266403412,0.19443585922456214,0.6520260366014159,0.5499537227451091,0.9921578326135176
2,13,18,-0.08185833074908355,0.1848624832640135,-0.4428066165904188,0.6878884411263072,0.996297741304507
2,13,19,-0.12962178167886682,0.18762385638257817,-0.6908598095002806,0.5610634533740557,0.9921578326135176
2,13,20,-0.07230836428270938,0.18597561027353174,-0.38880562981333894,0.7233728516846459,0.996297741304507
2,14,1,0.04127192745079922,0.15014332724853727,0.27488352767223234,0.7926259112984508,0.996297741304507
2,14,2,0.18059204604721826,0.07579073264339507,2.38277213778291,0.06294844673480161,0.8885715236277543
2,14,3,-0.150206499150168,0.1237902033715413,-1.2133956893028763,0.2791668744926777,0.9710602551597926
2,14,4,-0.04419488588525363,0.1115752554487161,-0.3960993475401098,0.705733715677977,0.996297741304507
2,14,5,-0.06199521772150206,0.20173584653311644,-0.3073088833075473,0.7689953364331175,0.996297741304507
2,14,6,-0.01720898584519913,0.14421183588990577,-0.11933129995111832,0.9096592237672331,0.9970118974932134
2,14,7,0.2484522580974874,0.11084758823349987,2.241386231804003,0.08848581395278836,0.9038873468295585
2,14,8,-0.057998600198864964,0.17258976421037855,-0.33604889875063176,0.7504774659405583,0.996297741304507
2,14,9,0.08126486196049929,0.027025169532816088,3.0070065558261936,0.029858013022471652,0.8442257097777721
2,14,10,-0.25770671904586423,0.10880786924406516,-2.368456627575695,0.0640751997576747,0.8918892273962046
2,14,11,-0.2834384952461161,0.15510155258968547,-1.8274381559165502,0.1271861421004764,0.9327221140485742
2,14,12,-0.2567773003228772,0.11969744034577773,-2.1452196436194693,0.07560354643433652,0.8921703470566514
2,14,13,0.08334246745386298,0.17408206954458316,0.47875388701097593,0.6648420372920569,0.996297741304507
2,14,15,-0.04505505877644485,0.18494598399110765,-0.24361198769456663,0.8156469262453429,0.996297741304507
2,14,16,0.008005234133255015,0.17905691959737993,0.0447077619296174,0.9660708313004482,0.9981155951445632
2,14,17,0.11561534289027806,0.1471228785300246,0.7858420392848527,0.47589868187025036,0.9844454813806669
2,14,18,-0.06175732305245671,0.12212251712380118,-0.505699722757473,0.6396625286608493,0.996297741304507
2,14,19,-0.013373591048007737,0.1744838599309821,-0.07664657953590136,0.9418771660885218,0.9976607232147003
2,14,20,0.07525579381857271,0.1909258208366962,0.3941624736161107,0.7097108761202348,0.996297741304507
2,15,1,-0.1453917178302345,0.14383785404591587,-1.0108028849124222,0.3511225367423265,0.9787437974965071
2,15,2,-0.20236390062111345,0.054638732028884855,-3.703671243879338,0.01394615781443839,0.7512456407908799
2,15,3,0.1656820807372779,0.24231315706819986,0.683751896682863,0.5245255232137985,0.9900419620498572
2,15,4,0.0021941174260228387,0.13655667636512378,0.01606744894801162,0.9877015387978854,0.9999842973802364
2,15,5,0.16439961049768986,0.18025757584440835,0.9120260811600034,0.3969184127584373,0.9787437974965071
2,15,6,0.33294587893639316,0.12135460012354526,2.743578558989057,0.03357609890533728,0.8473514992757766
2,15,7,0.07478472612752965,0.10466315102301968,0.7145277530423952,0.5068632240249543,0.9870199575036301
2,15,8,-0.07603193055300105,0.16622524363132668,-0.4574030327257389,0.6634761131173852,0.996297741304507
2,15,9,-0.008300433061135558,0.08992819998192385,-0.09230066945309366,0.9294638342380233,0.9971125104614714
2,15,10,-0.027145877546627076,0.0960045789928763,-0.28275607091989424,0.7886958232154534,0.996297741304507
2,15,11,0.052132762462081615,0.06716956106680733,0.7761367148052949,0.4727652379868519,0.9844454813806669
2,15,12,0.10858487720928496,0.1454212297338044,0.7466920573241226,0.4834706822445594,0.9853788426768277
2,15,13,0.05747088093472317,0.19941129657971507,0.2882027343494097,0.7875085391259372,0.996297741304507
2,15,14,-0.09741807308215719,0.0958148767418111,-1.0167322277484052,0.34851271885494767,0.9787437974965071
2,15,16,0.07388365937229821,0.05651415761297279,1.3073477955200188,0.24798168146865437,0.9659348365379999
2,15,17,0.027947715672249837,0.14296444977364536,0.19548716982651124,0.8527075690910829,0.9970118974932134
2,15,18,-0.17189586353431136,0.1392234682570209,-1.2346759184000442,0.2845229707998164,0.9710602551597926
2,15,19,0.06976541249871476,0.06317567032250927,1.1043082272251454,0.31974747456709285,0.9738435620968914
2,15,20,0.020773751459886445,0.14296745773830122,0.1453040558206402,0.8901466976437962,0.9970118974932134
2,16,1,-0.04765625945730491,0.10439973904768068,-0.4564787219926212,0.6671900698424099,0.996297741304507
2,16,2,0.10577735743493853,0.10191123315389745,1.037936193688922,0.3579213172172717,0.9787437974965071
2,16,3,-0.12164411649198853,0.09533550590830764,-1.2759581577896926,0.25802824821876763,0.9659348365379999
2,16,4,-0.09121254719327411,0.11563706854669534,-0.788782942518582,0.46597593828763295,0.9831823609235607
2,16,5,-0.10051473905780815,0.1201531376567405,-0.8365552578753884,0.44097831497403567,0.9809403935722025
2,16,6,0.009471817298590535,0.0956480797700183,0.09902778311144442,0.9249638927377584,0.9971125104614714
2,16,7,0.20807381676137046,0.10959932376181762,1.898495443381203,0.1160872306460171,0.9266880947092055
2,16,8,-0.047702698129806625,0.1109439629550983,-0.4299711030575236,0.685117354133876,0.996297741304507
2,16,9,-0.08051656607586986,0.103974434166134,-0.7743881149325927,0.47370964712825414,0.9844454813806669
2,16,10,-0.009430276295784887,0.10524646892334344,-0.08960183075181223,0.9320821118295637,0.9971125104614714
2,16,11,0.0067949027361327834,0.08325981903464819,0.08161082758567496,0.9381223708691447,0.9971125104614714
2,16,12,0.07760105019855063,0.07401110364948232,1.0485055129703487,0.34242000344275725,0.977783785791819
2,16,13,0.05540830120238779,0.11288648051872084,0.4908320371694834,0.6572065719169631,0.996297741304507
2,16,14,0.0819904344137887,0.07261157361966317,1.1291648194008643,0.3100716854771803,0.9723653007063686
2,16,15,-0.08865867669011969,0.05126225323536873,-1.729511894089344,0.1442821853975745,0.9327221140485742
2,16,17,-0.008761714249166599,0.13199958434929623,-0.06637683211119093,0.950263018226119,0.9977648266713631
2,16,18,0.12446254309667984,0.06179902085930819,2.0139889170415435,0.1142779591076097,0.9266880947092055
2,16,19,-0.040108851780864416,0.057798648502881154,-0.6939409972219528,0.5259122535900681,0.9900419620498572
2,16,20,-0.028964023796011328,0.06845888505871423,-0.4230864082981639,0.6898128777117422,0.996297741304507
2,17,1,0.16100199040176724,0.05487447851468615,2.9340049282790726,0.03248154350919147,0.8473514992757766
2,17,2,0.04607941403003096,0.12478572821160161,0.36926830247385284,0.7306447495188477,0.996297741304507
2,17,3,-0.015023479826790488,0.192228178196605,-0.07815440986673028,0.9414586631792233,0.9976607232147003
2,17,4,-0.2548102341459624,0.18383723496194104,-1.3860643312946286,0.22435960329033874,0.9494058936562219
2,17,5,-0.06184930906606948,0.06870557237897525,-0.9002080460666669,0.4092705389395759,0.9787437974965071
2,17,6,-0.3045644414825255,0.0643731651173595,-4.731232974525008,0.005190410466072806,0.7168717760835697
2,17,7,0.08450560347433425,0.21315003805216812,0.39646065394206115,0.7120058880835102,0.996297741304507
2,17,8,-0.05374131050827529,0.17385367905177274,-0.3091180514618979,0.7696979195830163,0.996297741304507
2,17,9,0.2538409586124766,0.10926945874729284,2.3230732678671973,0.06779351619182349,0.8921703470566514
2,17,10,0.2379155081568082,0.09013375968954793,2.639582648872437,0.0576055132472986,0.8826836026958972
2,17,11,-0.08271336225611003,0.10048072733330135,-0.8231763886513386,0.45665303367067994,0.9823636982311391
2,17,12,0.009662798894511803,0.13805001733546754,0.06999491257549637,0.9469109353938109,0.9976607232147003
2,17,13,-0.04357078675275572,0.24419008255012492,-0.1784297965648687,0.8670579072720825,0.9970118974932134
2,17,14,-0.18229402348574114,0.13447856478786688,-1.3555619348849026,0.23325212507411783,0.9551865621300482
2,17,15,0.08487830695418559,0.10253816570644134,0.8277728235977782,0.44549666951924494,0.9809403935722025
2,17,16,0.08162104852926695,0.08356738136645153,0.9767094193172522,0.3840169926200405,0.9787437974965071
2,17,18,0.16354320384521842,0.12084714726710911,1.3533062843625483,0.2689004133835704,0.9659348365379999
2,17,19,-0.1604108499311693,0.036793264023515355,-4.359788515209946,0.012064132593820604,0.7296406661547277
2,17,20,-0.026356599503678756,0.15912275573239587,-0.16563689701200396,0.8764773046983281,0.9970118974932134
2,18,1,0.034874073525778725,0.05059318168614881,0.6893038224286475,0.5401618209319301,0.9909681566538422
2,18,2,-0.024475403579373552,0.0947080102534596,-0.25843013187177644,0.812790812990467,0.996297741304507
2,18,3,-0.07011166568864398,0.07684692330206991,-0.9123548826039094,0.4131955730934237,0.9787437974965071
2,18,4,0.09652877366978033,0.059645450177603296,1.6183761440433932,0.18089233837294844,0.9327221140485742
2,18,5,0.18532081507913611,0.22186613355399254,0.8352821230969972,0.4505461282259692,0.9811902082295157
2,18,6,-0.09489801883403283,0.15118450103249195,-0.6276967426244972,0.5642552424060212,0.9921578326135176
2,18,7,0.17406629167225096,0.1454709804913986,1.1965705536806124,0.2975460943643097,0.9723653007063686
2,18,8,-0.25275062876813276,0.11236352857966235,-2.249400957417342,0.10999908595067326,0.9266880947092055
2,18,9,0.10197529598230272,0.14689699554022764,0.6941959269254262,0.5257683680305537,0.9900419620498572
2,18,10,0.09029886771136324,0.07298089045823822,1.2372946828018982,0.2836480786174768,0.9710602551597926
2,18,11,0.061458407740751085,0.05479801728703993,1.1215443693464586,0.32483269191124836,0.97468787269659
2,18,12,0.07842013630766335,0.11326169952647591,0.6923800069646631,0.5267939156013819,0.9900419620498572
2,18,13,0.28566528656859763,0.04763743231344067,5.99665583743064,0.009287276093140272,0.7296406661547277
2,18,14,-0.18276228010695225,0.19546699234194473,-0.9350032858043766,0.40271984170386493,0.9787437974965071
2,18,15,0.0405717062624344,0.09768308278720145,0.41534015004832353,0.6992055228910539,0.996297741304507
2,18,16,-0.072871280318745,0.07376563015804133,-0.9878757920407094,0.37913779748682536,0.9787437974965071
2,18,17,0.038739457954684496,0.10773879106197255,0.3595683372021648,0.7429906844542483,0.996297741304507
2,18,19,-0.24091490450255185,0.2614568565764238,-0.9214327275873564,0.4247814080163545,0.9787437974965071
2,18,20,0.029127987249466237,0.23016402758467033,0.1265531697329392,0.9054004904388674,0.9970118974932134
2,19,1,0.018124899350707997,0.14389427387879727,0.12595983746961822,0.9046719070390735,0.9970118974932134
2,19,2,0.08951616992110284,0.13664403395543714,0.6551048540446418,0.5481619411693059,0.9920487807726447
2,19,3,-0.09800510368194523,0.14423988820792455,-0.679459093451248,0.5341325763847529,0.9909681566538422
2,19,4,0.07136566031694165,0.14714626813934234,0.4849980989587577,0.6481795818610697,0.996297741304507
2,19,5,-0.032664754711631265,0.195129519282158,-0.16740037505156002,0.8736149369909293,0.9970118974932134
2,19,6,-0.05789686633484641,0.0824502515682912,-0.7022036347116525,0.5138861613274899,0.9870199575036301
2,19,7,-0.06511957322795388,0.18708996643779052,-0.34806555619998353,0.7453366371560667,0.996297741304507
2,19,8,0.12357543531544982,0.2499762141707853,0.49434877524198345,0.642011124564537,0.996297741304507
2,19,9,-0.01592309192654391,0.08441718991217859,-0.18862380923743727,0.8578046736231352,0.9970118974932134
2,19,10,-0.0940542193966516,0.1215524516433808,-0.7737747624525152,0.48225221491013814,0.9853788426768277
2,19,11,0.05706153559492303,0.2100955249400559,0.27159805336611587,0.7993724202169753,0.996297741304507
2,19,12,0.054992915986199126,0.0977202757174233,0.5627585020805591,0.5978957289696843,0.996297741304507
2,19,13,0.19036510167499895,0.1092564377499879,1.7423696543069624,0.1798050073171776,0.9327221140485742
2,19,14,-0.0008140002002783309,0.0913153405901203,-0.008914167050234777,0.9932323526613943,0.9999842973802364
2,19,15,0.00970359918522667,0.11756202583883972,0.08254025154726696,0.9374195841699248,0.9971125104614714
2,19,16,-0.1813237589092958,0.07756126720330339,-2.337813259699234,0.07956849950372857,0.8921703470566514
2,19,17,0.013624308968946243,0.13556600093944993,0.10049945321416534,0.9247835936217075,0.9971125104614714
2,19,18,-0.0026870362445406497,0.06129712555480766,-0.04383625202937536,0.9677894961196616,0.9985828574077232
2,19,20,0.014100811855216675,0.12435114708038202,0.1133951088202536,0.915180727880255,0.9970118974932134
2,20,1,0.10294260835737606,0.08836012619706742,1.165034646132359,0.2965595190572075,0.9723653007063686
2,20,2,-0.17482878957085168,0.10525762382723076,-1.6609608236658815,0.17205777238690834,0.9327221140485742
2,20,3,-0.1780505165478139,0.11761524600037036,-1.5138387462603222,0.19048681990402816,0.9327221140485742
2,20,4,0.0022252508944639727,0.13164580161934678,0.016903318351779814,0.9871675078440536,0.9999842973802364
2,20,5,-0.07887508543009591,0.05112668594751046,-1.542738082212698,0.1977621475683377,0.9327221140485742
2,20,6,-0.17780777963753452,0.09035932650494577,-1.9677855791215366,0.10622448284492551,0.9198620674939993
2,20,7,-0.014293391829622096,0.1138281578798365,-0.12556991253943903,0.9049651515339094,0.9970118974932134
2,20,8,0.13212785661714047,0.12499446105541817,1.0570696933322712,0.33885396504190557,0.977783785791819
2,20,9,-0.10291583247215251,0.11639466176596508,-0.8841971866218515,0.4170741950108156,0.9787437974965071
2,20,10,-0.23193752192248515,0.18261406248525333,-1.2700967207273248,0.2599450918538046,0.9659348365379999
2,20,11,-0.36751060690355086,0.15257297525493627,-2.408752967470573,0.06095788602721313,0.8872441397771501
2,20,12,0.09519656074105796,0.12781887096178327,0.7447770428888871,0.4899102484738759,0.9869113698394234
2,20,13,0.06112923829028934,0.1313995223462687,0.4652165943855882,0.6734651242561019,0.996297741304507
2,20,14,-0.034545772997244546,0.19513907289570356,-0.1770315523407825,0.8664314405405608,0.9970118974932134
2,20,15,-0.08907885899860159,0.1271102350648445,-0.7008000492836611,0.5146902357549487,0.9870199575036301
2,20,16,-0.01749432599866861,0.21317814424340506,-0.0820643507366856,0.9377794299607689,0.9971125104614714
2,20,17,0.03599836448760985,0.2146668858534751,0.16769407328158437,0.8749608864233959,0.9970118974932134
2,20,18,-0.08643524148199168,0.044353429499560726,-1.948783723272153,0.12312896898283338,0.9272249539364997
2,20,19,0.197037388594081,0.12773500521375053,1.5425480921444983,0.1978065016285904,0.9327221140485742
3,1,2,-0.09579732104476697,0.10065771216879753,-0.9517136737935027,0.38494729342850065,0.9787437974965071
3,1,3,-0.09611664600566294,0.10638698516985665,-0.9034624475099128,0.40769845663326154,0.9787437974965071
3,1,4,-0.14419214110458822,0.08444438313602341,-1.7075397527697642,0.13858933038542331,0.9327221140485742
3,1,5,-0.08988744525293396,0.06892251454201552,-1.3041811641511414,0.23996569704020626,0.9639214046012513
3,1,6,0.053334087985711404,0.10775868462042287,0.49494004286600546,0.638242291297972,0.996297741304507
3,1,7,0.062185110989882414,0.0756527819540014,0.8219804927579581,0.4484957319806343,0.9809403935722025
3,1,8,0.14273622053858614,0.08545530206755982,1.6703026855381131,0.1458964322101426,0.9327221140485742
3,1,9,0.02425704933510033,0.0582863143251454,0.4161705816457738,0.6917613339290292,0.996297741304507
3,1,10,0.04464918056697291,0.10120726019143908,0.44116578674371154,0.6775166804217911,0.996297741304507
3,1,11,-0.02054993353257933,0.19399517044562092,-0.10593012952471301,0.9197564332515616,0.9971125104614714
3,1,12,-0.08829205102009577,0.12464193848403599,-0.7083655155980726,0.5052936696423604,0.9870199575036301
3,1,13,-0.11387182595215052,0.10025935965352596,-1.1357725238275054,0.3194865721327055,0.9738435620968914
3,1,14,-0.09705370411963044,0.047130325818323285,-2.05926232064873,0.08514333862933517,0.896144186594051
3,1,15,0.14424897825359026,0.10063036527167778,1.4334537876586184,0.20171409964587061,0.9327221140485742
3,1,16,0.0897574438640409,0.11697800673394844,0.7673018746798743,0.47755091999266763,0.9844454813806669
3,1,17,0.1193342169820823,0.10989861338748563,1.0858573489025045,0.32709745029947074,0.9775621794242932
3,1,18,0.01624446058212179,0.12035723161619832,0.13496871242259909,0.8991558039460218,0.9970118974932134
3,1,19,0.013114824021980227,0.04605561963890128,0.2847605596129667,0.7872452046935233,0.996297741304507
3,1,20,-0.02403400613127569,0.13124909851573927,-0.1831174949229113,0.8618996633359821,0.9970118974932134
3,2,1,-0.16580476571546646,0.08813176732788124,-1.8813280470903635,0.11867410912478321,0.9269509037495914
3,2,3,-0.04177461200086966,0.09277254331431314,-0.45029068416166074,0.6758276943141616,0.996297741304507
3,2,4,0.03869487073017255,0.11092660371263469,0.34883309715373817,0.7414236721253954,0.996297741304507
3,2,5,-0.1420470198209441,0.09853033874507135,-1.4416576825846734,0.20896920774645517,0.933394762406013
3,2,6,0.1575832850000595,0.08660958335457437,1.819467071595341,0.12849726553667512,0.9327221140485742
3,2,7,-0.019405396986113946,0.15775826478981278,-0.12300716549998487,0.9080342867732523,0.9970118974932134
3,2,8,-0.030028675672162962,0.15765100466348503,-0.19047563785635485,0.8564286187040103,0.9970118974932134
3,2,9,-0.09053630668028813,0.08806828827954624,-1.0280239169845096,0.3510768571949495,0.9787437974965071
3,2,10,-0.022244156419785586,0.04582844908893761,-0.48537877369866433,0.6527939807239427,0.996297741304507
3,2,11,-0.12290708398430084,0.13660151082073127,-0.8997490821657014,0.4191242138333339,0.9787437974965071
3,2,12,0.02980143874943327,0.10491333302700938,0.2840576873244222,0.787753751898853,0.996297741304507
3,2,13,0.05724816033472444,0.3877876773960392,0.1476275902292545,0.892000359824666,0.9970118974932134
3,2,14,0.1573582121108627,0.1485615642330985,1.059212138227777,0.33796680654900413,0.977783785791819
3,2,15,-0.2045196317743648,0.12557260039601273,-1.6286963169334046,0.16430608227783208,0.9327221140485742
3,2,16,0.010679216960634046,0.15136156655851027,0.07055435011261817,0.9471390429358534,0.9976607232147003
3,2,17,-0.20177376006838946,0.28001007265538724,-0.7205946491646212,0.5110228070448155,0.9870199575036301
3,2,18,-0.035522945922631055,0.11040661022633241,-0.3217465498622558,0.7687598353917198,0.996297741304507
3,2,19,0.07858936741095789,0.09423069419457186,0.834010277456398,0.45118465452552925,0.9813976457910768
3,2,20,0.10260667468074602,0.11190511742115265,0.9169077969300632,0.4110715389803823,0.9787437974965071
3,3,1,-0.1611697997573007,0.21153437457549557,-0.761908319061487,0.4885632271633957,0.9869113698394234
3,3,2,0.07371286668228079,0.20703050034477125,0.35604834340432695,0.7397893229327046,0.996297741304507
3,3,4,-0.08556750953670314,0.12271191187927977,-0.697304020657624,0.5166967697713571,0.9870199575036301
3,3,5,-0.003379483375221976,0.10154098527923944,-0.03328196359228795,0.9747374842945736,0.9998192749453514
3,3,6,0.030470281803291012,0.18814373931027595,0.1619521431583711,0.8776847225699387,0.9970118974932134
3,3,7,0.20504031040764664,0.137958651045107,1.4862446744214712,0.19735861272881877,0.9327221140485742
3,3,8,-0.05059585617132143,0.18402602402866475,-0.2749385932674688,0.7943624410776988,0.996297741304507
3,3,9,0.10614210030974883,0.2149696611641668,0.4937538615190777,0.6424026123869196,0.996297741304507
3,3,10,0.09550274362743258,0.24701230712614355,0.38663151945006075,0.7149359418928591,0.996297741304507
3,3,11,-0.02308283656138228,0.15452433080417735,-0.14937994839456625,0.8870921883677678,0.9970118974932134
3,3,12,-0.2718416675094652,0.06778541966405578,-4.010326540024401,0.010218216443182864,0.7296406661547277
3,3,13,-0.0072231621808098645,0.14780340376931095,-0.04887006656514341,0.9640944128629191,0.9981155951445632
3,3,14,-0.04219279403041413,0.10661136977309012,-0.39576261068421514,0.7086029942764354,0.996297741304507
3,3,15,0.05235226830781686,0.1054279308918395,0.4965692474893534,0.6405510886572839,0.996297741304507
3,3,16,-0.07427186542816262,0.1428739230860168,-0.5198419965197403,0.6253601229225683,0.996297741304507
3,3,17,-0.08765628638337822,0.159810023313952,-0.5485030573497013,0.6125226803293811,0.996297741304507
3,3,18,-0.022783592817332873,0.1328030374598198,-0.17155927494545897,0.872113469710063,0.9970118974932134
3,3,19,0.16528062903274054,0.20590804201819754,0.8026914704833668,0.4671358964829539,0.9831823609235607
3,3,20,-0.0013627297915868284,0.14537429841161,-0.00937393890437942,0.9928833052332146,0.9999842973802364
3,4,1,-0.03305514161236975,0.08407058240305412,-0.3931832118576561,0.7077744254619804,0.996297741304507
3,4,2,-0.20742463395717717,0.07842677128596308,-2.644819244161049,0.04571034442040642,0.8473514992757766
3,4,3,-0.0635782254532518,0.08906047720010762,-0.7138769906844951,0.507232389761561,0.9870199575036301
3,4,5,-0.11355250477666011,0.13668666328451543,-0.8307504334893892,0.43791586131140203,0.9809403935722025
3,4,6,0.14238553234400614,0.09994149959561806,1.424688772118688,0.20412061575748439,0.9327221140485742
3,4,7,-0.11280390226366933,0.062433142631903006,-1.8067951973351466,0.13061006069249398,0.9327221140485742
3,4,8,0.04573305686387327,0.15251544263117622,0.2998585328448895,0.7744020132479362,0.996297741304507
3,4,9,-0.12146167461461198,0.055113352171172046,-2.2038520581214196,0.06973120036029669,0.8921703470566514
3,4,10,-0.16214017706063324,0.05973319990396564,-2.714406348874581,0.042054510846939244,0.8473514992757766
3,4,11,-0.025225938220209344,0.10019093700578142,-0.25177864359629576,0.8112335030620864,0.996297741304507
3,4,12,0.014647725817966355,0.08195024705733897,0.17873925148192524,0.8640251201234942,0.9970118974932134
3,4,13,-0.04090148154264079,0.08271806843069779,-0.4944685280751458,0.6469009156760747,0.996297741304507
3,4,14,0.03438297669359966,0.07918557865254507,0.434207557464889,0.6793173075800997,0.996297741304507
3,4,15,-0.1651062731765,0.07874323494452551,-2.096767719674209,0.0808381649002177,0.8921703470566514
3,4,16,0.04598630130362528,0.07340174557511317,0.6265014672701518,0.5584742243034917,0.9921578326135176
3,4,17,0.0796424423652295,0.13184794688530688,0.6040476491750422,0.5721691882128642,0.9921578326135176
3,4,18,0.16704095251400145,0.1141614357970836,1.463199471399829,0.21724628236804647,0.9434070688787312
3,4,19,0.16141127691022464,0.1420491915385709,1.1363054950246585,0.3073396010991091,0.9723653007063686
3,4,20,0.14407561576926478,0.12272283011506854,1.1739919592222672,0.2932672731648318,0.9723653007063686
3,5,1,0.01100063614817911,0.1483051846074693,0.07417566808079679,0.9432817510339456,0.9976607232147003
3,5,2,-0.20813819233561365,0.2080237005639151,-1.0005503784923913,0.3629757201183323,0.9787437974965071
3,5,3,0.004329036871742258,0.1643281991930865,0.026343846600724155,0.9800021748035166,0.9999842973802364
3,5,4,-0.2229829664184045,0.10460365187325898,-2.1316938980911093,0.0770289214506702,0.8921703470566514
3,5,6,-0.012880664293824833,0.11482109342381427,-0.11218029640398076,0.9150449324748248,0.9970118974932134
3,5,7,-0.033612396865808754,0.05187889232548733,-0.6479012052585321,0.5456200444916199,0.9916306595457345
3,5,8,0.08134698391702531,0.13770195865889923,0.5907467454253046,0.576250172905223,0.9921578326135176
3,5,9,0.2186462106897535,0.04913342155419337,4.450050571872757,0.004328911789971744,0.7168717760835697
3,5,10,0.2397240256490411,0.11215820751820323,2.1373739020213622,0.0856013372229634,0.896144186594051
3,5,11,-0.07339206640070452,0.07568100664850068,-0.9697554201492473,0.3767073103129789,0.9787437974965071
3,5,12,-0.04481804869938292,0.060406802155696424,-0.7419371179941627,0.4861426203501796,0.9854106808380985
3,5,13,0.18548900888814612,0.09982416371706278,1.8581574037727964,0.13669175927572974,0.9327221140485742
3,5,14,-0.11799980965745918,0.07864442718215085,-1.5004217575729257,0.18417485648292858,0.9327221140485742
3,5,15,-0.050321333032791536,0.07649181268859422,-0.6578656102319973,0.5350343612335279,0.9909681566538422
3,5,16,0.10862210027363392,0.05163312243755277,2.1037290627329823,0.08932958659621637,0.9042343601680186
3,5,17,-0.25708124418717515,0.10681593743218008,-2.4067685999385175,0.06110749207745532,0.8872441397771501
3,5,18,0.08534242192081942,0.07080095460150573,1.2053851872471653,0.29448447730527716,0.9723653007063686
3,5,19,-0.08537448672083583,0.042152542935519316,-2.0253697825397556,0.09869208346264159,0.9122920172343513
3,5,20,-0.25075496700727967,0.16148332010892827,-1.5528227115752917,0.18117279671844488,0.9327221140485742
3,6,1,0.016063668617352325,0.11100965295598268,0.14470515121398633,0.8896820739458189,0.9970118974932134
3,6,2,-0.026634871765150128,0.10664767040864755,-0.2497464001120899,0.8127196308346898,0.996297741304507
3,6,3,-0.024471510619904095,0.07814492842675103,-0.31315545502775977,0.7668040336840399,0.996297741304507
3,6,4,-0.03797041034406126,0.12017985946137584,-0.31594653641568354,0.7627448345310206,0.996297741304507
3,6,5,-0.06732469632947814,0.05757238629801415,-1.1693921453909057,0.2865942853952626,0.9710602551597926
3,6,7,0.05211813559191773,0.08375576374444073,0.6222632719381631,0.561042986122958,0.9921578326135176
3,6,8,-0.041983886875912674,0.12138718874614363,-0.3458675277781371,0.7412469499905164,0.996297741304507
3,6,9,-0.014004218537034034,0.0596643243498248,-0.23471678745056368,0.8222334708879038,0.996297741304507
3,6,10,0.014021822562782369,0.13535344955997947,0.10359412787972762,0.9215183288035053,0.9971125104614714
3,6,11,-0.004189239494803643,0.06087298845334905,-0.06881934994772455,0.947800863472254,0.9977648266713631
3,6,12,-0.020150084655127607,0.10377992928297995,-0.194161672629296,0.8524562249333504,0.9970118974932134
3,6,13,-0.046575431257768835,0.06573042703754556,-0.7085825143119201,0.517694502031951,0.9873220114034699
3,6,14,-0.020313878383676973,0.08288889677205245,-0.24507357649234757,0.8145662380615363,0.996297741304507
3,6,15,0.02300341581681195,0.07624595865438945,0.3017001323411907,0.7730642699988053,0.996297741304507
3,6,16,-0.11463085809979814,0.09451492492499487,-1.2128334037143238,0.2793637475934055,0.9710602551597926
3,6,17,-0.02697594963940568,0.07501889488212488,-0.3595887366967036,0.733842991102604,0.996297741304507
3,6,18,0.1299041512108433,0.04349208988970926,2.9868454594221125,0.04046404019294723,0.8473514992757766
3,6,19,0.10746222044141143,0.06671623059530433,1.6107357906902517,0.16815325039634738,0.9327221140485742
3,6,20,-0.1367976822717932,0.10308954641766604,-1.326979184836376,0.241883024110527,0.9655449183178495
3,7,1,-0.0320884249418158,0.11095759293170356,-0.2891953952288567,0.7840392624989975,0.996297741304507
3,7,2,-0.02970323018996217,0.083641338518279,-0.35512619376739996,0.7404291655795057,0.996297741304507
3,7,3,0.1050720622747447,0.06749111692279844,1.5568280251366622,0.18024138590790548,0.9327221140485742
3,7,4,-0.03185071173244066,0.08890429690965898,-0.3582584063900514,0.734778783239352,0.996297741304507
3,7,5,-0.06517648688356643,0.15291375392420573,-0.42623037634303335,0.6876666373081018,0.996297741304507
3,7,6,0.003656331943915716,0.13920788351182398,0.02626526495231781,0.9800618102808034,0.9999842973802364
3,7,8,0.05586039806389841,0.09607722945707153,0.581411416409297,0.586187260499378,0.9944248169185878
3,7,9,0.018614571017335026,0.10695737440112944,0.17403728467893675,0.868663213192777,0.9970118974932134
3,7,10,0.16242191976800344,0.10102336844566706,1.607765829484792,0.168797943556111,0.9327221140485742
3,7,11,0.08703088635367576,0.1394014286569361,0.6243184678345912,0.559796390936037,0.9921578326135176
3,7,12,-0.023592287585718765,0.13168632606528258,-0.17915518103105024,0.8648494507636432,0.9970118974932134
3,7,13,0.0852010203862268,0.2211584495975234,0.3852487686583767,0.7257447468566612,0.996297741304507
3,7,14,-0.0017000025288584086,0.07226160892845769,-0.02352566672737613,0.9821409758521115,0.9999842973802364
3,7,15,0.16709054260466222,0.12756593734574145,1.3098366701958026,0.24720069975165518,0.9659348365379999
3,7,16,-0.1953100481897421,0.11182600401978182,-1.746553048193026,0.1411479275151066,0.9327221140485742
3,7,17,0.0542601402195268,0.17295768680931328,0.31371915998758215,0.7694135906809841,0.996297741304507
3,7,18,-0.0020847387297232836,0.1645152927909232,-0.012672005710496677,0.990496313651732,0.9999842973802364
3,7,19,-0.12782045574577255,0.0855964305655646,-1.4932918919600529,0.20965523500345143,0.933394762406013
3,7,20,-0.09979972878123722,0.06598975133982916,-1.5123519448616127,0.1908511048695792,0.9327221140485742
3,8,1,-0.0766534715849257,0.10507555105350597,-0.7295081568990598,0.4931744394162384,0.9870199575036301
3,8,2,-0.11418355416841566,0.08972794491405862,-1.272552873873441,0.25914028737334305,0.9659348365379999
3,8,3,-0.16625997386023741,0.14847623081998834,-1.1197750167883114,0.31369650214475236,0.9738435620968914
3,8,4,0.0801456424675357,0.10489462142536321,0.7640586464559436,0.47379787465933026,0.9844454813806669
3,8,5,-0.1322820840374042,0.16170514762317584,-0.8180449786598338,0.44459639563484593,0.9809403935722025
3,8,6,0.07528092102050155,0.09158703871758797,0.8219604222799591,0.44252983713327804,0.9809403935722025
3,8,7,-0.32894917555355624,0.23788540381551465,-1.3828052090462881,0.2252943318362482,0.9497866821310842
3,8,9,-0.1711662136104114,0.1099299220233856,-1.5570484401184406,0.17046571169937189,0.9327221140485742
3,8,10,-0.040443654764003766,0.07272852926195254,-0.5560906452236689,0.6021151322072794,0.996297741304507
3,8,11,0.17279217992439377,0.13827099453295835,1.2496632464877315,0.26672932269631444,0.9659348365379999
3,8,12,0.09728682115893524,0.09657152603869136,1.0074068946466672,0.3526243341833861,0.9787437974965071
3,8,13,0.022285715940095235,0.18759590133683918,0.11879639043904888,0.9111636972433496,0.9970118974932134
3,8,14,0.11827629235608968,0.13522500272700663,0.8746628949528822,0.4153920300480584,0.9787437974965071
3,8,15,0.08145783956323464,0.07297688655914202,1.1162142344357657,0.307027536801348,0.9723653007063686
3,8,16,-0.14035261017126296,0.1352338646744187,-1.0378510627358761,0.3469005868693758,0.9778316154669235
3,8,17,-0.03731976814730965,0.0916547995528847,-0.4071774563793466,0.7007235553185718,0.996297741304507
3,8,18,-0.13823555043305125,0.22647152422766095,-0.6103882194632085,0.5745825537483291,0.9921578326135176
3,8,19,0.2059678557035543,0.16334437319168835,1.2609424596498673,0.2629647843001707,0.9659348365379999
3,8,20,-0.11168374684257534,0.12078693432374377,-0.9246343362131049,0.39758722802707797,0.9787437974965071
3,9,1,0.05171879500781536,0.16268116045461,0.31791508532991813,0.7613230433220058,0.996297741304507
3,9,2,-0.17493537720149688,0.08124266776755065,-2.1532451112987085,0.0839001231320586,0.8936049968041163
3,9,3,-0.05122513410199708,0.17824464381152544,-0.2873866670342968,0.7853462100192594,0.996297741304507
3,9,4,-0.10604219441556066,0.11889909236783124,-0.8918671480402238,0.40680680084576487,0.9787437974965071
3,9,5,-0.08940537302236884,0.12437398144162787,-0.7188430569267447,0.4992630788361983,0.9870199575036301
3,9,6,0.08127035742671695,0.1569041137720807,0.5179619289284697,0.6230217226386365,0.996297741304507
3,9,7,-0.16372133167359282,0.09591895896811663,-1.7068714405700207,0.14855499697757357,0.9327221140485742
3,9,8,-0.231937380262859,0.20056114679339665,-1.1564422320571761,0.2914608973436176,0.9723653007063686
3,9,10,0.03828651517155528,0.10957422507911223,0.34941169005359723,0.7410150168374388,0.996297741304507
3,9,11,-0.1775013982528514,0.16222050120189832,-1.094198309933961,0.3237569934268057,0.97468787269659
3,9,12,0.19055885786002366,0.17908051262312605,1.0640960039018295,0.32822320603193444,0.977783785791819
3,9,13,-0.01955352593112712,0.2013724817443102,-0.09710128097769498,0.9273167384203054,0.9971125104614714
3,9,14,0.08286801476764483,0.10479349597672216,0.7907744082253116,0.4591825388531592,0.9831823609235607
3,9,15,-0.09156640009573962,0.1269173171928587,-0.7214649830320424,0.4977615620783213,0.9870199575036301
3,9,16,-0.05055508467362057,0.059725541596766615,-0.8464566971044601,0.43592600387347913,0.9809403935722025
3,9,17,-0.09626568466411248,0.08066856045659414,-1.1933482402319233,0.2862633426422119,0.9710602551597926
3,9,18,0.010524796991633948,0.19274940341138058,0.05460352564161516,0.9590727738238899,0.9981155951445632
3,9,19,0.2528071487063368,0.1390052661106051,1.8186875632708908,0.1286262215900221,0.9327221140485742
3,9,20,0.2074723026659786,0.17554174391691243,1.1818972401402008,0.29038862684459343,0.9720339886089545
3,10,1,0.04464058416663909,0.061638996050290565,0.7242263344051404,0.5013835615894628,0.9870199575036301
3,10,2,-0.00908938619437207,0.15095527466473785,-0.06021244513978601,0.9548747434862885,0.9981155951445632
3,10,3,-0.05879141095617926,0.10484646749897152,-0.5607381188707691,0.5991723447651552,0.996297741304507
3,10,4,-0.17146117000696245,0.07533549024891305,-2.275968065491687,0.07189979719591945,0.8921703470566514
3,10,5,-0.0008242749652935598,0.1696376026468332,-0.004859034509021861,0.9963109734083206,0.9999842973802364
3,10,6,0.10406798729640498,0.09003809880987715,1.1558216873836626,0.2999797225908684,0.9723653007063686
3,10,7,0.0883161185541422,0.09186294445393246,0.9613900259583958,0.3805099445219021,0.9787437974965071
3,10,8,0.03313683926399298,0.18601783970170216,0.17813796417028072,0.8656071338805983,0.9970118974932134
3,10,9,0.014616184919149513,0.17220955376086974,0.08487441375848798,0.9356548869202483,0.9971125104614714
3,10,11,0.02459469754417071,0.11121529163433032,0.22114492694777585,0.8337269549718358,0.996297741304507
3,10,12,0.01995248979301322,0.08757140028408857,0.2278425345267738,0.8287927633726724,0.996297741304507
3,10,13,-0.10658349118451202,0.13687087374794144,-0.7787156482979369,0.4929263766731004,0.9870199575036301
3,10,14,-0.009731380166820899,0.10808269293860825,-0.09003643323597012,0.9317537478191276,0.9971125104614714
3,10,15,-0.042041602719401,0.128070213837089,-0.32826995020521726,0.756009016600178,0.996297741304507
3,10,16,-0.010806706106149894,0.15169535896485986,-0.07123953019935185,0.9459688267858956,0.9976607232147003
3,10,17,-0.009206207192812534,0.08938443470882249,-0.10299564149730937,0.9229235117610329,0.9971125104614714
3,10,18,-0.01644331774851101,0.15686813259496693,-0.10482255048488902,0.9215625329947594,0.9971125104614714
3,10,19,0.02919648667290263,0.07957590874196749,0.36690107765163116,0.732278306082467,0.996297741304507
3,10,20,-0.052736901794971675,0.10526782365561914,-0.500978361317681,0.6376574054608566,0.996297741304507
3,11,1,-0.18740339666777875,0.16775594720662323,-1.1171192424900371,0.31472838988110785,0.9738435620968914
3,11,2,-0.03319219390974937,0.13426861969578424,-0.2472073816257778,0.8169177088101952,0.996297741304507
3,11,3,-0.23987777035068178,0.12153455347658018,-1.9737413228323804,0.1054183646806326,0.9198620674939993
3,11,4,-0.14741944309135718,0.06031271868810562,-2.444251333640939,0.05834758774034062,0.8850734759513756
3,11,5,-0.23297877809635537,0.19633267528452414,-1.1866531017189943,0.28866892547895534,0.9710602551597926
3,11,6,-0.03237975567339161,0.24058502213825925,-0.13458757900003038,0.8981878833810962,0.9970118974932134
3,11,7,0.18311928369029493,0.17781567498061823,1.0298264408310738,0.3503076924807048,0.9787437974965071
3,11,8,-0.2354500780881529,0.18458086457315553,-1.2755931045797038,0.2581472519262071,0.9659348365379999
3,11,9,0.011368530841726874,0.09858395791295474,0.11531826356220617,0.9126809469239062,0.9970118974932134
3,11,10,-0.09226144501882304,0.13686016214398317,-0.6741292979112916,0.5301328850266198,0.9905687756420425
3,11,12,0.08174585405316644,0.21976954107620975,0.3719617088541281,0.7251647710980904,0.996297741304507
3,11,13,0.13266468374868878,0.21259318285720671,0.6240307519040822,0.5768400903622228,0.9921578326135176
3,11,14,-0.1516876854392156,0.10241426517088068,-1.4811187209578656,0.19866122248912368,0.9327221140485742
3,11,15,0.26965439963021565,0.15775485473406914,1.7093255233448676,0.1625691122808306,0.9327221140485742
3,11,16,-0.03146539395555465,0.15945447533434695,-0.1973315197919665,0.851339230658893,0.9970118974932134
3,11,17,0.16498197169074172,0.1726834107571586,0.9554013959209859,0.39347765235531457,0.9787437974965071
3,11,18,-0.06962746019686047,0.19337214275857323,-0.3600697556701892,0.7370020077119905,0.996297741304507
3,11,19,0.07165885701750413,0.281992540817504,0.2541161436735491,0.8119341619115141,0.996297741304507
3,11,20,-0.11305037666459218,0.2612585887434325,-0.43271448876721885,0.6832507644253539,0.996297741304507
3,12,1,-0.10582518775854856,0.1407907496103448,-0.751648727282728,0.48069614593950094,0.9853788426768277
3,12,2,0.07598067406752465,0.15977172165223855,0.47555770997091545,0.6544398275048253,0.996297741304507
3,12,3,-0.045279274118809096,0.06963369977611865,-0.6502494376104898,0.5442214079701146,0.9909681566538422
3,12,4,0.03186366383174613,0.08107977001352494,0.3929915418610333,0.7079086494300467,0.996297741304507
3,12,5,0.062476319701124335,0.10297777594906941,0.6066971161954117,0.5662848906010408,0.9921578326135176
3,12,6,0.0936409503903131,0.07891261057172179,1.1866411427869115,0.28021994506710374,0.9710602551597926
3,12,7,-0.013012130771010655,0.05104964270949041,-0.25489171089412416,0.8089587454929097,0.996297741304507
3,12,8,0.11075513020885991,0.17565553608543594,0.630524563452187,0.551595061183409,0.9921578326135176
3,12,9,-0.12022930585212224,0.122098112252813,-0.9846942236272583,0.3699937567540229,0.9787437974965071
3,12,10,-0.0862908627147965,0.16586359420531788,-0.5202519764973814,0.6250943604238097,0.996297741304507
3,12,11,-0.1689333718497784,0.08400854234060412,-2.0109070713647696,0.10052986623379434,0.9122920172343513
3,12,13,-0.04681346701116143,0.0677161540088987,-0.6913190463285653,0.5273937637158128,0.9900419620498572
3,12,14,-0.145204471814548,0.08102803048018502,-1.792027659468595,0.12330620964536135,0.9272249539364997
3,12,15,-0.06442469497647882,0.07981856349122557,-0.8071392437769676,0.4503890829930541,0.9811902082295157
3,12,16,-0.09019259729751483,0.10795829631384245,-0.8354392425245679,0.44155054796225823,0.9809403935722025
3,12,17,0.003107058809469036,0.105948882240527,0.029326017827974917,0.9777391237005174,0.9998408692308843
3,12,18,-0.031936059526573635,0.030736016209490197,-1.0390435542415501,0.3574640501227161,0.9787437974965071
3,12,19,0.046357492434729315,0.15891700147471832,0.29170882916396135,0.7822244501705325,0.996297741304507
3,12,20,-0.05074058066173659,0.08948646964137918,-0.5670195825638735,0.5952086586275741,0.996297741304507
3,13,1,-0.26704806743098,0.22111412748050885,-1.207738603013109,0.293672085476373,0.9723653007063686
3,13,2,-0.49226588392302956,0.1607398825385024,-3.062499960469073,0.05488497923373055,0.8737966532283991
3,13,3,0.19771532796640462,0.11813258325142499,1.673673109678197,0.19278837318562844,0.9327221140485742
3,13,4,0.07193925545112338,0.2234212047196587,0.32198938118281256,0.7635859280972385,0.996297741304507
3,13,5,-0.24275799783855712,0.10543145338662793,-2.302519694441052,0.08270950537713906,0.8936049968041163
3,13,6,0.15467422144096576,0.052065140722570624,2.970782740455411,0.041112390458205854,0.8473514992757766
3,13,7,0.025180684006630486,0.16473169806105456,0.15285876551302774,0.8882121236543375,0.9970118974932134
3,13,8,-0.004690678786465923,0.054513715234014014,-0.08604584674230958,0.9368510908093879,0.9971125104614714
3,13,9,0.05772699760897916,0.16131603176079456,0.357850344931749,0.7385397213547145,0.996297741304507
3,13,10,0.3197755497111033,0.19651365709847285,1.627243390769715,0.2021648026381405,0.9327221140485742
3,13,11,-0.0056890915855920725,0.1298311595260696,-0.04381915409456006,0.9678020488204856,0.9985828574077232
3,13,12,0.20177148080622875,0.10912766401530857,1.8489489592306771,0.13815764833736754,0.9327221140485742
3,13,14,0.05562194891524418,0.13368034989265162,0.41608171252913234,0.705324015223293,0.996297741304507
3,13,15,0.14414916943169626,0.14073883036001314,1.024231685469711,0.36362332362526156,0.9787437974965071
3,13,16,0.3958494095359915,0.1355902691695057,2.9194529368343396,0.061523376534547126,0.8872441397771501
3,13,17,-0.16033700035402448,0.18813939578444488,-0.8522244885748097,0.4421090725070949,0.9809403935722025
3,13,18,-0.06996484448703728,0.186483350467313,-0.37518011292340875,0.732481353616474,0.996297741304507
3,13,19,-0.12270432648009859,0.1586648515000624,-0.7733554427413747,0.5202080024415505,0.9888160523190818
3,13,20,0.02190662165175501,0.1901835800158061,0.11518671406763491,0.9155743158835575,0.9970118974932134
3,14,1,0.11865509576667152,0.14310977869434952,0.8291194134208197,0.4387693492950132,0.9809403935722025
3,14,2,-0.13067811100185497,0.09408282964879451,-1.3889687575116463,0.22352968180365587,0.9485346631534253
3,14,3,-0.06106917912583734,0.13816846239405256,-0.4419907268796824,0.6769582850602629,0.996297741304507
3,14,4,0.11758495055927434,0.10232398962043807,1.1491435292378291,0.2942345941236211,0.9723653007063686
3,14,5,-0.042145051418464245,0.20258796950126387,-0.2080333374287227,0.8420847683613195,0.9967052234147373
3,14,6,-0.21941985170052658,0.10595880890914619,-2.070803305146589,0.09314444632378918,0.9122920172343513
3,14,7,0.042070910846060884,0.16515698159861228,0.2547328634768392,0.8114898178473726,0.996297741304507
3,14,8,0.03357206382346082,0.17388092920537984,0.19307501965102813,0.8544980492453902,0.9970118974932134
3,14,9,-0.07872049166015498,0.028491616042722934,-2.7629352978557393,0.039696263746917676,0.8473514992757766
3,14,10,0.0006532577293971938,0.15849800525110141,0.004121551740402945,0.9968708734047926,0.9999842973802364
3,14,11,0.25543458212380343,0.16454361909309964,1.5523821800572213,0.18127552623606244,0.9327221140485742
3,14,12,0.20372328093555936,0.13564430822187262,1.5018933238306502,0.18380587366482196,0.9327221140485742
3,14,13,-0.07051579006132998,0.17596135091178391,-0.40074590070794275,0.715441051758746,0.996297741304507
3,14,15,0.21107119379411607,0.164675950196292,1.2817366078121286,0.24723419956970513,0.9659348365379999
3,14,16,0.022774018140150783,0.17880286918827293,0.12736942222131345,0.903611967669355,0.9970118974932134
3,14,17,0.20467008265454165,0.12047575516017858,1.6988487217259904,0.16457683852795524,0.9327221140485742
3,14,18,0.12902929000276486,0.10819085685329462,1.192608079410391,0.2989321147989991,0.9723653007063686
3,14,19,-0.05221807420093883,0.1730174630182384,-0.30180811398865864,0.7749482521805916,0.996297741304507
3,14,20,-0.3188847383127689,0.13133111092600383,-2.428097471055512,0.05952007738195388,0.8872441397771501
3,15,1,0.183744334047009,0.13632848862120542,1.3478058467750107,0.22638116480800163,0.9500760958990208
3,15,2,0.06184461409922379,0.10203268806625787,0.60612550027553,0.5708930293600916,0.9921578326135176
3,15,3,-0.43491178248914986,0.16240728048417954,-2.6779081651381857,0.04393008256271697,0.8473514992757766
3,15,4,0.05791975049500022,0.1344968846065533,0.43064009002144177,0.6817699645595825,0.996297741304507
3,15,5,-0.33334421419093113,0.13593235369908477,-2.45228016081004,0.049636843898863504,0.8593166597525345
3,15,6,-0.055848388882537285,0.1807832724502029,-0.30892453779213397,0.7678247284910299,0.996297741304507
3,15,7,-0.033275405820226776,0.10886448322552766,-0.3056589700700325,0.7721806689324111,0.996297741304507
3,15,8,0.21787482149471954,0.14381493104219273,1.5149666304765252,0.1805580681818535,0.9327221140485742
3,15,9,-0.09067576340168056,0.08202569722598946,-1.1054555641356365,0.31130710124386135,0.9723653007063686
3,15,10,-0.11463060281965753,0.08207450213431153,-1.3966652229053138,0.22134444079651605,0.944676581588624
3,15,11,-0.06032098853707407,0.06578442510712668,-0.9169493909527578,0.40123413295144067,0.9787437974965071
3,15,12,-0.07100233816448671,0.14923881749145274,-0.4757632052939405,0.6510703651861521,0.996297741304507
3,15,13,0.0869679969458785,0.19672247614154767,0.44208470049380816,0.6812784241236569,0.996297741304507
3,15,14,0.11496108240086986,0.09251772274052114,1.2425844367359933,0.2603796913522485,0.9659348365379999
3,15,16,0.03846665774314225,0.06316385266564001,0.6089979651203008,0.5691317978396345,0.9921578326135176
3,15,17,0.11018511063142639,0.13478463243400052,0.8174901592328252,0.45083107988650906,0.9811902082295157
3,15,18,-0.0763483155288425,0.1591004549570567,-0.47987490387107967,0.6563772267115309,0.996297741304507
3,15,19,0.012062293467175658,0.07025317140303267,0.17169749387973193,0.8704081395326583,0.9970118974932134
3,15,20,-0.21746135362860539,0.1052051123173171,-2.067022683941791,0.09359333356142124,0.9122920172343513
3,16,1,0.0797047466576107,0.10041394324676944,0.7937617434357774,0.4633227170046643,0.9831823609235607
3,16,2,0.026285503611879053,0.11406305210012227,0.23044713540170497,0.8290505685344939,0.996297741304507
3,16,3,-0.08976970653226052,0.10215966356658887,-0.8787196766057167,0.41977042531495073,0.9787437974965071
3,16,4,0.022876653922059422,0.12219332680730251,0.18721688425709554,0.8588505132118769,0.9970118974932134
3,16,5,-0.1525121780710933,0.1086527779227651,-1.4036657045078185,0.21937434069179929,0.9441880781319402
3,16,6,0.06686520310038957,0.09095222455304813,0.7351684186751813,0.4952513244341643,0.9870199575036301
3,16,7,0.08136917949971183,0.13909265163510737,0.5849998439356017,0.5839509983177589,0.9932917607911744
3,16,8,-0.20489025517571502,0.0660883428810331,-3.1002480352918163,0.026845637298118702,0.8413471823780126
3,16,9,-0.014275628667899427,0.10984765690684971,-0.12995842669521057,0.9016657565660425,0.9970118974932134
3,16,10,-0.09039297783231935,0.09726472718697377,-0.929350037219823,0.39536248544573926,0.9787437974965071
3,16,11,0.07372432820163313,0.07651389607492644,0.9635416830489829,0.3795289035612805,0.9787437974965071
3,16,12,-0.10955565609044864,0.0654334754198207,-1.6743059326417562,0.15492454608341177,0.9327221140485742
3,16,13,0.09931924163043643,0.10236509909111298,0.9702451569070846,0.40348967932119556,0.9787437974965071
3,16,14,-0.0607114740327608,0.0766795296982839,-0.7917559519581635,0.4643902697994877,0.9831823609235607
3,16,15,0.009495276378409332,0.06466729267995708,0.14683274936613291,0.8890008248557325,0.9970118974932134
3,16,17,0.08209159449797551,0.12553216602021958,0.6539486818390355,0.5488343220495832,0.9921578326135176
3,16,18,-0.0662605624996759,0.0812048927220464,-0.8159676132528255,0.4603206659021153,0.9831823609235607
3,16,19,-0.01811633757151486,0.06425473769009162,-0.2819455533163983,0.7919712795286503,0.996297741304507
3,16,20,-0.02356932350385799,0.0688716144451945,-0.3422211558910292,0.7461004603780635,0.996297741304507
3,17,1,-0.031424263852878366,0.0894317600362748,-0.35137700342452005,0.7396276559082379,0.996297741304507
3,17,2,-0.22407043653009906,0.05958536676852952,-3.760494374344997,0.019766419614920077,0.8394596075808679
3,17,3,-0.26376353081565024,0.14005462749308784,-1.8832903670161456,0.13277546046131905,0.9327221140485742
3,17,4,0.3197483132470419,0.16227748851485918,1.970379971808556,0.10587254254146028,0.9198620674939993
3,17,5,-0.05036377546929014,0.07055651002146031,-0.7138076338137728,0.5072717456789569,0.9870199575036301
3,17,6,0.11136266448862533,0.14218113651936437,0.7832450015102744,0.468940217664031,0.9834109341406547
3,17,7,0.06938300142705746,0.21451046071118374,0.3234481022356811,0.7625599783645997,0.996297741304507
3,17,8,-0.048219814516913845,0.1741772008859284,-0.2768434345676331,0.7929803456813842,0.996297741304507
3,17,9,-0.2365019579425927,0.11679137744992382,-2.024995021931064,0.0987392580802447,0.9122920172343513
3,17,10,-0.22392401313554067,0.09868916341964702,-2.268982787716011,0.08582402576117319,0.896144186594051
3,17,11,0.01610654655499175,0.108360031510123,0.14863918301222012,0.8890307755611632,0.9970118974932134
3,17,12,0.08988748989946892,0.1321382951862654,0.6802531376092074,0.526559691817745,0.9900419620498572
3,17,13,0.12045175919129614,0.23764730843695847,0.5068509295687729,0.6389232975314795,0.996297741304507
3,17,14,0.1653340775521626,0.1387934982163199,1.1912235059691774,0.2870248249771586,0.9710602551597926
3,17,15,-0.013604954626417469,0.10916923498241635,-0.12462260662066714,0.9056776479252364,0.9970118974932134
3,17,16,-0.1186214812534555,0.0716326892243284,-1.6559685603917331,0.17306974477065729,0.9327221140485742
3,17,18,-0.2086096505419323,0.09493944075484229,-2.1972917565252783,0.11546390159348789,0.9266880947092055
3,17,19,0.0896563539962668,0.07008498546964986,1.2792519452517117,0.2699761916761508,0.9659348365379999
3,17,20,-0.1291140931944424,0.1460346079217706,-0.8841335285586791,0.42656589753008045,0.9787437974965071
3,18,1,0.06931929052969864,0.036923556456204897,1.8773730696836046,0.15710273228268826,0.9327221140485742
3,18,2,0.01621552173413009,0.09529764574526729,0.17015658264323108,0.8757148768213424,0.9970118974932134
3,18,3,0.011725360850709906,0.08426143848542712,0.1391545297745971,0.8960530026601979,0.9970118974932134
3,18,4,-0.08411350657352697,0.06417367268914242,-1.3107167323843607,0.2601415480369025,0.9659348365379999
3,18,5,-0.059153825253049686,0.23861210904537059,-0.2479078932308253,0.8164119214681375,0.996297741304507
3,18,6,0.15552687986040203,0.13806161398926817,1.1265034165931522,0.32296012344366354,0.97468787269659
3,18,7,0.12891765222843843,0.15678531300870632,0.8222559227882356,0.45712005054154786,0.9823636982311391
3,18,8,-0.048608226264707836,0.1820227168484776,-0.2670448343263883,0.8067397980915574,0.996297741304507
3,18,9,-0.045957235880546864,0.15378703022026977,-0.2988368772998822,0.7799467457156085,0.996297741304507
3,18,10,0.010115090503263232,0.08566856474573176,0.1180723703398932,0.9117019809195398,0.9970118974932134
3,18,11,-0.06818296015600013,0.0527719400362461,-1.2920305773840612,0.26593950364241215,0.9659348365379999
3,18,12,-0.03110936635283299,0.11884314812194746,-0.2617682789810418,0.8064269516198324,0.996297741304507
3,18,13,0.003110228022898921,0.17166144714157325,0.018118384032471332,0.9866820533146247,0.9999842973802364
3,18,14,0.1469320244824641,0.20288076029542587,0.724228479170642,0.5090170488142373,0.9870199575036301
3,18,15,-0.030023308430583418,0.09863138819763759,-0.30439912667677665,0.7760031310250259,0.996297741304507
3,18,16,-0.1046213340588839,0.06350211162922906,-1.6475252770819788,0.17479544827156535,0.9327221140485742
3,18,17,-0.057949567269014166,0.10482610132093836,-0.5528162026272581,0.618913177390251,0.996297741304507
3,18,19,0.2570597809726394,0.2562806559030199,1.0030401243740819,0.38974704751730355,0.9787437974965071
3,18,20,0.2753319988877344,0.18502881424637443,1.4880493073885728,0.21095814681887656,0.935949746540258
3,19,1,-0.051508333441549245,0.14226961294533635,-0.3620473295374608,0.7321149259379887,0.996297741304507
3,19,2,-0.20420720875337064,0.08917692230068938,-2.2899109263103834,0.08386530926987554,0.8936049968041163
3,19,3,0.08571283031443637,0.1557899950146965,0.5501818669793297,0.6114729133819529,0.996297741304507
3,19,4,-0.05133962785487688,0.14880686894150552,-0.34500845437929994,0.7441274096203789,0.996297741304507
3,19,5,-0.16138106497131818,0.18187951206528163,-0.8872965576931321,0.4155545600487899,0.9787437974965071
3,19,6,0.13901384900589311,0.0600290210387182,2.3157773789766556,0.06841266519562456,0.8921703470566514
3,19,7,0.15791690904942915,0.18530031600314403,0.8522214773011909,0.4421105607092246,0.9809403935722025
3,19,8,-0.30116092553988966,0.21772162198419875,-1.3832384803763922,0.22516985705315318,0.9497866821310842
3,19,9,-0.04307932979913615,0.08249730415462382,-0.522190758110966,0.6238384529611162,0.996297741304507
3,19,10,0.15119474683424772,0.11573635177814091,1.3063721511005624,0.2614785564892096,0.9659348365379999
3,19,11,0.0912165285196395,0.22021191459824685,0.41422158599202097,0.6999606152898981,0.996297741304507
3,19,12,-0.15174840136393086,0.07448879771294827,-2.037197619253767,0.09721526895974886,0.9122920172343513
3,19,13,0.007804190253316507,0.1264545780788226,0.0617153635069679,0.9546710706492763,0.9981155951445632
3,19,14,-0.05514637511957045,0.08792268995310144,-0.6272143760428471,0.5580428756635294,0.9921578326135176
3,19,15,0.052874035597191116,0.11524117822503775,0.4588120011536352,0.6656237965192388,0.996297741304507
3,19,16,0.10923585705687322,0.11415613982282267,0.9568986584992893,0.39280642120704695,0.9787437974965071
3,19,17,0.060707854091353174,0.12432221598716502,0.488310585592621,0.65088985102868,0.996297741304507
3,19,18,0.06680897048596124,0.04766478235284064,1.4016422017833474,0.2555661113959774,0.9659348365379999
3,19,20,-0.0678546136680372,0.12767524566428323,-0.5314625659380099,0.6232414947248416,0.996297741304507
3,20,1,-0.1530424233802528,0.07240546494447496,-2.1136860801253277,0.08820867042073226,0.9038873468295585
3,20,2,-0.011432580642960648,0.1367032106953515,-0.0836306666443627,0.9373682263293044,0.9971125104614714
3,20,3,0.24801188360848006,0.08872296488571071,2.7953516197882187,0.038202650248653824,0.8473514992757766
3,20,4,0.017288149763533697,0.13142233983558424,0.13154650712375437,0.9004723483616528,0.9970118974932134
3,20,5,0.04361170187392856,0.0607763330276802,0.7175770517998891,0.512692847415147,0.9870199575036301
3,20,6,-0.019467404916420024,0.12005054441991267,-0.1621600719124171,0.8775293218593683,0.9970118974932134
3,20,7,-0.006874707855664501,0.11396603623315088,-0.0603224266003246,0.9542357071626,0.9981155951445632
3,20,8,-0.19839125758763182,0.1060346696884654,-1.8710036836880164,0.12025835194393504,0.9272249539364997
3,20,9,0.21918274723059025,0.07783209919815147,2.816097079300924,0.037279517961931186,0.8473514992757766
3,20,10,0.3530138104142177,0.1385032438748047,2.548776480143409,0.05134241287944873,0.8613675014085445
3,20,11,0.20047443290087283,0.20555612947825547,0.9752783018864174,0.37421379940676314,0.9787437974965071
3,20,12,-0.08643901340804254,0.12905735237304006,-0.669772096033095,0.5326851698135063,0.9909681566538422
3,20,13,0.018438543378348323,0.135639604971555,0.13593775492105814,0.9004795413592976,0.9970118974932134
3,20,14,0.06028046219162111,0.19388448373344125,0.31090916111773936,0.7684135796028381,0.996297741304507
3,20,15,0.13308084326478628,0.11917180167105491,1.1167142008225,0.31488602542799565,0.9738435620968914
3,20,16,0.018814875030561007,0.21315565103231116,0.08826824407118669,0.9330897988781683,0.9971125104614714
3,20,17,-0.10234357471955333,0.20925412928274656,-0.4890874797542295,0.6503858180801854,0.996297741304507
3,20,18,0.009005160715437827,0.061763389001959254,0.14580094876280777,0.8911308863849178,0.9970118974932134
3,20,19,-0.00890121369369896,0.1710413031025378,-0.05204131126334273,0.9609910233111297,0.9981155951445632
4,1,2,0.09363265386876643,0.09337055616122274,1.002807070208389,0.3619858848765659,0.9787437974965071
4,1,3,0.09625062781768219,0.09832243914050533,0.9789283978111915,0.37257324068477776,0.9787437974965071
4,1,4,0.03830718905403402,0.10174236841497443,0.37651167011775066,0.7194918241035017,0.996297741304507
4,1,5,0.05688944273933345,0.07454889104099982,0.7631158819959202,0.4743195011067999,0.9844454813806669
4,1,6,0.023563718324032944,0.1095147495937373,0.21516479205980205,0.8367661127273233,0.9967052234147373
4,1,7,0.0009888824813821173,0.0753953110871512,0.013115967917765191,0.9900425242616318,0.9999842973802364
4,1,8,-0.16271919163209667,0.07927982777396347,-2.0524665125910286,0.08594805240461999,0.896144186594051
4,1,9,0.048240267995411194,0.05574502674562869,0.8653734837131214,0.4200836182507843,0.9787437974965071
4,1,10,0.030807865685073543,0.0955070271288155,0.32257171656279005,0.7600715500994579,0.996297741304507
4,1,11,0.08894615766517358,0.17726104966737907,0.5017806101880505,0.6371316760297606,0.996297741304507
4,1,12,-0.01629312117631969,0.12957861160836673,-0.1257392788359057,0.9040457580623491,0.9970118974932134
4,1,13,0.03919344994556227,0.0944537703326546,0.41494849604322614,0.6994698631623575,0.996297741304507
4,1,14,-0.02379920553961133,0.06080107651898083,-0.3914273710563379,0.7090044470648965,0.996297741304507
4,1,15,0.0038041979699692382,0.11658481888257573,0.032630303039439444,0.9750277971929805,0.9998192749453514
4,1,16,-0.018949498841008047,0.11537515179769213,-0.16424246075161267,0.8759733431825703,0.9970118974932134
4,1,17,-0.0027335696593528552,0.11427428644794915,-0.023921126478213005,0.9818408388820892,0.9999842973802364
4,1,18,0.031806148737663624,0.10586152086182694,0.3004505176047616,0.778801848828923,0.996297741304507
4,1,19,-0.025341494999434416,0.041924236537294164,-0.6044593078346735,0.5719162163322299,0.9921578326135176
4,1,20,0.15062458413060514,0.10313373950457157,1.460478257190199,0.2039905506461369,0.9327221140485742
4,2,1,0.023430916214692725,0.10722625420089932,0.2185184625639724,0.8356642826156012,0.9967052234147373
4,2,3,0.08126576164124012,0.0739618199727414,1.0987528656013579,0.33356706001584896,0.977783785791819
4,2,4,-0.1587310815852074,0.07739210384156658,-2.05099840557511,0.0955213536387971,0.9122920172343513
4,2,5,0.11956654536681516,0.09574186628949755,1.2488428521335626,0.26700503698313777,0.9659348365379999
4,2,6,-0.16910719460449486,0.07204030161792838,-2.3473970930746693,0.06577253585611062,0.8921703470566514
4,2,7,-0.1868380214330197,0.10462344936834715,-1.7858140078466958,0.14867371430276252,0.9327221140485742
4,2,8,0.06030255019441455,0.14552536389728657,0.41437828141465693,0.6957747354214594,0.996297741304507
4,2,9,0.007749056178737604,0.09060328395920998,0.08552732130703715,0.9351613435410314,0.9971125104614714
4,2,10,0.005976922947636977,0.041742396762054414,0.14318590716206944,0.893066806180081,0.9970118974932134
4,2,11,0.06516688041199561,0.1288684285204645,0.5056853812812757,0.6396717410275662,0.996297741304507
4,2,12,0.04977394212583089,0.09638926112343003,0.5163847252815551,0.6276038017945027,0.996297741304507
4,2,13,-0.0378660992030495,0.2564974415971205,-0.1476275902290597,0.8920003598248071,0.9970118974932134
4,2,14,0.04281612467096936,0.1525724701903539,0.28062811473963867,0.7902368561897707,0.996297741304507
4,2,15,0.11640365398275349,0.1356738938996454,0.8579664859327794,0.4301086293723437,0.9787437974965071
4,2,16,-0.03647573434679425,0.13316047961018232,-0.27392312233554883,0.7977071363988038,0.996297741304507
4,2,17,0.06946843889253532,0.24658101633154952,0.28172663056448455,0.79212759537445,0.996297741304507
4,2,18,0.07528655207069915,0.07991319807897737,0.9421041064500025,0.41564136818678415,0.9787437974965071
4,2,19,0.03774400082940474,0.08861349099564801,0.42593966680347217,0.6920712364756413,0.996297741304507
4,2,20,0.03631522303703051,0.10772509792774217,0.3371101417893558,0.7529800820966758,0.996297741304507
4,3,1,-0.23657274435490463,0.14790820562879187,-1.5994565233725873,0.18496752474747205,0.9327221140485742
4,3,2,0.10288347886536346,0.17937953520130503,0.5735519313801934,0.5969772248004975,0.996297741304507
4,3,4,0.13553365763121825,0.10384304140727285,1.3051780436432854,0.24866438264849375,0.9659348365379999
4,3,5,0.0262005532662989,0.09426799709013936,0.27793688287413076,0.7921873612752404,0.996297741304507
4,3,6,-0.33519681582156796,0.09308278328644766,-3.6010613776604776,0.015525881016429391,0.7936491560262205
4,3,7,-0.2220146964914435,0.11896503133059899,-1.8662181147383339,0.12100004320033991,0.9272249539364997
4,3,8,-0.12920206459194575,0.16352900618096364,-0.7900865272071593,0.4652801760499442,0.9831823609235607
4,3,9,0.1590623515676839,0.1932533849757687,0.8230766647984201,0.44792701206864965,0.9809403935722025
4,3,10,0.0750500800637136,0.23207289494278416,0.32339011448059557,0.7594875330317767,0.996297741304507
4,3,11,-0.1888084408338793,0.11771391467441608,-1.6039602569883007,0.16962759094722477,0.9327221140485742
4,3,12,0.00026615496416541114,0.13020223708739004,0.002044165830919842,0.998448043247958,0.9999842973802364
4,3,13,0.08666754846008175,0.10883012113501375,0.7963562619926365,0.48402130036312097,0.9853788426768277
4,3,14,0.04130067475667872,0.0995772453130136,0.41476016560247664,0.6955127583187786,0.996297741304507
4,3,15,0.1615026451015267,0.07063058734766872,2.2865822183279745,0.07095176315668615,0.8921703470566514
4,3,16,-0.08894541739443143,0.1313180693586814,-0.6773280922278039,0.5282643917253794,0.9900419620498572
4,3,17,0.0242189254283369,0.1465545264883611,0.16525538998002245,0.876758597944635,0.9970118974932134
4,3,18,0.055083453808634227,0.11503264382540421,0.4788506286246944,0.6570453109613259,0.996297741304507
4,3,19,-0.12687005056283107,0.17445709678562524,-0.7272277992680523,0.5073659075910831,0.9870199575036301
4,3,20,0.27193254241039144,0.06085096255426472,4.468828938628914,0.006586393370647956,0.7296406661547277
4,4,1,-0.02959741111161825,0.08428504561572096,-0.35115851092031136,0.7374712451186914,0.996297741304507
4,4,2,0.07537501393280954,0.1085127027217123,0.6946192661463692,0.5182413124784749,0.9874392142122583
4,4,3,-0.03830114209165822,0.08575713127933017,-0.4466234063550494,0.6738268372155786,0.996297741304507
4,4,5,0.11914776407623598,0.1358905489324485,0.8767921316926006,0.4143221991958481,0.9787437974965071
4,4,6,-0.08758459360185052,0.1099487763120636,-0.7965945282780207,0.4560412749966703,0.9823636982311391
4,4,7,-0.030994042018605557,0.07379268383696014,-0.42001510727899183,0.6919127079599781,0.996297741304507
4,4,8,-0.007962670138385225,0.15361959115545717,-0.05183368916973274,0.9603438123739867,0.9981155951445632
4,4,9,-0.022822021911150566,0.07354928496880295,-0.31029563265666793,0.7668318400684628,0.996297741304507
4,4,10,0.03663807043508999,0.086337884323837,0.42435682460370683,0.6889452242082895,0.996297741304507
4,4,11,-0.042678035938417846,0.0923608358584851,-0.4620793601667581,0.6634337426582743,0.996297741304507
4,4,12,-0.04311886316126806,0.0802603869677503,-0.5372371700382725,0.6104328083672288,0.996297741304507
4,4,13,0.011579239669378747,0.07105517965868863,0.16296123273259328,0.8784505914657861,0.9970118974932134
4,4,14,0.03906435236126362,0.07882290430096027,0.49559646028282817,0.6378055735683291,0.996297741304507
4,4,15,0.06203432481505944,0.10051103389179246,0.6171892021449782,0.5597871781224456,0.9921578326135176
4,4,16,0.019401773402045287,0.07077522905288569,0.27413225872110536,0.7949477512513771,0.996297741304507
4,4,17,0.044903213968167294,0.12616515893619107,0.3559081948331037,0.7364332634128872,0.996297741304507
4,4,18,-0.11885939893849173,0.11056585166018884,-1.075010024819572,0.3428920973225337,0.977783785791819
4,4,19,-0.027788281564926378,0.14852834411637492,-0.18709076526812024,0.8589442800022515,0.9970118974932134
4,4,20,-0.05294772230615632,0.12747627827406277,-0.41535353104605094,0.6951057980634173,0.996297741304507
4,5,1,-0.19239374669718232,0.12587840006703635,-1.5284095332733407,0.1772745712727071,0.9327221140485742
4,5,2,0.12032105280273671,0.20627763092918705,0.5832966582957236,0.5850117462291614,0.9941572743937483
4,5,3,-0.16816641241651709,0.13407303624390907,-1.2542895807127854,0.26517935776837065,0.9659348365379999
4,5,4,0.09107373464658576,0.13359049644578544,0.6817381256073418,0.5208368624137557,0.989149492953203
4,5,6,-0.08148440595832025,0.10117801701348988,-0.805356819225373,0.4571868948215183,0.9823636982311391
4,5,7,-0.07888274578528,0.03616916345563941,-2.1809391826229767,0.08101696282494818,0.8921703470566514
4,5,8,-0.3012319737181552,0.0702941543066382,-4.2853061778057855,0.005175409737564461,0.7168717760835697
4,5,9,-0.12394886883060406,0.0884377401732373,-1.4015381734811838,0.21060403297047564,0.9354813819309207
4,5,10,-0.12835828011432512,0.13329926058989525,-0.9629331741626509,0.3798061425941717,0.9787437974965071
4,5,11,-0.08925581353196725,0.0660375816510738,-1.3515911894263668,0.2344337245842816,0.9551865621300482
4,5,12,-0.011478665982604844,0.06294281622490511,-0.18236657764735695,0.8613006899759919,0.9970118974932134
4,5,13,-0.05562426594828343,0.11055754276391155,-0.5031250203033393,0.6413176669325725,0.996297741304507
4,5,14,0.023098825702655756,0.09174246193928355,0.2517790041179743,0.8096140606397085,0.996297741304507
4,5,15,0.04549124069486534,0.07699433831910159,0.5908387770765288,0.5761923746201183,0.9921578326135176
4,5,16,0.006150125949630924,0.06625670013773276,0.09282270225884134,0.9296489504289075,0.9971125104614714
4,5,17,0.13917109579566367,0.1329496320351621,1.0467956448184026,0.343135760695244,0.977783785791819
4,5,18,-0.04446627381908894,0.06990817959635831,-0.6360668247291799,0.5593065807794647,0.9921578326135176
4,5,19,0.08390797092334056,0.03771158084051889,2.2249921390450265,0.07664578250814208,0.8921703470566514
4,5,20,0.3583121411899132,0.09024077119385157,3.97062365985582,0.010629565133556755,0.7296406661547277
4,6,1,0.05395133566257456,0.10900011823024883,0.4949658453407756,0.6382251217805358,0.996297741304507
4,6,2,0.09689488887772066,0.09054520462321786,1.0701272284916177,0.33347756965529346,0.977783785791819
4,6,3,0.023910437456817632,0.07303258870013887,0.32739408368314854,0.7566328854891573,0.996297741304507
4,6,4,0.1382366216303052,0.10723151124761092,1.289141783237676,0.24481479463483916,0.9659348365379999
4,6,5,-0.027595790424045346,0.06279406231351271,-0.4394649654266358,0.6757106391336447,0.996297741304507
4,6,7,-0.007645465193319809,0.08125153219011497,-0.09409625870607098,0.9286870990978024,0.9971125104614714
4,6,8,-0.07656695435587728,0.11853919721216731,-0.6459209793549389,0.5422301593068272,0.9909681566538422
4,6,9,0.04156547206322505,0.05748538902922335,0.7230615077054051,0.49684876103317177,0.9870199575036301
4,6,10,-0.05922968251477487,0.12394863070630123,-0.47785669092741273,0.6529122986754863,0.996297741304507
4,6,11,0.012913963402074636,0.05667493106704296,0.22786024012222178,0.8287797312255266,0.996297741304507
4,6,12,0.06372790896264166,0.10080213555454151,0.6322079250744432,0.5505662646048369,0.9921578326135176
4,6,13,-0.004465888585051241,0.058300761109142,-0.07660086249327465,0.9426194748580969,0.9976607232147003
4,6,14,-0.02679547320926191,0.0825813461296157,-0.32447367916333736,0.7565934706178031,0.996297741304507
4,6,15,-0.08590196502587905,0.06835042981538486,-1.2567874884860892,0.2555416616916152,0.9659348365379999
4,6,16,-0.06715047072498546,0.09599031775550254,-0.6995546248250291,0.5154044282605467,0.9870199575036301
4,6,17,0.07616413972517928,0.06238195218489944,1.2209322898104993,0.27654008088888266,0.9697053714229129
4,6,18,0.0002881038145864556,0.06936762486350782,0.00415328930677955,0.9968850442141554,0.9999842973802364
4,6,19,-0.03892567192461211,0.0749169845548131,-0.5195840723622893,0.6255273508906103,0.996297741304507
4,6,20,0.028638153620144154,0.11139961972568183,0.2570758651637022,0.807364030781453,0.996297741304507
4,7,1,0.08657159467247878,0.0972311819924071,0.8903686337819989,0.41405257746307783,0.9787437974965071
4,7,2,-0.05300885453985815,0.0705724102305133,-0.7511271666358315,0.4943513110178586,0.9870199575036301
4,7,3,0.018955918457370692,0.076458017598981,0.2479258428664177,0.8140517174371796,0.996297741304507
4,7,4,-0.037270320956641886,0.08255721597712858,-0.4514483745008517,0.6705733522714797,0.996297741304507
4,7,5,0.25300615216519673,0.0916556734559354,2.7603981578300463,0.03981586570468541,0.8473514992757766
4,7,6,-0.033428764998362344,0.12936507988167886,-0.2584064032479157,0.8063930852315354,0.996297741304507
4,7,8,-0.10596293629976004,0.07985874017852408,-1.3268796384910804,0.24191359556930567,0.9655449183178495
4,7,9,-0.15286513443767497,0.0734641625676828,-2.0808123184519927,0.0919669426543029,0.9122920172343513
4,7,10,-0.19366602264384208,0.07775187757420123,-2.4908211696435147,0.055105650646621866,0.8737966532283991
4,7,11,-0.1513022788364231,0.1172633942802167,-1.2902771556618566,0.2533998349088186,0.9659348365379999
4,7,12,0.22872736257387968,0.06933823443116362,3.2987191619026994,0.021505821266670347,0.8394596075808679
4,7,13,-0.25581273538214444,0.10896077983673014,-2.3477505921223543,0.10051094578078243,0.9122920172343513
4,7,14,0.02648053812550903,0.06655287127158764,0.3978872379081871,0.7071332343575819,0.996297741304507
4,7,15,-0.016664334233321604,0.13809150538284673,-0.12067602700832687,0.9086470599260451,0.9970118974932134
4,7,16,-0.031907195947310896,0.13196159448829747,-0.2417915308677077,0.8185453631890147,0.996297741304507
4,7,17,0.24610742159791585,0.09484184957410875,2.594924315589336,0.06036987383480455,0.8872441397771501
4,7,18,-0.18398893311585443,0.11336570660790116,-1.6229681675305514,0.17991736550791468,0.9327221140485742
4,7,19,0.13081612159956893,0.06090707719624243,2.147798377780171,0.0982239667342113,0.9122920172343513
4,7,20,-0.0664390439336065,0.0683409445349958,-0.9721704080137852,0.375615311153501,0.9787437974965071
4,8,1,-0.023513525609139295,0.109215458972364,-0.21529484772731566,0.836669203667158,0.9967052234147373
4,8,2,0.025927131922867778,0.09587441134438426,0.2704280689606132,0.7976385449297532,0.996297741304507
4,8,3,-0.0017556030605631761,0.15532656760245347,-0.011302657926783045,0.9914190901176937,0.9999842973802364
4,8,4,-0.09204125984625654,0.10325455728396164,-0.8914014283383281,0.4070374298385613,0.9787437974965071
4,8,5,0.0260309041825904,0.17015300661572588,0.15298527307969173,0.8834251823459567,0.9970118974932134
4,8,6,0.0007485979675111101,0.09660553105594448,0.00774901767342748,0.9940684632220019,0.9999842973802364
4,8,7,-0.12907967911356233,0.2551858026741463,-0.505826255851239,0.6344841730730997,0.996297741304507
4,8,9,0.02727629067349235,0.12978277060125112,0.21016881167598708,0.8404911538428617,0.9967052234147373
4,8,10,-0.0032523791269314477,0.07008843853319995,-0.046403931874505026,0.9647846787521027,0.9981155951445632
4,8,11,-0.03012605195083584,0.14755505121406498,-0.20416821859203185,0.8462722402865465,0.9970118974932134
4,8,12,-0.040386090506578216,0.10311001281229261,-0.3916796187360358,0.7088276803883072,0.996297741304507
4,8,13,-0.09638900877881709,0.1496621531660549,-0.6440439799848822,0.5546179786697272,0.9921578326135176
4,8,14,0.12194156477833107,0.1346813194302174,0.905408153805676,0.4001442839913954,0.9787437974965071
4,8,15,-0.09486618447916208,0.07022528425236964,-1.3508835953855194,0.22544936507427316,0.9497866821310842
4,8,16,-0.0013243891341175346,0.1394601112833368,-0.00949654436613289,0.9927902264981251,0.9999842973802364
4,8,17,-0.021188018581277494,0.08662837073788981,-0.2445852138341743,0.816497878840587,0.996297741304507
4,8,18,0.01654843763484617,0.20996190128151238,0.07881638303789014,0.9409640896069273,0.9976607232147003
4,8,19,-0.10189372269480038,0.16939223206462586,-0.6015253559875446,0.5737207196378773,0.9921578326135176
4,8,20,0.01522261187211344,0.12207486706145802,0.1246989838156038,0.9056201986712339,0.9970118974932134
4,9,1,0.11403270001026661,0.15730137750640857,0.7249313503621155,0.4957811293999776,0.9870199575036301
4,9,2,0.1456324233743793,0.08299989124972224,1.75460980948107,0.1396901270076843,0.9327221140485742
4,9,3,0.1871581729715392,0.14578520386786056,1.283794020275852,0.2554859080824669,0.9659348365379999
4,9,4,0.0693528613199649,0.12332686554131256,0.5623499876932365,0.5942481690328831,0.996297741304507
4,9,5,0.06649150781700852,0.12674483930012756,0.5246091926396643,0.6186642009557209,0.996297741304507
4,9,6,-0.2622976652223644,0.11938607853398431,-2.1970540321039356,0.07038728136242083,0.8921703470566514
4,9,7,0.019512731301251002,0.11253914787978203,0.17338616533618814,0.869148708429582,0.9970118974932134
4,9,8,-0.05857445978372877,0.22049664724797965,-0.26564784777696804,0.7994023252291249,0.996297741304507
4,9,10,-0.00882110158380521,0.103666097750868,-0.08509147903800844,0.9354908001145926,0.9971125104614714
4,9,11,-0.10503984345723165,0.16227465018402853,-0.647296687051633,0.5459804848222511,0.9916306595457345
4,9,12,0.11362149462971183,0.1896583854189425,0.5990850042202488,0.5710276250065761,0.9921578326135176
4,9,13,-0.11068918554352097,0.15934082867249397,-0.6946693227655713,0.5255012527597637,0.9900419620498572
4,9,14,-0.13482316806501946,0.09537634534501994,-1.4135912586699426,0.207205354368919,0.9327221140485742
4,9,15,0.24204426909468965,0.08798391140427701,2.7510060104030853,0.033247416116750174,0.8473514992757766
4,9,16,0.08625646178430796,0.04561228250059994,1.891079706026164,0.11719747093336386,0.9266880947092055
4,9,17,0.03167177050375116,0.08435110469615484,0.3754754678965034,0.7227086993376742,0.996297741304507
4,9,18,0.08306463335670453,0.16599499160089876,0.5004044553098094,0.6430693131489545,0.996297741304507
4,9,19,-0.1334298098782431,0.15662361978475242,-0.8519137155734464,0.4331604180238054,0.9787437974965071
4,9,20,-0.1535914989225637,0.17256246474423978,-0.8900631962421052,0.41420172004813427,0.9787437974965071
4,10,1,-0.11837769497820883,0.02950468189018771,-4.012166455980846,0.010199602597095406,0.7296406661547277
4,10,2,0.1152505664902665,0.1209989445467334,0.9524923289293717,0.39478459957212614,0.9787437974965071
4,10,3,-0.029947171899151172,0.10022072074872244,-0.29881217851084063,0.7771040357331891,0.996297741304507
4,10,4,0.03479021770275614,0.09934157327444548,0.3502080403568093,0.740452719603788,0.996297741304507
4,10,5,-0.018735210591383143,0.15846046666367108,-0.11823271119748743,0.9104862658992402,0.9970118974932134
4,10,6,-0.09429047666879023,0.08491548012627262,-1.1104038571938382,0.31735076281113545,0.9738435620968914
4,10,7,-0.018497411927552984,0.09316906011216618,-0.19853599365589203,0.8504459412633688,0.9970118974932134
4,10,8,-0.22871483281094937,0.14144741618722426,-1.6169601324254537,0.16681000498308723,0.9327221140485742
4,10,9,0.13965223845175168,0.1486134275481874,0.9397013497015955,0.3905139048721246,0.9787437974965071
4,10,11,-0.087903771753074,0.09686681017507118,-0.9074704905972912,0.40576885996601963,0.9787437974965071
4,10,12,0.06730094340376469,0.07664163975947423,0.8781250455248383,0.42006393805983067,0.9787437974965071
4,10,13,0.07017904737146037,0.11461787948155232,0.6122870854729375,0.5836323865628759,0.9929720478795291
4,10,14,-0.0004898574447169727,0.10118379131215785,-0.004841263984672138,0.9963244648377461,0.9999842973802364
4,10,15,0.07614870798965914,0.11619517731206294,0.6553517086556252,0.5411905739631587,0.9909681566538422
4,10,16,-0.12636005186078775,0.13023867289868957,-0.9702191295984016,0.37649743154784826,0.9787437974965071
4,10,17,-0.04347760881346057,0.0763930790401788,-0.5691302060233031,0.5997029273137829,0.996297741304507
4,10,18,-0.05565134996222842,0.13659230390013602,-0.40742668783526953,0.7045565299192115,0.996297741304507
4,10,19,-0.0009500170019271618,0.06768735652370711,-0.014035368652347774,0.9894739054961122,0.9999842973802364
4,10,20,0.06444685032148512,0.09670665906322036,0.6664158491783657,0.534656735040424,0.9909681566538422
4,11,1,-0.07364268196300285,0.1722952642802792,-0.4274213935606384,0.6868544535161898,0.996297741304507
4,11,2,-0.06781274459634377,0.11517099760637489,-0.5888005314282476,0.5876387972243524,0.9945980265218507
4,11,3,0.0547027678288521,0.14965150838127325,0.36553435658742633,0.7296670930708664,0.996297741304507
4,11,4,0.01543375115577594,0.08329746199275133,0.1852847708245147,0.8602872869055214,0.9970118974932134
4,11,5,0.20243265880093927,0.18716637921673915,1.0815652877776738,0.32882786132075925,0.977783785791819
4,11,6,-0.1298781143099922,0.21784357551697603,-0.5961989652491492,0.5770057839546884,0.9921578326135176
4,11,7,-0.32595663532082003,0.11083675004364685,-2.9408714635670874,0.0322241101948062,0.8473514992757766
4,11,8,-0.07533492911388114,0.19590225494715593,-0.3845536598535732,0.7163807224107516,0.996297741304507
4,11,9,0.03002831061610008,0.09135767653189786,0.3286895174625736,0.75571023863541,0.996297741304507
4,11,10,-0.07901936802912143,0.12895807356308397,-0.612752391883815,0.5668349829209804,0.9921578326135176
4,11,12,0.009951403454491777,0.2083529023182013,0.047762250219322615,0.9637547958305478,0.9981155951445632
4,11,13,-0.2179317897719716,0.13295993830819355,-1.6390786017452796,0.19972681267000666,0.9327221140485742
4,11,14,0.1775706996382753,0.08305376588665471,2.138021048659875,0.08553126034673532,0.896144186594051
4,11,15,-0.06756679673895254,0.1810313370404738,-0.37323260073736936,0.7279129645917781,0.996297741304507
4,11,16,-0.24791015168773634,0.10064237535030567,-2.4632780260041836,0.05699865351407322,0.882260217325777
4,11,17,0.18659763949209157,0.14190484580512228,1.3149490310361274,0.2588454796446795,0.9659348365379999
4,11,18,-0.023987802417049484,0.17394657888987594,-0.13790327220001292,0.8969802839886031,0.9970118974932134
4,11,19,0.2475443805963396,0.2030835413903708,1.2189288156999707,0.28983809760213725,0.9720339886089545
4,11,20,0.37864800854601927,0.18244382739027545,2.075422413354426,0.09259907474092573,0.9122920172343513
4,12,1,-0.17711234660061922,0.12829809089587543,-1.3804753084204513,0.21666561341890897,0.9425722664941841
4,12,2,0.1585983026813368,0.1353356191497057,1.1718888469762454,0.29403735082719246,0.9723653007063686
4,12,3,0.04895484007693404,0.06420449878003479,0.7624830192023038,0.4801759487111265,0.9853788426768277
4,12,4,0.0039107360762101005,0.08210113141442182,0.047633156922311425,0.9635545374316797,0.9981155951445632
4,12,5,0.026355360744644434,0.10554242504205288,0.2497134278835601,0.8111385393195529,0.996297741304507
4,12,6,-0.03698975343892714,0.08637475259830597,-0.4282472866871557,0.6834174252630855,0.996297741304507
4,12,7,-0.014976833227883289,0.047592824349037756,-0.3146867922300856,0.7657075415743134,0.996297741304507
4,12,8,-0.052763004800997416,0.18009810862335968,-0.29296812278605355,0.7794147248492589,0.996297741304507
4,12,9,0.13494426712062998,0.10923417372487725,1.235366758568359,0.2715711301819828,0.9663965643755636
4,12,10,-0.021215855319733565,0.15901238375178392,-0.1334226606697362,0.8990628438134511,0.9970118974932134
4,12,11,-0.03173721561539434,0.10472841337190548,-0.30304302904301555,0.7740603122208375,0.996297741304507
4,12,13,-0.01813566220284248,0.059254716214813874,-0.30606276362525964,0.7748251959030295,0.996297741304507
4,12,14,0.023859229417400433,0.0999235769524004,0.23877477313014167,0.8192266850542818,0.996297741304507
4,12,15,-0.042773264279694245,0.08220605058846506,-0.5203177135136056,0.6214754934595815,0.996297741304507
4,12,16,-0.04291437028909049,0.10608187608574281,-0.4045400767045216,0.7025403494965304,0.996297741304507
4,12,17,-0.026379585722511353,0.09841002516054118,-0.26805791055544353,0.799361948840515,0.996297741304507
4,12,18,0.0023230036708982538,0.03071480844891342,0.07563139046386604,0.9433439526311754,0.9976607232147003
4,12,19,0.030562662131273136,0.14928847871880263,0.20472217543750143,0.8458620423133518,0.9970118974932134
4,12,20,0.15227058773438087,0.0531049869097912,2.8673500662032687,0.03510323800302347,0.8473514992757766
4,13,1,0.369650550877276,0.11199868740771561,3.3004900274260733,0.029919677228653206,0.8442257097777721
4,13,2,0.32560328027868346,0.1063194398300616,3.062499960459322,0.0548849792341515,0.8737966532283991
4,13,3,-0.11604964659167476,0.11497926008746884,-1.0093093876441919,0.38717070793946423,0.9787437974965071
4,13,4,-0.11247814216528262,0.18078927458144733,-0.6221505253841149,0.5675506991708635,0.9921578326135176
4,13,5,0.24147321753041553,0.05930201171667456,4.071922866293693,0.01519890909337167,0.79117608979195
4,13,6,-0.10974069959993506,0.055439247276074084,-1.9794767243406708,0.11887275397843079,0.9272249539364997
4,13,7,-0.060291829369321336,0.12936518186690799,-0.4660591706266376,0.6729264229267019,0.996297741304507
4,13,8,0.05261522889659021,0.032128389257586425,1.6376553605944815,0.20001823629413018,0.9327221140485742
4,13,9,-0.013094111206656408,0.13695368200317826,-0.09560977853999518,0.9284289002934207,0.9971125104614714
4,13,10,-0.23280302660391552,0.17217912376521904,-1.352097870587437,0.2692431408244495,0.9659348365379999
4,13,11,0.09269225777631694,0.09058125627670716,1.0233050587434755,0.38147750144474907,0.9787437974965071
4,13,12,-0.2065442364109831,0.06925038402048769,-2.9825717117596704,0.04063536979007366,0.8473514992757766
4,13,14,0.01939480244448637,0.11081000287244326,0.17502754211311847,0.8722042756354593,0.9970118974932134
4,13,15,-0.1719850930277396,0.10053256783519476,-1.710740078856513,0.16230001744149583,0.9327221140485742
4,13,16,-0.26203219035671466,0.15315166688017565,-1.710932670161632,0.18561883281867275,0.9327221140485742
4,13,17,0.2141830703841275,0.13344586226765673,1.6050184452548142,0.1837597330116217,0.9327221140485742
4,13,18,0.014744616779925382,0.1543376411150351,0.09553480714947556,0.929913914881158,0.9971125104614714
4,13,19,0.193951795909702,0.016368635295884587,11.848989997756044,0.007047375479532942,0.7296406661547277
4,13,20,-0.12757681373485188,0.1357060237344468,-0.9400969111257547,0.41652089644789964,0.9787437974965071
4,14,1,-0.03265740219271968,0.15049639042475832,-0.21699791005173624,0.835400482487694,0.9967052234147373
4,14,2,0.04607990229377897,0.10153272744633843,0.453842849023031,0.6689617798529955,0.996297741304507
4,14,3,0.06384205339746093,0.128614540822983,0.4963828583335127,0.640673575189274,0.996297741304507
4,14,4,0.035651130984438846,0.11208360877630726,0.318076223395627,0.7612067059159167,0.996297741304507
4,14,5,0.14458393134967218,0.19456062018156106,0.7431305020204267,0.48547107409462353,0.9853788426768277
4,14,6,0.12427861943910759,0.12312681812674393,1.009354593328065,0.3591266409178932,0.9787437974965071
4,14,7,-0.1397292341978238,0.13018409811534287,-1.0733202919526363,0.34356461535375643,0.977783785791819
4,14,8,0.042579704202115376,0.16214157165731227,0.26260818719486306,0.8033294829974542,0.996297741304507
4,14,9,0.006849443627419189,0.04225373343319568,0.1621026846795975,0.8775722110063245,0.9970118974932134
4,14,10,0.10760642964671346,0.14023431053165955,0.7673331101210977,0.47753393867564065,0.9844454813806669
4,14,11,-0.07445922878396366,0.18438990518777845,-0.403814019578416,0.7030408997235307,0.996297741304507
4,14,12,0.015639726054105733,0.15898367179896225,0.09837315918696404,0.9248401221183266,0.9971125104614714
4,14,13,0.04664181147885945,0.11638749490936433,0.4007459007067776,0.7154410517595176,0.996297741304507
4,14,15,0.026091251011777,0.18555291749800623,0.14061353151139072,0.8927771649720893,0.9970118974932134
4,14,16,0.10382399249801388,0.16096284928539176,0.6450183564611605,0.5473403288792491,0.9918684669151606
4,14,17,-0.15901314620524065,0.10568591664454956,-1.5045821737870757,0.20687697621251555,0.9327221140485742
4,14,18,-0.10453803616721559,0.09881056742008248,-1.0579641317281927,0.34973084348952876,0.9787437974965071
4,14,19,0.08676961805192927,0.1586333719338716,0.5469821197998196,0.6079075945578299,0.996297741304507
4,14,20,0.15499139323035538,0.1675789985222249,0.9248855441087684,0.39746846365170346,0.9787437974965071
4,15,1,0.002848734246066511,0.15559916925679443,0.01830815845389746,0.9859866488369534,0.9999842973802364
4,15,2,0.022996297679555466,0.09835091440795314,0.2338188497560329,0.8243974904527759,0.996297741304507
4,15,3,0.045818598958970704,0.23613594972811702,0.19403483040820949,0.8537854855018397,0.9970118974932134
4,15,4,0.09074673997035171,0.13143832570592603,0.6904130852419241,0.5157389471669689,0.9870199575036301
4,15,5,0.01760986925849227,0.19221250864484904,0.09161666627502583,0.9299848404897878,0.9971125104614714
4,15,6,-0.2240348677225348,0.15759810397068527,-1.4215581410978513,0.20498653293574173,0.9327221140485742
4,15,7,0.07166684568877701,0.0976554315808633,0.7338746501642318,0.4959736177371391,0.9870199575036301
4,15,8,-0.12231712609261541,0.16155719748875128,-0.7571134433696454,0.477649976422251,0.9844454813806669
4,15,9,0.049078685482924336,0.08773318236475035,0.5594084719088439,0.5961310338489477,0.996297741304507
4,15,10,0.04907877453372633,0.08781788827923871,0.5588699010514732,0.6003542661174225,0.996297741304507
4,15,11,-0.011489682544331829,0.06630986414613346,-0.1732725996668856,0.8692333932982051,0.9970118974932134
4,15,12,-0.2116375707400826,0.12508944892410165,-1.6918898640828002,0.14161612267901594,0.9327221140485742
4,15,13,0.10643548330231999,0.15994150829292259,0.6654650468015143,0.5421625749687805,0.9909681566538422
4,15,14,-0.04979455700182511,0.10172981209099571,-0.4894785115379471,0.6418820294582488,0.996297741304507
4,15,16,-0.08204968028990015,0.0490252789426035,-1.6736198560805018,0.15506163529487058,0.9327221140485742
4,15,17,0.010749598267190288,0.13415497512225416,0.08012821184838022,0.9392435871231397,0.9976607232147003
4,15,18,0.0862280713864088,0.1386460582386697,0.6219294834718715,0.5676823074396738,0.9921578326135176
4,15,19,-0.10824788127848174,0.04472707480924022,-2.420186916710647,0.0601035487037562,0.8872441397771501
4,15,20,0.08078049885817372,0.12905485587688337,0.6259392434997666,0.5588145515379027,0.9921578326135176
4,16,1,0.08894926376441742,0.09138897121140536,0.9733041370788866,0.3751035577791759,0.9787437974965071
4,16,2,0.028616671673391766,0.10088098068735193,0.2836676594351937,0.7907420694231498,0.996297741304507
4,16,3,0.21056327044198167,0.04092553400311969,5.145034159378,0.003629969502925275,0.7168717760835697
4,16,4,0.1393724054014867,0.09628841828155012,1.4474472411885542,0.20742543978800113,0.9327221140485742
4,16,5,0.18276034887594075,0.08786337651504192,2.0800515086348033,0.09205589489079885,0.9122920172343513
4,16,6,-0.04027363880476745,0.08772851826770539,-0.45907123019463897,0.6654499013730263,0.996297741304507
4,16,7,-0.23158401641151546,0.08579542033562965,-2.6992584860924396,0.04282199035356403,0.8473514992757766
4,16,8,0.16116226420087296,0.07728879929460462,2.085195599746342,0.09145621911674441,0.9121617654688419
4,16,9,0.09681367663928173,0.09337708903890403,1.0368033276118631,0.34734385024717396,0.9778316154669235
4,16,10,0.05231219313889448,0.09571032690475881,0.5465679078748074,0.6081717890878575,0.996297741304507
4,16,11,-0.03349662422549646,0.07648103041268492,-0.43797297243922634,0.679680080808658,0.996297741304507
4,16,12,0.05109384088478657,0.07297025804058792,0.700200907274669,0.5150337306370902,0.9870199575036301
4,16,13,-0.15498198905194982,0.03206144396445252,-4.833905460370065,0.01688139270576665,0.8007238270101881
4,16,14,0.06405132600060176,0.07049323850786646,0.9086165901222646,0.4052184191646171,0.9787437974965071
4,16,15,0.11491682178514494,0.032151661496727366,3.5742109873005417,0.015972347681266718,0.7986173840633359
4,16,17,0.039398797425423106,0.11553510802526125,0.34101147346889327,0.7502541865307826,0.996297741304507
4,16,18,-0.09407245570852846,0.06200746226620027,-1.5171150740398778,0.20383674365126733,0.9327221140485742
4,16,19,0.06692565147077087,0.04275212942431056,1.5654343390705787,0.19253632601895565,0.9327221140485742
4,16,20,0.029274442941965018,0.06384514960927737,0.4585225834798985,0.6658179708414776,0.996297741304507
4,17,1,-0.10632909205458162,0.07007081765223093,-1.5174518525070875,0.18960437094346846,0.9327221140485742
4,17,2,0.1434846779780062,0.07826015124194292,1.833432157990429,0.14066613274817713,0.9327221140485742
4,17,3,0.0942501778141256,0.16408261437926858,0.5744068509031477,0.5964511420512821,0.996297741304507
4,17,4,0.0896330633408242,0.1983109708700863,0.45198237367861466,0.6702137761240647,0.996297741304507
4,17,5,0.08941710503096832,0.056575162932801216,1.5805010607851995,0.1748313396973501,0.9327221140485742
4,17,6,0.18609255234039312,0.11372221184021379,1.6363782354165552,0.16268733771245897,0.9327221140485742
4,17,7,-0.11784890645111826,0.18360901933106277,-0.641847044768453,0.5559065261157472,0.9921578326135176
4,17,8,0.09069010176328704,0.15908314846259639,0.5700798773418795,0.5932833217221167,0.996297741304507
4,17,9,0.03957000724907527,0.14632274869350873,0.2704296331371492,0.7976374080063512,0.996297741304507
4,17,10,-0.05864159007593111,0.12915837884851056,-0.45402853921120834,0.6733527755171721,0.996297741304507
4,17,11,-0.04794366126739999,0.0933979038438721,-0.5133269516094421,0.6347742687921756,0.996297741304507
4,17,12,-0.056709119240532097,0.12668360813741478,-0.4476437012953688,0.6731381730436824,0.996297741304507
4,17,13,0.07793151547065554,0.20138036257737535,0.3869866677806051,0.7184731543836419,0.996297741304507
4,17,14,0.07290851960189294,0.14344419911826606,0.5082709516979036,0.6328873369972379,0.996297741304507
4,17,15,0.011042651817476259,0.10215764975748833,0.10809422342411239,0.9181246621234277,0.9971125104614714
4,17,16,0.04889283477115713,0.07882553606118188,0.6202664417351731,0.5686731429196968,0.9921578326135176
4,17,18,0.0019283100750630082,0.12423134884126541,0.015521928185061833,0.9885903608331642,0.9999842973802364
4,17,19,0.06301909999198471,0.06676680687765775,0.9438687116865699,0.3986806291493051,0.9787437974965071
4,17,20,0.05241093247388097,0.13924646366830012,0.37638968410970197,0.7257409161391346,0.996297741304507
4,18,1,-0.05656987350885693,0.02964979942309983,-1.9079344416365944,0.152435556959549,0.9327221140485742
4,18,2,0.05144231129016474,0.07166060446471464,0.7178604154082573,0.52469523044468,0.9900419620498572
4,18,3,0.09625521107355677,0.057463405896991185,1.6750697173158975,0.16923113113265786,0.9327221140485742
4,18,4,-0.03099808180594169,0.06630095438388692,-0.4675359818501737,0.6644509644603159,0.996297741304507
4,18,5,-0.2665655914621354,0.16661780071409688,-1.5998626216291334,0.18487906146139693,0.9327221140485742
4,18,6,0.11562435259663455,0.128181239388123,0.9020380294937763,0.41804247805972283,0.9787437974965071
4,18,7,-0.1611095426577158,0.12704716371453714,-1.2681081414650504,0.273544556567751,0.9670747067692197
4,18,8,0.05974760131094921,0.14515502288892182,0.41161235843873445,0.708264169982012,0.996297741304507
4,18,9,0.12654214087840873,0.12262673129510267,1.0319294948248408,0.3604107188604484,0.9787437974965071
4,18,10,0.014537348694451868,0.07580800333580731,0.19176535529980776,0.8572673210366829,0.9970118974932134
4,18,11,0.00023866646589157598,0.055752419903851026,0.004280827025963936,0.996789391988001,0.9999842973802364
4,18,12,0.09827136982769767,0.09433253836175316,1.041754749032596,0.35634668932949626,0.9787437974965071
4,18,13,-0.11166108828923876,0.12322417447794295,-0.9061621939152845,0.43165068430425635,0.9787437974965071
4,18,14,-0.02855949541661328,0.19094607253109042,-0.1495683835644934,0.8883434651747328,0.9970118974932134
4,18,15,0.09243362823682685,0.0755141569312448,1.2240569449747425,0.28809695072661695,0.9710602551597926
4,18,16,0.10282572830969927,0.05183864592032088,1.9835728052342463,0.11831699723122828,0.9266880947092055
4,18,17,-0.06071794105700397,0.08195680091915447,-0.7408529905426368,0.5125012154952947,0.9870199575036301
4,18,19,-0.01601824819687261,0.23973269763696023,-0.06681711904424095,0.9509310540012184,0.9977648266713631
4,18,20,-0.07991057331128648,0.20072070810076253,-0.39811823138234925,0.7108773508828896,0.996297741304507
4,19,1,0.04416213270893549,0.13335965646753245,0.3311506183982709,0.7539586406744753,0.996297741304507
4,19,2,0.14839166257664543,0.0946963232930031,1.5670266533573296,0.1921750635783466,0.9327221140485742
4,19,3,0.025973776194994427,0.1345599402440297,0.19302755446901168,0.8563422228809372,0.9970118974932134
4,19,4,-0.02649195109216716,0.1403440129403894,-0.18876438358101355,0.8577001956251423,0.9970118974932134
4,19,5,0.25669849354424606,0.14256222531515939,1.800606668245865,0.13165471751117483,0.9327221140485742
4,19,6,-0.10730768272428834,0.06505312531443481,-1.6495392374150546,0.15995073827110826,0.9327221140485742
4,19,7,-0.0895929602701737,0.16245838607232196,-0.5514825207591187,0.6106603830564783,0.996297741304507
4,19,8,0.23492352419862889,0.21520150641182798,1.0916444225439925,0.32477666829136337,0.97468787269659
4,19,9,0.07805286811739144,0.07114351441121226,1.0971185323393742,0.32259443016014633,0.97468787269659
4,19,10,-0.0480296469308715,0.1131379455405838,-0.42452288399755517,0.6930226304333755,0.996297741304507
4,19,11,-0.16447128632758906,0.16922966787218327,-0.97188210787508,0.38614301453518884,0.9787437974965071
4,19,12,0.12799547745572215,0.07488835773407453,1.7091505452492317,0.14811917741749006,0.9327221140485742
4,19,13,-0.13365766067560883,0.06747199152643142,-1.9809354615132257,0.14192830923823535,0.9327221140485742
4,19,14,0.0740286189429208,0.07874165871968886,0.9401455359927573,0.39030691863441097,0.9787437974965071
4,19,15,-0.08278243048190825,0.10362971697131976,-0.7988290704684645,0.46063376996959443,0.9831823609235607
4,19,16,0.10027754400480544,0.09325461615815256,1.0753091711156393,0.3427731596856683,0.977783785791819
4,19,17,-0.08669666226365476,0.1049671600728109,-0.8259408199925702,0.45525271673784534,0.9823636982311391
4,19,18,-0.06361900999649128,0.033439589080514975,-1.9025057347866499,0.15325266586038447,0.9327221140485742
4,19,20,0.055022315139011777,0.10704932420347164,0.5139903081864892,0.6343501820399089,0.996297741304507
4,20,1,-0.04705146442838011,0.09079268493901639,-0.5182296840264763,0.6264059021148969,0.996297741304507
4,20,2,0.010875089987171174,0.1212962608264563,0.08965725664570129,0.9328694302556951,0.9971125104614714
4,20,3,0.011357158163144905,0.13276380836237475,0.08554408240580404,0.9351486739889869,0.9971125104614714
4,20,4,-0.16002254393932125,0.10021833115754934,-1.5967392600676944,0.17121290031579112,0.9327221140485742
4,20,5,0.060579828617417376,0.04863961008379157,1.2454834344233205,0.2809288205090819,0.9710602551597926
4,20,6,0.20825150724569813,0.06327084829200436,3.2914290366599017,0.0216793235642525,0.8394596075808679
4,20,7,0.04314100656892733,0.1048845411038956,0.4113190191277261,0.6978751591511676,0.996297741304507
4,20,8,-0.02348761786812966,0.12890089186283574,-0.1822145489337713,0.8625716487748555,0.9970118974932134
4,20,9,0.010073040374130314,0.11699359674441591,0.08609907426001927,0.9347291733460316,0.9971125104614714
4,20,10,0.11331017725727123,0.18980436728267994,0.5969840361361066,0.5765208527365302,0.9921578326135176
4,20,11,0.13074951161391016,0.20145922839882127,0.649012272371168,0.5449579849782532,0.9915494497350573
4,20,12,-0.10513843065117216,0.11692115126599585,-0.8992250718698689,0.4097463143426492,0.9787437974965071
4,20,13,0.03109158651024262,0.10874693859979746,0.2859076946007436,0.7935543232831225,0.996297741304507
4,20,14,-0.14136557519511617,0.17184688793016895,-0.8226251688173621,0.4481611931886044,0.9809403935722025
4,20,15,0.029213998112523534,0.1239166118919781,0.23575530081273133,0.8229748844797353,0.996297741304507
4,20,16,0.028239388113882172,0.1991441017067524,0.14180378867220475,0.8927715563514053,0.9970118974932134
4,20,17,-0.07631527566697636,0.1873195033824035,-0.4074069933378752,0.704569873149501,0.996297741304507
4,20,18,0.05274049342652759,0.04821477307513875,1.0938658436334858,0.3354674905597771,0.977783785791819
4,20,19,-0.22517021132572465,0.08841407744400605,-2.5467687706833964,0.0635227876404006,0.8907254355480528
5,1,2,-0.008868281970899694,0.10370598395589616,-0.08551369585949507,0.9351716429007549,0.9971125104614714
5,1,3,-0.27133781436776805,0.07087994803285982,-3.828132241831613,0.012271001732039195,0.7296406661547277
5,1,4,-0.23601329499120063,0.036226651323015016,-6.514907847271686,0.0006235412370019259,0.6579150864527538
5,1,5,-0.020348623056856363,0.07763972849527824,-0.26209034280473814,0.8020176963078729,0.996297741304507
5,1,6,0.10955503534813736,0.10042727408976931,1.0908892662875433,0.31718036972735575,0.9738435620968914
5,1,7,0.1345099580494866,0.07827212678932867,1.7184911610975502,0.14634640610918986,0.9327221140485742
5,1,8,0.1702721791032094,0.07659054117299832,2.2231489227421073,0.0679030152607252,0.8921703470566514
5,1,9,0.011248254575188308,0.05894297804784354,0.19083281753879752,0.8549500252880996,0.9970118974932134
5,1,10,-0.11923401733149183,0.1145385480602564,-1.0409946638028293,0.34557348292247625,0.977783785791819
5,1,11,-0.25589702440179546,0.20852151470618757,-1.2271972259607555,0.27437345027910626,0.9670747067692197
5,1,12,-0.19161768549516653,0.1035147545668465,-1.8511147159178634,0.11361444863342167,0.9266880947092055
5,1,13,-0.133813483295446,0.07411960619294021,-1.805372291716064,0.14532726260776102,0.9327221140485742
5,1,14,-0.06474218266871766,0.055610965761916244,-1.164198135754918,0.2885378293768802,0.9710602551597926
5,1,15,0.06289027643652385,0.11373317007360251,0.5529633649995986,0.6002685552588265,0.996297741304507
5,1,16,0.31660058487999554,0.053809987739938614,5.883676956111365,0.0020148197876791113,0.7168717760835697
5,1,17,0.0165344722956516,0.11566579006793562,0.14295041157629426,0.8919115277296135,0.9970118974932134
5,1,18,-0.08884347958966607,0.13293488940795636,-0.6683232670119506,0.5405155921656624,0.9909681566538422
5,1,19,0.030139742790960742,0.05524127925862621,0.5456018252095178,0.6087882434999727,0.996297741304507
5,1,20,-0.20089328725095945,0.13394460203933245,-1.4998236897256068,0.19394759242211307,0.9327221140485742
5,2,1,-0.2018552004999655,0.06156137515778141,-3.278926112019639,0.021980587093235884,0.8394596075808679
5,2,3,-0.04038927239319769,0.10862899985790843,-0.3718092999627801,0.7288931972662451,0.996297741304507
5,2,4,0.11794975946496838,0.09252742259715753,1.2747546203380042,0.2584207794551052,0.9659348365379999
5,2,5,-0.1241138955556257,0.09637674616649955,-1.2877991890276095,0.2541953161979907,0.9659348365379999
5,2,6,-0.008721860862686706,0.10585713174876464,-0.08239275633600471,0.9375311088193538,0.9971125104614714
5,2,7,-0.20640472386184314,0.1519036521343435,-1.3587871059080272,0.2457860761068801,0.9659348365379999
5,2,8,0.14580044060144565,0.13520063473609734,1.0784005628742797,0.3301087831731278,0.977783785791819
5,2,9,-0.17292953986083437,0.04974860872813055,-3.47606785955352,0.01773342120465731,0.8118915732252745
5,2,10,-0.006611829245911701,0.054693691556248335,-0.1208883338765138,0.9096087355339667,0.9970118974932134
5,2,11,0.14550197772928955,0.15810307742797108,0.9202982009926868,0.4094957785608379,0.9787437974965071
5,2,12,-0.10845551059928132,0.08782636189577409,-1.2348856113014621,0.2717354550092868,0.9663965643755636
5,2,13,0.09780383060139372,0.26934612933722557,0.36311578280963036,0.7405959287245056,0.996297741304507
5,2,14,0.2808139923206522,0.09246228566232315,3.037065224011028,0.028847371731815258,0.8442257097777721
5,2,15,-0.06751003633185859,0.14425394159987262,-0.46799439642798785,0.659478680847849,0.996297741304507
5,2,16,-0.2355364680812457,0.13075959173142473,-1.8012940003914009,0.14601836736134063,0.9327221140485742
5,2,17,0.03267353549263857,0.2572371725555107,0.12701716150864917,0.9050559683083836,0.9970118974932134
5,2,18,0.09131197728728865,0.10680465627065622,0.8549437868611071,0.4554251014310089,0.9823636982311391
5,2,19,-0.09575601362789488,0.10853301806395531,-0.8822754156766045,0.4274585907062872,0.9787437974965071
5,2,20,0.14158411416944955,0.12428776372664913,1.1391637432603727,0.31822433333026406,0.9738435620968914
5,3,1,-0.0032143391482669192,0.09241276470498709,-0.034782415161946495,0.9739197615937029,0.9998192749453514
5,3,2,0.3605593822904507,0.16491290654371962,2.1863624251427365,0.09407339054577832,0.9122920172343513
5,3,4,-0.21450509386518024,0.12482536872221695,-1.7184414999872,0.1463557747505933,0.9327221140485742
5,3,5,0.11038308748709179,0.11415953181697429,0.9669195881347518,0.3779929065258259,0.9787437974965071
5,3,6,0.19999676636868619,0.2130161740411619,0.9388806613769205,0.39089656903495057,0.9787437974965071
5,3,7,0.35799236570716514,0.12461796113996715,2.8727188475039016,0.0348835672753532,0.8473514992757766
5,3,8,-0.06656642253108837,0.22512248016488032,-0.295689806198116,0.7793532216599394,0.996297741304507
5,3,9,0.16169019414844976,0.2597480185528027,0.62248865284398,0.5609061927786723,0.9921578326135176
5,3,10,0.37317463502227854,0.25769553926727984,1.4481222146176795,0.20724617089783368,0.9327221140485742
5,3,11,-0.2681926168062012,0.14693890805224416,-1.82519810688276,0.12755320988562763,0.9327221140485742
5,3,12,-0.24953470055819915,0.12887260826159447,-1.9362896733628623,0.11059531001534596,0.9266880947092055
5,3,13,0.20792075846056235,0.10092470014524034,2.0601573069752424,0.13147609616511324,0.9327221140485742
5,3,14,-0.2144701281476761,0.09156177555638517,-2.3423544032658006,0.06618611855730118,0.8921703470566514
5,3,15,-0.0006898133091601652,0.13226755406021432,-0.005215287407831818,0.9960405055602909,0.9999842973802364
5,3,16,0.1196225159796836,0.17150049789749763,0.6975053568094131,0.516581068117546,0.9870199575036301
5,3,17,-0.2973314966895274,0.12235071547097243,-2.4301574007357467,0.07196873549271231,0.8921703470566514
5,3,18,0.1033884066706075,0.14598758919273405,0.7081999726251048,0.517908012975229,0.9874392142122583
5,3,19,-0.002705833991003076,0.09057919209653813,-0.02987257810921255,0.9775997306645215,0.9998328560154682
5,3,20,-0.07442855531830848,0.1749090200491676,-0.42552725580968204,0.6881463366529437,0.996297741304507
5,4,1,0.05708588076176829,0.08189528051865697,0.6970594691114858,0.5118553895404201,0.9870199575036301
5,4,2,-0.14052710083749012,0.09659506020566012,-1.454806286541358,0.20547890017635773,0.9327221140485742
5,4,3,-0.10629824423612601,0.10416547825355552,-1.0204747870149313,0.3543135518432938,0.9787437974965071
5,4,5,-0.16910278377846794,0.12675296456231733,-1.3341130470679876,0.23056886587138611,0.9551865621300482
5,4,6,0.1086115435597031,0.10677624031223037,1.017188311192535,0.3483126193245296,0.9787437974965071
5,4,7,-0.04724405198805696,0.09600969757409596,-0.4920758338094342,0.6435075609722772,0.996297741304507
5,4,8,0.2407180962274439,0.11811863595641829,2.0379349479977287,0.08769480889230596,0.9038873468295585
5,4,9,-0.035772036796843557,0.07268446591594896,-0.492155185369561,0.6400968379553331,0.996297741304507
5,4,10,-0.07273375463504585,0.1103669974702003,-0.6590172452052556,0.5390200825184903,0.9909681566538422
5,4,11,-0.0941731664944487,0.11607981397172311,-0.8112794401667277,0.4540761553938964,0.9823636982311391
5,4,12,0.043209875127095,0.08025222818336251,0.5384258618692737,0.609661149766393,0.996297741304507
5,4,13,0.053556777049049153,0.0687626473746959,0.7788643848517495,0.479564571320378,0.9853788426768277
5,4,14,-0.06645032534216318,0.07570631720403267,-0.8777381834886798,0.41384751942696224,0.9787437974965071
5,4,15,-0.15623540925228424,0.08170430530687639,-1.9122053441805955,0.10438823408534548,0.9180663567179747
5,4,16,-0.0006776700465509056,0.09335981233423786,-0.007258691181999354,0.9944891626074515,0.9999842973802364
5,4,17,-0.04510584705033578,0.12798558886452585,-0.35242910901264346,0.7388854104085498,0.996297741304507
5,4,18,0.055376915641245396,0.1620025587150333,0.34182741359235563,0.7496846370151251,0.996297741304507
5,4,19,-0.22502163419686858,0.16720075473397827,-1.3458170960623912,0.23616193115225484,0.9577538296493169
5,4,20,-0.15436513950804898,0.15509015244118018,-0.9953252161873946,0.3652761820436274,0.9787437974965071
5,5,1,0.011555886031222465,0.14829814732479077,0.07792333376785728,0.9404227012894399,0.9976607232147003
5,5,2,-0.14888174984819286,0.20569684119580095,-0.7237921058094902,0.5016280096614549,0.9870199575036301
5,5,3,-0.2640151242709412,0.16300448099687184,-1.6196801625004906,0.16622634400442127,0.9327221140485742
5,5,4,-0.2332036760658611,0.10082079266978473,-2.3130514042609533,0.06001741798917375,0.8872441397771501
5,5,6,-0.09396916996909067,0.13438585430803626,-0.6992489682209958,0.5155798119885989,0.9870199575036301
5,5,7,-0.030764565726778013,0.06470529728319312,-0.47545667847960726,0.6545070006548761,0.996297741304507
5,5,8,0.041144620464610225,0.14065052983379794,0.2925308600894495,0.7797332252581116,0.996297741304507
5,5,9,0.12797184497819394,0.08747755084311058,1.4629106981543898,0.1938167333617429,0.9327221140485742
5,5,10,0.3732266803835845,0.0908286686348275,4.10912860431783,0.009271747520196999,0.7296406661547277
5,5,11,-0.11399247963727394,0.08722662296889415,-1.3068542121207407,0.24813683283731255,0.9659348365379999
5,5,12,-0.06716209659666848,0.05685038976403212,-1.1813832213685005,0.2821500072984527,0.9710602551597926
5,5,13,0.21271001784869453,0.05112159267530436,4.160864454977923,0.014135279820144186,0.7512456407908799
5,5,14,-0.2146262810763135,0.028778436450453807,-7.457885401048992,0.00029968894759568773,0.6579150864527538
5,5,15,-0.042765060323843966,0.0772543104050114,-0.5535621261660537,0.5998834798911546,0.996297741304507
5,5,16,0.10629658130149236,0.07265538250333302,1.463024178492943,0.2033258537958113,0.9327221140485742
5,5,17,-0.28800032573707957,0.07467382776513719,-3.856777325504678,0.011918880985932545,0.7296406661547277
5,5,18,0.17765874642113302,0.036533717652002425,4.862870735153137,0.008262128688065855,0.7296406661547277
5,5,19,-0.04025004185978738,0.06728954647514544,-0.5981618834963655,0.5757937844518733,0.9921578326135176
5,5,20,-0.2943591418665027,0.20161659041965563,-1.459994642565613,0.20411704939411637,0.9327221140485742
5,6,1,0.09060219677882418,0.1048714627086238,0.8639356640775626,0.42081329511737176,0.9787437974965071
5,6,2,-0.08816019305460326,0.09385949142409955,-0.9392784013213584,0.3907110763747758,0.9787437974965071
5,6,3,-0.17322788961479385,0.05777560832698945,-2.9982875927742234,0.030158537018271387,0.8442257097777721
5,6,4,0.028292372403017397,0.12062371656768844,0.23455066058179758,0.8223566344057393,0.996297741304507
5,6,5,-0.09914093717125948,0.04931390515202836,-2.0104053180053465,0.09110334196129578,0.9113969002834877
5,6,7,0.20229045092779643,0.056152887020500954,3.6024942199381376,0.015502458969437145,0.7936491560262205
5,6,8,-0.11129662492932917,0.11386015263228669,-0.9774852953849977,0.3660789964428889,0.9787437974965071
5,6,9,0.05301813399867595,0.05589303077939964,0.9485643068271072,0.37946563945788925,0.9787437974965071
5,6,10,-0.050830088997396494,0.1643869778753592,-0.3092099487079047,0.7696320029704252,0.996297741304507
5,6,11,-0.11634985261277492,0.05344238390032997,-2.1771082073657166,0.08140944310749329,0.8921703470566514
5,6,12,0.0018780252498696655,0.10410262698177873,0.01804013312920854,0.9861917734623162,0.9999842973802364
5,6,13,0.0659946278887647,0.050579465678639274,1.3047711556852368,0.26197292877042394,0.9659348365379999
5,6,14,-0.13920046805031203,0.060908810057513536,-2.2853913566294546,0.06233688911399901,0.8885715236277543
5,6,15,0.004312405656646478,0.0768019506941628,0.05614968913697246,0.9570456778924934,0.9981155951445632
5,6,16,0.0037614903097613773,0.13167705564909749,0.02856602686922695,0.9783158290163692,0.9999842973802364
5,6,17,0.0732099938179392,0.06421913155906904,1.1400028626899186,0.30593323717829607,0.9723653007063686
5,6,18,0.029113437296293173,0.08964961184868442,0.32474694196231096,0.761646972636777,0.996297741304507
5,6,19,0.17365401158228372,0.06410833564332458,2.7087586947463835,0.04233886492661878,0.8473514992757766
5,6,20,-0.29096297667536064,0.06799538960552892,-4.2791574305123525,0.007869818492035352,0.7296406661547277
5,7,1,-0.011801920934102537,0.13692488560160082,-0.08619266601657373,0.934658432684578,0.9971125104614714
5,7,2,-0.002773804859362085,0.09869283629025398,-0.028105432608870065,0.97892439371678,0.9999842973802364
5,7,3,-0.05734526558865761,0.09740083132149845,-0.5887554018793217,0.5816162226973633,0.9927843962825581
5,7,4,-0.14004696232073632,0.09076161693720076,-1.5430196931825682,0.18347230322824062,0.9327221140485742
5,7,5,-0.010269031298548214,0.1905970255950915,-0.053878234806822696,0.9591186551056949,0.9981155951445632
5,7,6,0.0817594134536225,0.1665393128333105,0.4909316128556668,0.6442616074337877,0.996297741304507
5,7,8,-0.06285924862819363,0.11828824673495969,-0.5314073913742808,0.6178879157914622,0.996297741304507
5,7,9,-0.0016651347831727883,0.13138955878030126,-0.012673265658380173,0.9903785962083085,0.9999842973802364
5,7,10,0.1945289191449209,0.1251181263105624,1.55476208667412,0.18072122115401332,0.9327221140485742
5,7,11,0.2084411211758291,0.15077105165207763,1.3825009435859716,0.22538178314591095,0.9497866821310842
5,7,12,-0.11139000684761625,0.1539394847198383,-0.7235960744549494,0.5017383924447804,0.9870199575036301
5,7,13,0.14808317918820335,0.22458318105884567,0.6593689629355769,0.5567552889269722,0.9921578326135176
5,7,14,-0.0952773102065476,0.07757528002146209,-1.2281916375804232,0.2740309579299463,0.9670747067692197
5,7,15,0.2536408772064761,0.1411334073477469,1.7971710736049775,0.1322383331451068,0.9327221140485742
5,7,16,-0.08602444258406197,0.16947373390062342,-0.5075974937449462,0.6333270034212256,0.996297741304507
5,7,17,-0.04051645525553475,0.2024046623616293,-0.20017550377839247,0.8511086230534507,0.9970118974932134
5,7,18,-0.1105989608760545,0.1829796836235095,-0.6044330096395475,0.5781648863534511,0.9921578326135176
5,7,19,0.011769840630706787,0.043610521345861866,0.26988534571953066,0.8005999389930395,0.996297741304507
5,7,20,-0.0052967286988372655,0.09754155870299192,-0.05430227658050019,0.9587972814072209,0.9981155951445632
5,8,1,-0.07687668438480184,0.10504836911751207,-0.7318217791470149,0.4918602727914322,0.9869113698394234
5,8,2,-0.03698278976024027,0.09653635340107106,-0.3830970246639423,0.7173943551854788,0.996297741304507
5,8,3,-0.3439677275124915,0.13303285718981556,-2.585584755344476,0.04909870008130214,0.8578547234897509
5,8,4,0.2225455648948983,0.0617981736842203,3.6011673423954673,0.01135058995113506,0.7296406661547277
5,8,5,-0.3192656503977974,0.10989337553546853,-2.9052310827584678,0.027148641881834867,0.8413471823780126
5,8,6,0.1980653627933067,0.05286215319756828,3.746827376654629,0.009545366456906419,0.7296406661547277
5,8,7,-0.5598462732460652,0.233796699815365,-2.3945858674899814,0.062034734007755256,0.8885715236277543
5,8,9,-0.02666493444825405,0.12980394262051206,-0.20542468826239596,0.8440326056227202,0.9970118974932134
5,8,10,-0.05992304565429266,0.08778787494948811,-0.6825890897585678,0.5252009845854184,0.9900419620498572
5,8,11,-0.15275093810387083,0.18157332827586137,-0.8412630839203299,0.4385705805919259,0.9809403935722025
5,8,12,-0.05428738768617404,0.10204081157629906,-0.5320164240858636,0.6138284282048142,0.996297741304507
5,8,13,0.17373507131137822,0.13762747009446477,1.2623575162056495,0.27540364028381487,0.9688419293440662
5,8,14,0.13185764052692678,0.13311502100863262,0.9905541803384093,0.36015313460304366,0.9787437974965071
5,8,15,-0.0011455568589512906,0.08019541071218714,-0.014284568764767457,0.9890660886039065,0.9999842973802364
5,8,16,0.05701593053735398,0.18080871308110977,0.3153384013715181,0.7652411545350107,0.996297741304507
5,8,17,-0.054800533253230636,0.08491537039524923,-0.6453546984192535,0.5471394403952335,0.9918684669151606
5,8,18,-0.0999884996879825,0.2705374464574145,-0.3695920878862593,0.73042144806757,0.996297741304507
5,8,19,-0.17018466734180077,0.2166941157063981,-0.7853681987913368,0.46780211046428444,0.9831823609235607
5,8,20,-0.32803861530862244,0.06406509642143171,-5.120395248383068,0.0037058993551705045,0.7168717760835697
5,9,1,0.132630852580828,0.1548520000414634,0.8565007397028004,0.4246014478994498,0.9787437974965071
5,9,2,-0.140175394029957,0.08671179462643823,-1.6165666347032477,0.1668946089073605,0.9327221140485742
5,9,3,-0.37898249133635276,0.14042217927466794,-2.6988791463801336,0.042841407241230436,0.8473514992757766
5,9,4,0.08116978656435615,0.1221190527964364,0.6646774987601289,0.5309580833279945,0.990892613617138
5,9,5,-0.24267374866196428,0.08358239110529078,-2.9034075892057074,0.02721326578200835,0.8413471823780126
5,9,6,0.023917806325079897,0.16007613605375373,0.14941519026233152,0.8861218224269787,0.9970118974932134
5,9,7,-0.2292535938463607,0.10644543411836893,-2.1537193750299664,0.08384984229055871,0.8936049968041163
5,9,8,-0.13753477975295825,0.21456458863100433,-0.6409947728552802,0.5452155905684916,0.9915494497350573
5,9,10,-0.023233255084810018,0.13543104024382785,-0.17155044399577593,0.8705178317528515,0.9970118974932134
5,9,11,-0.2487639544812457,0.1911767761071646,-1.301224759332165,0.24991271952293329,0.9659348365379999
5,9,12,0.06180570223680991,0.19361117172634845,0.3192259087396431,0.7603768623165106,0.996297741304507
5,9,13,0.20538791128745423,0.14120480794344645,1.454539078926116,0.21948191497236252,0.9441880781319402
5,9,14,-0.07740069192354468,0.10548799458204533,-0.7337393437943409,0.4907728763351613,0.9869113698394234
5,9,15,-0.08496415364476041,0.1276802851477483,-0.6654445793708611,0.5305003091855645,0.990858282086579
5,9,16,0.03811128665566811,0.07633453647067345,0.49926662841282343,0.6387799446583696,0.996297741304507
5,9,17,-0.07501622981577218,0.07999539267249764,-0.9377568795987039,0.3914210453960305,0.9787437974965071
5,9,18,0.22719829233449543,0.19310170513933822,1.1765732061732816,0.3046028796127195,0.9723653007063686
5,9,19,0.22349720432265124,0.195363590699029,1.1440064319140202,0.30441675717658745,0.9723653007063686
5,9,20,-0.08713627095989476,0.24003590798194666,-0.36301348282476703,0.731436339630187,0.996297741304507
5,10,1,0.020474471220627753,0.0788228553286775,0.25975297564384137,0.8054108412355436,0.996297741304507
5,10,2,0.15831319393789267,0.15660534711766433,1.0109054183056359,0.369244488895838,0.9787437974965071
5,10,3,-0.14163112222700386,0.11625070654830719,-1.2183248294231372,0.2774463575755418,0.9705924903832205
5,10,4,-0.17866014957364,0.10463720313891184,-1.707424741989243,0.1484490742530272,0.9327221140485742
5,10,5,-0.05174968537338864,0.20647027015111252,-0.2506398879376831,0.81206613545983,0.996297741304507
5,10,6,-0.027693428959755257,0.12351496890566213,-0.22421111550198133,0.8314669710611323,0.996297741304507
5,10,7,0.06967401818163081,0.11843659998266608,0.5882811410597716,0.5819107448977432,0.9927843962825581
5,10,8,-0.188224164996192,0.21247988876920332,-0.8858446137448619,0.4162659156662235,0.9787437974965071
5,10,9,0.16363626932621395,0.19797201826551034,0.8265626160659051,0.446122021011191,0.9809403935722025
5,10,11,-0.07514956944821448,0.1326847389206121,-0.5663768874927776,0.5956134796783215,0.996297741304507
5,10,12,-0.11685241814660613,0.09429559015582308,-1.2392140284849882,0.27026040957846664,0.9659348365379999
5,10,13,0.1809361952246823,0.12009463097481124,1.50661352430589,0.22900237770804702,0.9532557270404519
5,10,14,-0.030703599593098423,0.13176748688614423,-0.23301347182401175,0.8249893836265607,0.996297741304507
5,10,15,0.08981921686890726,0.15336140397087358,0.585670283022318,0.5835337726398442,0.9929720478795291
5,10,16,-0.07117529093511642,0.183136763573419,-0.3886455649097119,0.7135368227886678,0.996297741304507
5,10,17,-0.16595518331595382,0.06268375456467849,-2.6474990923217603,0.0571308167322416,0.8825085511484474
5,10,18,0.05570835215687896,0.18037647885483116,0.30884488105239466,0.7728569607656827,0.996297741304507
5,10,19,0.21485594221645632,0.033028859975387466,6.505097129300198,0.0028816129003528526,0.7168717760835697
5,10,20,-0.0788802228187552,0.1273259929735416,-0.6195139026681459,0.5627134156046443,0.9921578326135176
5,11,1,-0.32065273407230144,0.17940307079974246,-1.787331357490757,0.13392444449700158,0.9327221140485742
5,11,2,0.1759425189352923,0.13027191855472312,1.3505790110862137,0.2481811658336128,0.9659348365379999
5,11,3,-0.09958075948579284,0.19348154862317027,-0.5146783256279608,0.6287128955125323,0.996297741304507
5,11,4,-0.046205753154302635,0.1074671552751501,-0.42995232390371974,0.6851301402017198,0.996297741304507
5,11,5,-0.1740989657013479,0.26084750885612673,-0.6674357998055739,0.5340570688100567,0.9909681566538422
5,11,6,-0.0815085757270436,0.29292923180340236,-0.2782534717513933,0.791957819590103,0.996297741304507
5,11,7,0.1690215872062797,0.22753848902631987,0.7428263584275879,0.49099123758239327,0.9869113698394234
5,11,8,-0.13193116265055546,0.25348569824521244,-0.5204678747690523,0.6249544340000538,0.996297741304507
5,11,9,0.147068132920645,0.10144536032279566,1.4497275425039597,0.20682040017459039,0.9327221140485742
5,11,10,-0.01354192291326829,0.1749658015116888,-0.07739754166922848,0.9413090501791641,0.9976607232147003
5,11,12,0.44272448711347184,0.18775435637149346,2.357998480925432,0.06491210977023736,0.8921703470566514
5,11,13,0.311879923883291,0.15818433810427254,1.9716232821717987,0.1432202202151185,0.9327221140485742
5,11,14,-0.1308004710868346,0.13861463210163694,-0.9436267232595159,0.38868777227067763,0.9787437974965071
5,11,15,0.03643023997434789,0.24042861012473754,0.15152206700897983,0.8868987541238056,0.9970118974932134
5,11,16,-0.1709887531584642,0.1805219802621399,-0.9471907681780386,0.3870356909882179,0.9787437974965071
5,11,17,0.0670562841047828,0.2198151500163218,0.3050576090842631,0.7755368063980924,0.996297741304507
5,11,18,-0.21526021487788013,0.20132614133050689,-1.0692114469299303,0.3452048914669299,0.977783785791819
5,11,19,0.017738211805895587,0.11604850704608834,0.15285170190684189,0.8859158184025997,0.9970118974932134
5,11,20,-0.022148418523316855,0.3257607738144364,-0.06798982659546758,0.9484288838528265,0.9977648266713631
5,12,1,-0.08419441850772419,0.14320293416255456,-0.5879378030869415,0.5780159275424588,0.9921578326135176
5,12,2,-0.02423010353742316,0.15458342281943835,-0.15674451435564643,0.8815787904755932,0.9970118974932134
5,12,3,-0.153386962538988,0.0564165756636262,-2.718827946077615,0.04183335886451076,0.8473514992757766
5,12,4,0.07726288561899194,0.07581701047219551,1.0190705903170318,0.3474877754966459,0.9778316154669235
5,12,5,0.07031338659614463,0.10213214694955636,0.6884549938050782,0.5168867672190063,0.9870199575036301
5,12,6,0.020573794628083727,0.08728167762435651,0.2357172225354518,0.82149188355187,0.996297741304507
5,12,7,-0.006641587303928535,0.0628575499318202,-0.10566093191711759,0.919959445271212,0.9971125104614714
5,12,8,0.15190975818217284,0.17045005602955796,0.8912273877747435,0.40712364176692145,0.9787437974965071
5,12,9,-0.007669281760506204,0.163360600843416,-0.04694694877995948,0.9643729514853038,0.9981155951445632
5,12,10,0.024351520887936805,0.20828185872933355,0.11691618769095573,0.9114775434188213,0.9970118974932134
5,12,11,-0.23087870842984365,0.09212330071100401,-2.5061923166606563,0.05407906510810164,0.8737966532283991
5,12,13,0.032679025570250944,0.059858456889042094,0.5459383229721605,0.614128590264367,0.996297741304507
5,12,14,-0.08274167035876444,0.09454399799071224,-0.875165765319313,0.415139177682737,0.9787437974965071
5,12,15,-0.12198969366588573,0.06769425713106393,-1.8020685776623186,0.12160355228593998,0.9272249539364997
5,12,16,-0.033432803473447785,0.14035437880710067,-0.23820278182527344,0.8211779555729386,0.996297741304507
5,12,17,0.01840943346076735,0.10018285973295242,0.18375831464240294,0.8614228363579055,0.9970118974932134
5,12,18,0.013271324617808652,0.03969303334501296,0.33434896502163436,0.7549119790387245,0.996297741304507
5,12,19,-0.12302629932735254,0.18841319311871751,-0.6529601101191559,0.542609833429102,0.9909681566538422
5,12,20,-0.0431251600544867,0.11140991214540423,-0.38708548659311165,0.7146204684966888,0.996297741304507
5,13,1,-0.2830869064269498,0.17322108669384192,-1.634251994537218,0.1775447375606412,0.9327221140485742
5,13,2,-0.06591013757342448,0.22772400674912852,-0.2894299047080476,0.7911022724914829,0.996297741304507
5,13,3,0.016215203764265648,0.17398658894104957,0.09319800947225025,0.9316215537300577,0.9971125104614714
5,13,4,0.34447819684861325,0.09349775312528504,3.684347327398716,0.02112319738179342,0.8394596075808679
5,13,5,-0.020793218582897788,0.13884667872009812,-0.14975668683199264,0.8882041955963473,0.9970118974932134
5,13,6,-4.031945730383848e-05,0.08073942849509243,-0.0004993775414918849,0.9996254668633394,0.9999842973802364
5,13,7,-0.24914437481003548,0.10037629690752407,-2.4821036687285667,0.08910392906546197,0.9042343601680186
5,13,8,-0.050960285993499166,0.04985793807130516,-1.0221097775763481,0.38196058834715246,0.9787437974965071
5,13,9,-0.16594947000160928,0.11513976822062842,-1.44128716398125,0.2229476916867575,0.947122670105845
5,13,10,-0.11676750456556635,0.2779318037915961,-0.42013005698586037,0.7026667614241319,0.996297741304507
5,13,11,0.14179184721706456,0.11078646516924877,1.2798661551225496,0.2905913276708827,0.9720339886089545
5,13,12,0.12333481466429529,0.11296997710908889,1.091748602764661,0.33629386925706034,0.977783785791819
5,13,14,0.2107088580734388,0.08040527594206974,2.620584975327109,0.0789616804698691,0.8921703470566514
5,13,15,-0.05874425091450423,0.1337493979872761,-0.43921132953176734,0.6831926252693161,0.996297741304507
5,13,16,-0.031695540617182806,0.28126362324277204,-0.11268979703682544,0.9173940289494258,0.9971125104614714
5,13,17,-0.03230307976953293,0.17637089741090975,-0.1831542518836875,0.8635859324890705,0.9970118974932134
5,13,18,-0.17791885570833807,0.17437601225131744,-1.0203172638842906,0.3826861485355437,0.9787437974965071
5,13,19,-0.008200597099371959,0.07830554207716442,-0.10472562837488744,0.9261500078329443,0.9971125104614714
5,13,20,-0.2325110420970197,0.15116388320423743,-1.53813885411594,0.22162609802269956,0.944676581588624
5,14,1,0.004351503045824507,0.1510753396862169,0.02880352978079523,0.9779554465163589,0.9999275384803348
5,14,2,-0.019784749034499335,0.10469934157290416,-0.18896727273622696,0.857549409689463,0.9970118974932134
5,14,3,-0.2823513417025628,0.11751665219921348,-2.4026496365937993,0.0614193011423307,0.8872441397771501
5,14,4,0.13827166256190024,0.09791864098640934,1.412107655575812,0.20762096892767803,0.9327221140485742
5,14,5,-0.25705703579054573,0.1741403646316733,-1.476148487071188,0.1903617289024591,0.9327221140485742
5,14,6,-0.28869721581728713,0.04584145216475619,-6.29773277629598,0.0014848346654012185,0.7168717760835697
5,14,7,0.2699322910099343,0.13858290078209384,1.9478037296421218,0.12326757307489579,0.9272249539364997
5,14,8,-0.21086051941519537,0.13609395009223907,-1.5493746729427216,0.18197838191813911,0.9327221140485742
5,14,9,-0.033352763509230346,0.04029340462451804,-0.8277474643606526,0.4455097666396732,0.9809403935722025
5,14,10,-0.30433976932550294,0.1384124839785991,-2.198788437106296,0.07921467581138975,0.8921703470566514
5,14,11,-0.1459942146752912,0.23648063309394318,-0.617362245544551,0.5640229083307845,0.9921578326135176
5,14,12,0.203128216849459,0.1357929635956931,1.4958670277846833,0.18532130527132384,0.9327221140485742
5,14,13,-0.1312285194545418,0.10280873800506864,-1.2764335211156428,0.29164904608546943,0.9723653007063686
5,14,15,0.10040814520456944,0.1812816712315814,0.5538791898919965,0.5996796271782472,0.996297741304507
5,14,16,0.1892487435432071,0.20235681042848433,0.9352230011015862,0.3926056942276735,0.9787437974965071
5,14,17,0.2105573304028957,0.08750173694286324,2.406321722938812,0.07384847673995722,0.8921703470566514
5,14,18,-0.032005798694058486,0.14548160913171618,-0.21999893240705817,0.8366436595710498,0.9967052234147373
5,14,19,0.24780362707550135,0.18286403339761145,1.355125020869101,0.23338186734712862,0.9551865621300482
5,14,20,-0.2190463438007063,0.21629094790722384,-1.0127393028655625,0.3576559331884276,0.9787437974965071
5,15,1,0.07673466989343708,0.15241747083156182,0.5034506180576499,0.632592550947636,0.996297741304507
5,15,2,-0.08448649320465595,0.09290029697914753,-0.9094318958174097,0.40482720893029295,0.9787437974965071
5,15,3,-0.40632889622180335,0.2515711249542792,-1.6151650802294375,0.16719629471837383,0.9327221140485742
5,15,4,0.03488551823134609,0.135814929604425,0.25686070252141574,0.8058674707291281,0.996297741304507
5,15,5,-0.31545535973920685,0.142870519009963,-2.2079807781408056,0.06933581762695248,0.8921703470566514
5,15,6,0.05184007494061061,0.1809821353939374,0.2864375250490095,0.7841764356710684,0.996297741304507
5,15,7,0.16573017850851748,0.11232137396800443,1.47549992180697,0.2000985822749156,0.9327221140485742
5,15,8,0.18408522574817904,0.15148073304784504,1.2152385458078068,0.26992021708689284,0.9659348365379999
5,15,9,-0.015940078637083865,0.08975642808425463,-0.17759261344427912,0.8648867711612328,0.9970118974932134
5,15,10,-0.18130486872678073,0.08644129443642311,-2.0974335230256367,0.09004606183163676,0.90883143415729
5,15,11,-0.02922594922800206,0.08609379305564209,-0.33946639113430593,0.7480526509534197,0.996297741304507
5,15,12,-0.024288293723073902,0.15170407572444594,-0.1601031060433133,0.878053915563049,0.9970118974932134
5,15,13,0.2106096567849874,0.13911806626909137,1.5138914911029482,0.2046143488589567,0.9327221140485742
5,15,14,-0.032449328710489875,0.10289174412876083,-0.31537349264452885,0.7631589083675586,0.996297741304507
5,15,16,0.08716821009547912,0.07006250225518408,1.2441492565701961,0.2685874132698981,0.9659348365379999
5,15,17,0.019473993459780764,0.1358664668181613,0.14333186043397086,0.8916254579231043,0.9970118974932134
5,15,18,-0.274075332839941,0.1317591616373068,-2.080123533210598,0.1060081247416463,0.9198620674939993
5,15,19,0.014456301583840437,0.08605297746369599,0.1679930434687314,0.8731724829404566,0.9970118974932134
5,15,20,-0.2349064217864169,0.14054465615727968,-1.6714005939995908,0.1555059098599847,0.9327221140485742
5,16,1,0.17197153153678904,0.10542984664238289,1.6311465587015772,0.1637880371306017,0.9327221140485742
5,16,2,0.24333364529156973,0.05472097659614657,4.446807429680603,0.011274482080321852,0.7296406661547277
5,16,3,-0.0904874501804064,0.12819859491089183,-0.7058380806950068,0.5118081117161329,0.9870199575036301
5,16,4,0.06412007278691746,0.14741621164403468,0.43495943947679905,0.6817252130808539,0.996297741304507
5,16,5,-0.19896601271201358,0.1294937599784333,-1.5364911231522982,0.18501948301006066,0.9327221140485742
5,16,6,0.07948902766258993,0.11174097871306646,0.7113686364426258,0.5086570812183315,0.9870199575036301
5,16,7,0.19811532629399986,0.15217258396116476,1.3019120864981697,0.2496952669159982,0.9659348365379999
5,16,8,-0.22649289594253932,0.09426400337837132,-2.402750655846905,0.06141163332230131,0.8872441397771501
5,16,9,-0.03742604129733692,0.13371895177194823,-0.2798858411699599,0.7907746554504288,0.996297741304507
5,16,10,-0.10440621042861717,0.12025712707494905,-0.8681914574815914,0.4249907809015301,0.9787437974965071
5,16,11,0.09560602370426924,0.09265012207333526,1.0319039151137048,0.34942295389638167,0.9787437974965071
5,16,12,0.011550539381879376,0.099981794156323,0.11552642637823053,0.9125241635024568,0.9970118974932134
5,16,13,-0.0019220798440416653,0.12444406672231094,-0.015445331341631735,0.9886466585722432,0.9999842973802364
5,16,14,0.12071911138718887,0.0837303387458226,1.4417606950356439,0.20894164419302338,0.933394762406013
5,16,15,0.013346405476679434,0.07914676826654068,0.16862855892693474,0.8726981000217768,0.9970118974932134
5,16,17,0.16589510517075332,0.12910408438729665,1.2849717803799536,0.268162079342634,0.9659348365379999
5,16,18,-0.03244184697803687,0.10060258143459633,-0.32247529352718907,0.7632441102053492,0.996297741304507
5,16,19,0.0026248260420940446,0.026491261048700677,0.09908271400027227,0.9258395633829628,0.9971125104614714
5,16,20,-0.05266118411057439,0.08201806386542718,-0.6420681204610882,0.5491044979771924,0.9921578326135176
5,17,1,0.07606528730953324,0.07885935186380107,0.9645690144644092,0.37906122054809227,0.9787437974965071
5,17,2,-0.12469966447753694,0.09049435365262619,-1.377982818185918,0.2402733161611944,0.9643283405048894
5,17,3,-0.3111834927149591,0.16047473962951478,-1.939143153816257,0.12449987585714918,0.9278138295002595
5,17,4,0.1611617611776005,0.1921170987876018,0.8388725532178509,0.4397919251684828,0.9809403935722025
5,17,5,-0.09581017801190274,0.05568709691209411,-1.7205094774724055,0.14596615777289382,0.9327221140485742
5,17,6,0.04648718225982381,0.14140018484716244,0.3287632354211023,0.7556577483501207,0.996297741304507
5,17,7,0.08558815760571044,0.24882381011841992,0.3439709309355622,0.7481893206382295,0.996297741304507
5,17,8,-0.06022894156164342,0.16430748540769383,-0.3665623718349267,0.7289461383453603,0.996297741304507
5,17,9,-0.15521016971169324,0.1323863125243225,-1.1724034513160493,0.29384875757886103,0.9723653007063686
5,17,10,-0.054969281557175495,0.17121886946364306,-0.32104686667450943,0.7642491311845642,0.996297741304507
5,17,11,-0.16660273757686225,0.09486831278006982,-1.7561473656787372,0.15390741656124113,0.9327221140485742
5,17,12,-0.006290416606005252,0.13099969213155396,-0.04801856022409733,0.9635604693804708,0.9981155951445632
5,17,13,-0.10765588612711416,0.20537795076343413,-0.5241842453214176,0.6278545453431341,0.996297741304507
5,17,14,0.21016367870526956,0.11586147632737995,1.813921981363451,0.12941748113697776,0.9327221140485742
5,17,15,0.18157986472755946,0.06453834018577642,2.8135192848477413,0.0373928669655901,0.8473514992757766
5,17,16,0.006337780430487337,0.1080097980184034,0.05867782874058137,0.9560231675808896,0.9981155951445632
5,17,18,-0.05601828120783839,0.15941585137613826,-0.3513971836797651,0.7485215615552158,0.996297741304507
5,17,19,0.045570108292908446,0.09394054891824345,0.4850951885759477,0.6529783313100942,0.996297741304507
5,17,20,-0.17373280753848352,0.1639229963338507,-1.0598440208083677,0.3489706963686383,0.9787437974965071
5,18,1,0.06128380052643922,0.04564868872370923,1.3425095493108183,0.27197905669918776,0.9668104915406114
5,18,2,0.05662389405194298,0.09615973722168861,0.5888524208506545,0.597359877562052,0.996297741304507
5,18,3,0.03501241152535824,0.09656562649249661,0.36257634105150466,0.7352671143483044,0.996297741304507
5,18,4,-0.021232529668316007,0.0885143293528796,-0.2398767501635641,0.8222170303820935,0.996297741304507
5,18,5,-0.15234140981354463,0.26877917118110267,-0.5667902358041376,0.6011485808275516,0.996297741304507
5,18,6,0.2458988538447069,0.13703815936737732,1.7943823456041694,0.14719764256253656,0.9327221140485742
5,18,7,0.26136332223642544,0.14736580149562378,1.7735683556297381,0.15081073171904022,0.9327221140485742
5,18,8,-0.3132486649123552,0.07383492544689567,-4.242554089573919,0.02398249898520541,0.8413471823780126
5,18,9,0.25300606675119697,0.12898803795862449,1.9614692242267635,0.1213500477065533,0.9272249539364997
5,18,10,0.17556372739386106,0.047293390968832186,3.7122254038804448,0.020613924643542364,0.8394596075808679
5,18,11,-0.010170052075957848,0.0728198911455421,-0.13966035812236693,0.8956782005490649,0.9970118974932134
5,18,12,0.20241761685177284,0.09565769153477945,2.1160621127477377,0.10179258297562235,0.9122920172343513
5,18,13,0.2289317169981205,0.12523907702626538,1.8279575547197664,0.16500540418847137,0.9327221140485742
5,18,14,-0.09324699779262917,0.24633180436297342,-0.3785422594268414,0.7242617453442427,0.996297741304507
5,18,15,0.13746735211546762,0.09334295653041162,1.4727126418928815,0.21481695057664327,0.9425722664941841
5,18,16,-0.14205312431867081,0.06397870750539887,-2.220318756899915,0.09058014094935687,0.9113969002834877
5,18,17,-0.10445310950446567,0.09992279675073125,-1.0453381300364366,0.3726767172335645,0.9787437974965071
5,18,19,0.11090218206662883,0.1256468952651147,0.8826496017409965,0.4424236876657822,0.9809403935722025
5,18,20,0.3699786502977937,0.1938612799299496,1.9084711007250876,0.12897296585447848,0.9327221140485742
5,19,1,-0.13130878754753966,0.1664586955702826,-0.7888370571263387,0.4659470405002131,0.9831823609235607
5,19,2,-0.24286268987814102,0.10032089733327298,-2.420858428617454,0.07269553892154598,0.8921703470566514
5,19,3,-0.07275925870682724,0.0659636177747494,-1.1030210464529153,0.3319152761637034,0.977783785791819
5,19,4,0.10722855212031183,0.17806280160440766,0.6021951308950727,0.5733084655003695,0.9921578326135176
5,19,5,-0.10737331858741885,0.23479264096122004,-0.45731126046959897,0.6666309860899476,0.996297741304507
5,19,6,0.12533871454016432,0.08978152099255472,1.396041336269656,0.2215208260083245,0.944676581588624
5,19,7,0.07356852557292332,0.08223000475498775,0.8946676555745459,0.42153393823336915,0.9787437974965071
5,19,8,-0.34968889236764117,0.2717663780898263,-1.2867261021183887,0.254540511026111,0.9659348365379999
5,19,9,-0.2005367204364449,0.05217720962153394,-3.8433776333995153,0.012082133204950541,0.7296406661547277
5,19,10,-0.015104581097638957,0.056435604578380004,-0.26764276222811567,0.802208279201773,0.996297741304507
5,19,11,-0.009139013589726788,0.09180903905112,-0.09954372340765454,0.9254959285689102,0.9971125104614714
5,19,12,-0.13799673296982062,0.1068762139309549,-1.2911828356651864,0.2531096626616808,0.9659348365379999
5,19,13,-0.0278226763121167,0.13324567991258737,-0.20880734242311114,0.8479726673215352,0.9970118974932134
5,19,14,-0.18545859040467405,0.07502638366570769,-2.4719116308276723,0.056397772460592695,0.8801295086362709
5,19,15,0.1815767233586471,0.11901878702738462,1.525613963074108,0.18762547138889346,0.9327221140485742
5,19,16,0.022206041283059152,0.05166356124896113,0.4298201816870659,0.6894689229190519,0.996297741304507
5,19,17,0.2403993125643555,0.0875299836500751,2.7464795780457427,0.05156067648249041,0.8613675014085445
5,19,18,0.06772727657433823,0.026014494716568703,2.6034438611870905,0.08013707395512996,0.8921703470566514
5,19,20,-0.06819448097293239,0.05393210145378191,-1.264450654312227,0.27472556472327797,0.9670747067692197
5,20,1,-0.14838025269830646,0.1024064560999361,-1.44893455303303,0.20703061503137402,0.9327221140485742
5,20,2,-0.2761139068692495,0.07882180460065809,-3.503014277136218,0.02482831243569051,0.8413471823780126
5,20,3,0.13604665314538048,0.16296894456096808,0.8348010936135716,0.44187800919219644,0.9809403935722025
5,20,4,-0.1757204886025158,0.14079017467989288,-1.248101928993227,0.2672542651076457,0.9659348365379999
5,20,5,0.02434743884438558,0.07402903895511136,0.3288903812302647,0.7587375268636558,0.996297741304507
5,20,6,-0.069025418427128,0.1441492013026763,-0.47884704044744236,0.6522548662098275,0.996297741304507
5,20,7,0.019820611945252344,0.13934846031995582,0.1422377534678195,0.892446039770049,0.9970118974932134
5,20,8,-0.14552408780574944,0.1563243494826128,-0.9309112002478184,0.3946281638118374,0.9787437974965071
5,20,9,0.2145689098419856,0.11954544422397753,1.7948731650382215,0.13263015520241556,0.9327221140485742
5,20,10,0.3580681297887401,0.20129031582278228,1.7788641660347309,0.13539284633194168,0.9327221140485742
5,20,11,-0.11812384674989947,0.26952984038099914,-0.43825888288467413,0.6794862095207362,0.996297741304507
5,20,12,-0.12249000115581336,0.15564206149314277,-0.7869980645329796,0.46692982019947454,0.9831823609235607
5,20,13,0.14407002287486634,0.11792639227773494,1.221694483236097,0.3090662681488367,0.9723653007063686
5,20,14,-0.14051719476475702,0.23136095983601515,-0.6073505005500753,0.5701415090506893,0.9921578326135176
5,20,15,0.11446377454629696,0.15490526056764928,0.7389276137305234,0.49315683741754934,0.9870199575036301
5,20,16,0.03926129593468975,0.26067394913556746,0.15061457450863533,0.8861673844309578,0.9970118974932134
5,20,17,-0.20334209776370696,0.22871573077866966,-0.8890603941868517,0.424206299617471,0.9787437974965071
5,20,18,-0.05164803616310854,0.0671591831461285,-0.7690390761597111,0.4847633155533022,0.9853788426768277
5,20,19,-0.17918458997342981,0.06985095253615181,-2.5652418967103765,0.06229148619079011,0.8885715236277543
6,1,2,-0.043638468598831276,0.09938263646706343,-0.43909550148485427,0.6789190731581376,0.996297741304507
6,1,3,-0.15277513987147215,0.08134485111030829,-1.8781169033356784,0.1191645359714207,0.9272249539364997
6,1,4,-0.04319350624664048,0.10141566027077463,-0.42590568489018477,0.6850314847149018,0.996297741304507
6,1,5,-0.03579155746318255,0.07670353627728482,-0.4666219994516123,0.657232012613874,0.996297741304507
6,1,6,0.1952626531842121,0.07570625803051002,2.5792141661913996,0.041813605994010884,0.8473514992757766
6,1,7,0.09233870116559587,0.06215583601613613,1.4855998580750878,0.19752202020017617,0.9327221140485742
6,1,8,0.023969597262417666,0.10296822990405066,0.23278633889812977,0.8236650128912499,0.996297741304507
6,1,9,-0.09383998608075472,0.0450300415181593,-2.083941806734241,0.082284884597811,0.8927460367287492
6,1,10,-0.18810887591969566,0.04521502066378026,-4.16031825605735,0.008821360834445843,0.7296406661547277
6,1,11,-0.07150748803704825,0.17693940238893127,-0.40413546712146786,0.7028192698784393,0.996297741304507
6,1,12,-0.201330692300809,0.10039514795875806,-2.0053826942065913,0.09173952923008649,0.9122920172343513
6,1,13,0.03970658802929657,0.13164610269651278,0.3016161300310697,0.7779752548077807,0.996297741304507
6,1,14,0.014327549364368936,0.06129402936733483,0.23375114202837358,0.8229494608395718,0.996297741304507
6,1,15,0.03890605252569741,0.11550823082990536,0.3368249365939359,0.7477181049529031,0.996297741304507
6,1,16,0.1077476602776937,0.10386627401401964,1.0373690719098365,0.3471044427586328,0.9778316154669235
6,1,17,-0.07686518398043138,0.12934199642859734,-0.5942786264496093,0.5781930316638513,0.9921578326135176
6,1,18,-0.13617304805275746,0.10378848258760738,-1.3120246549177783,0.2597403475255545,0.9659348365379999
6,1,19,0.06694658593942357,0.041112707068317385,1.6283672545947756,0.1643757782133171,0.9327221140485742
6,1,20,-0.10679940466230832,0.11217496290443513,-0.9520788052530182,0.3847790960166877,0.9787437974965071
6,2,1,0.003313805532445,0.10662172126081426,0.03108002284363621,0.9764081884274961,0.9998192749453514
6,2,3,-0.08658630500178668,0.07005691347609182,-1.2359423318028402,0.28409956013190246,0.9710602551597926
6,2,4,-0.008777848782025562,0.10386608708563898,-0.08451121081227982,0.9359294521061264,0.9971125104614714
6,2,5,0.06990595857889874,0.10393721435727563,0.6725787198599548,0.531040212534553,0.990892613617138
6,2,6,-0.1185804652342056,0.08873753539928418,-1.3363055971670117,0.239034666199939,0.9632361946551093
6,2,7,-0.13984544833460738,0.11767400637425397,-1.188414099615596,0.3004057068334626,0.9723653007063686
6,2,8,0.19371475390927903,0.11812192929876568,1.6399558918283204,0.1619388579760609,0.9327221140485742
6,2,9,-0.14428655320374614,0.06236559711626375,-2.313560037474658,0.06860203805336597,0.8921703470566514
6,2,10,0.06197688742970072,0.026602196597149977,2.3297657846048265,0.0802726848644451,0.8921703470566514
6,2,11,0.08272459278711583,0.12294935207768254,0.6728347192441932,0.5379231655869734,0.9909681566538422
6,2,12,-0.16661761088714744,0.06351669660785567,-2.6232096406587546,0.04691576315846217,0.8473514992757766
6,2,13,0.046288531410747145,0.3470780544616612,0.13336634458900049,0.9023471548826547,0.9970118974932134
6,2,14,0.0547193337890442,0.1502118831711605,0.364280991846227,0.7305465154543843,0.996297741304507
6,2,15,0.16697998249904664,0.12292248514793952,1.3584169104352606,0.23240599409886573,0.9551865621300482
6,2,16,-0.1410224214287593,0.11059970795332391,-1.2750704684229321,0.27130986746958013,0.9663965643755636
6,2,17,0.29543950547758385,0.2480964833762676,1.1908250429665468,0.2995577707177909,0.9723653007063686
6,2,18,0.10018750411034069,0.08638829177555744,1.1597347516660566,0.3300724619537643,0.977783785791819
6,2,19,-0.1264146233883405,0.08391351698269123,-1.5064870110605595,0.2064119437131879,0.9327221140485742
6,2,20,0.12716770041723896,0.08557560782701087,1.4860274281991606,0.21146282348006126,0.9363792183028932
6,3,1,0.19108993179352413,0.1977314258701888,0.9664115400553919,0.3885645580794703,0.9787437974965071
6,3,2,0.29873917488303803,0.10418130601372422,2.867493087875251,0.04558363990278989,0.8473514992757766
6,3,4,-0.08751685107620504,0.11238489874135285,-0.7787242953062682,0.47137021692167697,0.9844454813806669
6,3,5,0.14808798705400222,0.06673515012967077,2.2190402923202917,0.07722137378344693,0.8921703470566514
6,3,6,0.13482932718753632,0.16390415168567535,0.8226108112580367,0.44816864165003506,0.9809403935722025
6,3,7,0.206014442737797,0.12260659401252158,1.6802884412161132,0.15373426283782857,0.9327221140485742
6,3,8,-0.06423794932058968,0.16923705762299107,-0.37957377788564967,0.719848810188198,0.996297741304507
6,3,9,0.017867390676117218,0.20366083898754886,0.0877311061117736,0.933495712253332,0.9971125104614714
6,3,10,0.030998073099077112,0.23166791840035655,0.13380390911690257,0.8987764733180966,0.9970118974932134
6,3,11,-0.07100120544114319,0.1398204728242814,-0.5078026415335167,0.6331930546943899,0.996297741304507
6,3,12,-0.04525490406378131,0.12726768140246755,-0.3555883439120176,0.7366585545678987,0.996297741304507
6,3,13,0.22573022271772458,0.09618302121964417,2.346882223629664,0.1005902776601991,0.9122920172343513
6,3,14,-0.1080116489860914,0.08783024175217102,-1.2297774300751227,0.2734855811476424,0.9670747067692197
6,3,15,0.002727555116316496,0.09997770284964286,0.027281634189887344,0.979290500977197,0.9999842973802364
6,3,16,-0.0054947130451243435,0.13578083667042926,-0.040467515003024944,0.9692865798906106,0.9994000823726279
6,3,17,-0.10021474330885358,0.16298682025016867,-0.6148640924120059,0.5718998880677874,0.9921578326135176
6,3,18,-0.006882148844974255,0.13711185976093906,-0.05019368023250074,0.9623744858662221,0.9981155951445632
6,3,19,0.0007878207931548029,0.21524787989370944,0.0036600629634083873,0.9972549604384209,0.9999842973802364
6,3,20,-0.08126026959948178,0.12959267109119305,-0.6270437125389036,0.5581461168535645,0.9921578326135176
6,4,1,0.050878198551930806,0.08257443888498865,0.6161494917595364,0.5604290200054929,0.9921578326135176
6,4,2,0.0334619949679124,0.11146231718477469,0.3002090375722331,0.7760986142165714,0.996297741304507
6,4,3,-0.053059525608202186,0.08323787026308997,-0.6374445362412502,0.5518767462216163,0.9921578326135176
6,4,5,0.10483638710601713,0.13784228024227924,0.760553198343718,0.47573943735643265,0.9844454813806669
6,4,6,-0.08199337980407395,0.11066506871191296,-0.7409147326947491,0.48671844706220146,0.9856275506721905
6,4,7,-0.017670030259177325,0.07389174110284315,-0.23913403575569958,0.8204945590885447,0.996297741304507
6,4,8,0.11530789743723208,0.1462653758669509,0.7883471857436213,0.46049709673707384,0.9831823609235607
6,4,9,-0.0014822038020739538,0.07413459674917591,-0.019993415585287264,0.9846969186917541,0.9999842973802364
6,4,10,-0.0005275704129400313,0.08697722621643635,-0.006065615516654279,0.9953949374295324,0.9999842973802364
6,4,11,-0.017985883590254756,0.09299775048967471,-0.1934012757873996,0.8542558189248088,0.9970118974932134
6,4,12,-0.030837989112374953,0.08119793899385327,-0.3797878307518324,0.7171824785803065,0.996297741304507
6,4,13,0.008155844623658036,0.0983059134888177,0.08296392693103653,0.9378661191685039,0.9971125104614714
6,4,14,1.6023464930844453e-05,0.08042006753517296,0.00019924709617580332,0.9998474832141893,0.9999842973802364
6,4,15,0.07803894031223439,0.09863483730332243,0.7911904398590672,0.4589574878634981,0.9831823609235607
6,4,16,0.051338957751920045,0.0667346782685075,0.7692995468501106,0.47646575444643535,0.9844454813806669
6,4,17,0.016595730103454814,0.1494251447176632,0.1110638382495875,0.9158862572217389,0.9970118974932134
6,4,18,-0.1306979239975398,0.13005762984860456,-1.0049231571317703,0.3717925310550049,0.9787437974965071
6,4,19,-0.06067759506040744,0.17242411951355283,-0.35190897440126506,0.7392523177447624,0.996297741304507
6,4,20,-0.1295269671916779,0.11450924303772703,-1.131148575909037,0.3093105654780131,0.9723653007063686
6,5,1,0.07790721951605997,0.14492414353963032,0.5375723989993305,0.6102151334598641,0.996297741304507
6,5,2,-0.062370515718441204,0.20914207444905497,-0.29822079503823534,0.777529846847046,0.996297741304507
6,5,3,-0.09303344740032102,0.14634973659247194,-0.635692619377566,0.5529295497137642,0.9921578326135176
6,5,4,-0.20352740085077453,0.11101767349941265,-1.8332882903551209,0.11645628787395346,0.9266880947092055
6,5,6,0.11328472725948414,0.0936067707059535,1.210219371995373,0.28028063463413383,0.9710602551597926
6,5,7,0.023480560080981962,0.04889112845864211,0.4802621829513371,0.6513160604029636,0.996297741304507
6,5,8,-0.09480658483134552,0.1362595674717682,-0.6957792879409574,0.5126019096788549,0.9870199575036301
6,5,9,0.005138819376626789,0.10186945562528688,0.050445144180202565,0.9614050757218043,0.9981155951445632
6,5,10,0.09703223285664807,0.1369340579881091,0.7086055454835453,0.510229667199034,0.9870199575036301
6,5,11,-0.02931729058131101,0.07523872262954057,-0.38965694201473144,0.7128347189307896,0.996297741304507
6,5,12,-0.0671071065525919,0.05686121106018919,-1.180191299133199,0.2825891157017309,0.9710602551597926
6,5,13,0.09031279970451536,0.15071863947172526,0.5992145365726896,0.5813162066421692,0.9927843962825581
6,5,14,-0.06126751504211384,0.08876929052579367,-0.6901881797018662,0.5158707001236325,0.9870199575036301
6,5,15,0.016794192301223608,0.0789051917097447,0.21284014317826827,0.8384988184374663,0.9967052234147373
6,5,16,0.09211556131988627,0.0510951509467035,1.8028239394804344,0.13127945540922487,0.9327221140485742
6,5,17,-0.13060982766229015,0.16168355356022765,-0.8078114612493951,0.45589572488614405,0.9823636982311391
6,5,18,0.04411833387976678,0.08215216000423363,0.5370319402065162,0.6197256168320641,0.996297741304507
6,5,19,0.02321683112845425,0.06143055161721902,0.3779362307006962,0.720990906480765,0.996297741304507
6,5,20,-0.1499919112496684,0.1692074950558341,-0.8864377502857572,0.4159752036315375,0.9787437974965071
6,6,1,-0.11303932361065587,0.10117559833796315,-1.117258760674153,0.3066146800284866,0.9723653007063686
6,6,2,-0.18182177602260038,0.05708493791133165,-3.1851094644586224,0.024398182749558003,0.8413471823780126
6,6,3,-0.042861921036240154,0.07049458176625226,-0.608017239931358,0.5697327363458203,0.9921578326135176
6,6,4,-0.00870746860649159,0.12112329994743164,-0.07188929471207277,0.9450264562054366,0.9976607232147003
6,6,5,0.02514834203729838,0.06296514025874282,0.3994010325960814,0.7034264322588109,0.996297741304507
6,6,7,0.09338193070008936,0.06880767017718775,1.3571442029393364,0.23278283213289044,0.9551865621300482
6,6,8,-0.17938954081340555,0.0983116947076056,-1.824701947668723,0.1178500915160291,0.9266880947092055
6,6,9,0.05941054534353455,0.054811030804345746,1.0839158554511297,0.32002448863062505,0.9738435620968914
6,6,10,0.13518129742729174,0.10991925213012484,1.2298236642479272,0.273469695245704,0.9670747067692197
6,6,11,-0.0017557763037998105,0.05637865338327295,-0.031142572559024466,0.9763607274148999,0.9998192749453514
6,6,12,0.05447379150763204,0.10170240370842379,0.5356195086919512,0.6114838208479667,0.996297741304507
6,6,13,0.05748390384519692,0.07521730147191619,0.7642377846524498,0.48731939049038653,0.9860562746876831
6,6,14,-0.026036808538279627,0.08262178185044863,-0.3151324984141953,0.7633330732689997,0.996297741304507
6,6,15,0.09466452846180244,0.06639334936856119,1.4258134189748002,0.20381036485659385,0.9327221140485742
6,6,16,0.1183625622750234,0.08430652502758353,1.4039549398447322,0.21929330074618975,0.9441880781319402
6,6,17,0.054876410478196004,0.079534682917507,0.6899683064610138,0.5209244815830004,0.989149492953203
6,6,18,-0.07830039393001599,0.07026398382165956,-1.1143745297397263,0.3275576352923889,0.977783785791819
6,6,19,0.020492732048531546,0.08960372156742422,0.22870402802279424,0.8281587363060456,0.996297741304507
6,6,20,-0.05291816059638602,0.10843074755945305,-0.4880364821508099,0.6461716755954029,0.996297741304507
6,7,1,0.11695734687881112,0.08940637140053087,1.308154497776749,0.24772829803399285,0.9659348365379999
6,7,2,0.06961810739508568,0.06481251964178114,1.0741459794927104,0.3432358416352222,0.977783785791819
6,7,3,-0.10273575166959915,0.06071241587629289,-1.6921703770978327,0.15139727345732137,0.9327221140485742
6,7,4,0.014931096013079688,0.08309125122431944,0.17969516396606994,0.8644473064558887,0.9970118974932134
6,7,5,0.07351893657419532,0.14031913463537676,0.5239409205644862,0.6227059713457208,0.996297741304507
6,7,6,0.19907235162241918,0.09320279616583182,2.13590535702472,0.08576058562756782,0.896144186594051
6,7,8,-0.0532589984224495,0.08876802435579498,-0.59997954002423,0.5746728965826271,0.9921578326135176
6,7,9,-0.07027076393050076,0.09422003817806666,-0.745815489874352,0.4893354751724037,0.9869113698394234
6,7,10,0.05350368420997191,0.11268393145434695,0.474812011960851,0.6549357094846526,0.996297741304507
6,7,11,0.22601151717320547,0.08797086397501028,2.569163322470483,0.050086150266934554,0.8613675014085445
6,7,12,-0.015838886351115883,0.12210325045378793,-0.12971715570324366,0.9018470923804045,0.9970118974932134
6,7,13,0.19085255284452954,0.22238568069891598,0.8582052236630433,0.45387729181642145,0.9823636982311391
6,7,14,-0.012471891833695794,0.06667205569321953,-0.18706325616981248,0.8589647327830552,0.9970118974932134
6,7,15,0.17089081691318989,0.11355072382930377,1.5049733823676736,0.19266895254250224,0.9327221140485742
6,7,16,-0.07740936473748003,0.12672605656907543,-0.6108401605211722,0.5680040780260827,0.9921578326135176
6,7,17,0.07134078800736618,0.176581396452762,0.40401078165698406,0.7068727602795742,0.996297741304507
6,7,18,0.04474669959578007,0.16780327851029986,0.2666616528160791,0.8029122864879602,0.996297741304507
6,7,19,-0.046508070628145444,0.10099141011975962,-0.4605151128450807,0.6690697216788275,0.996297741304507
6,7,20,0.00262654792350772,0.07374687211517077,0.03561571966564513,0.9729669269359235,0.9998192749453514
6,8,1,0.18364704610830845,0.07999452574181938,2.295745170097384,0.06145792542766166,0.8872441397771501
6,8,2,0.08265579555620485,0.08814542524240739,0.9377207646109448,0.3914379098578231,0.9787437974965071
6,8,3,-0.024521622747546403,0.15334376203594477,-0.15991275042305578,0.8792092432222572,0.9970118974932134
6,8,4,0.06167396294632036,0.1069555476792088,0.576631734248345,0.5851556178141992,0.9941572743937483
6,8,5,0.01232350189395738,0.1704102929316197,0.072316652250754,0.9447003188712604,0.9976607232147003
6,8,6,0.1621927115365785,0.07034421879160974,2.305700657715147,0.06062492615888306,0.8872441397771501
6,8,7,-0.019167697196898342,0.2588081191722376,-0.07406142148140306,0.9438331804378195,0.9976607232147003
6,8,9,0.12893244437799437,0.1191510405690482,1.0820924749053764,0.3207716270515691,0.9743662532341827
6,8,10,-0.09135710038286167,0.05608016298519256,-1.6290448443481629,0.16423229553695262,0.9327221140485742
6,8,11,-0.0352336204811353,0.14580015653804582,-0.24165694548962713,0.8186440421015326,0.996297741304507
6,8,12,-0.15105801808051508,0.0842640273455916,-1.7926750339049065,0.12319572918487837,0.9272249539364997
6,8,13,0.1643642771338294,0.20083478166158003,0.8184054364147727,0.4590777713625733,0.9831823609235607
6,8,14,0.0936995483027805,0.13839826751516093,0.67702833268371,0.523618339432552,0.9900419620498572
6,8,15,-0.11872145331472125,0.06389359843813985,-1.8581118643334231,0.112517865471987,0.9266880947092055
6,8,16,-0.05278574603563202,0.13599734483021725,-0.38813806329191963,0.7138892545493342,0.996297741304507
6,8,17,0.046439924203402164,0.09991823119916214,0.46477928647847,0.6616268971709338,0.996297741304507
6,8,18,-0.20188443792650096,0.22175509516840938,-0.910393683501485,0.4141133340046211,0.9787437974965071
6,8,19,-0.19880475463154793,0.18518762468587377,-1.0735315330476256,0.3320878493246612,0.977783785791819
6,8,20,-0.1830899732415972,0.08910194592019326,-2.0548369774497655,0.095055732407298,0.9122920172343513
6,9,1,0.026800513436754405,0.16368034098309261,0.16373691107693275,0.8753144905175385,0.9970118974932134
6,9,2,0.027689660618889125,0.10368336738800951,0.26705981215868807,0.800088080502694,0.996297741304507
6,9,3,-0.16063912708378844,0.15007085585575167,-1.0704218761644473,0.33335709163062127,0.977783785791819
6,9,4,0.020299216914664856,0.12626351588311216,0.16076866521993566,0.8775520291809077,0.9970118974932134
6,9,5,0.0015913739583999747,0.12961745679178696,0.012277466305669196,0.9906022980113954,0.9999842973802364
6,9,6,0.17426318036409666,0.14373042978049674,1.2124306636320277,0.2709168181338626,0.9663965643755636
6,9,7,-0.04977537845454485,0.10947906833672386,-0.4546565769174841,0.6684145689015573,0.996297741304507
6,9,8,-0.043514554907566824,0.22107693609354898,-0.19682991666284336,0.8504586663853799,0.9970118974932134
6,9,10,0.11239778445778889,0.08953173891091039,1.2553959726882578,0.26480989653778125,0.9659348365379999
6,9,11,-0.14047788214376972,0.154953167997031,-0.9065828337601641,0.40619558322552607,0.9787437974965071
6,9,12,-0.12475040312180255,0.18848916527583057,-0.66184389399032,0.532651305017001,0.9909681566538422
6,9,13,0.13490164480517122,0.22281307843019627,0.6054476054771994,0.577553512692591,0.9921578326135176
6,9,14,-0.10893636179407996,0.10073896704878439,-1.0813726305159004,0.3210669830533337,0.9744064619799304
6,9,15,0.05653684462490026,0.13027920147156882,0.4339667727914688,0.6794827137717793,0.996297741304507
6,9,16,0.07048570322147468,0.05002041501660386,1.4091387125970147,0.21784567055693427,0.9435775405072737
6,9,17,-0.17142787223296194,0.06446314041902591,-2.6593161784545436,0.044920784471454214,0.8473514992757766
6,9,18,0.07399018534681003,0.194931906893531,0.3795693918227704,0.7235564496073115,0.996297741304507
6,9,19,-0.084997608988293,0.1925637211796677,-0.4413999089088349,0.6773581811323709,0.996297741304507
6,9,20,-0.0775560437801015,0.18052392485831298,-0.4296164280747993,0.6853588600781676,0.996297741304507
6,10,1,-0.00837218069277978,0.05986819098384752,-0.13984355556857825,0.8942422226367464,0.9970118974932134
6,10,2,-0.03205518607875123,0.12980457599520187,-0.24694958427112132,0.8171038722735511,0.996297741304507
6,10,3,0.07919588338504581,0.09359763621879585,0.8461312334754872,0.43609137169695655,0.9809403935722025
6,10,4,-0.023189630660071382,0.09897941529138728,-0.2342874080592285,0.8240531956228929,0.996297741304507
6,10,5,0.14507776596888253,0.14302633585305488,1.0143430236297246,0.3569608422501745,0.9787437974965071
6,10,6,-0.016822396816600037,0.09353466861394948,-0.17985199568998467,0.8643305170602841,0.9970118974932134
6,10,7,0.154780110717313,0.06147339853518061,2.5178388441663277,0.05331512130519067,0.8736240172341893
6,10,8,0.0714888347576265,0.1697807674294815,0.4210655649609921,0.6911941618941936,0.996297741304507
6,10,9,0.15541023758662836,0.14361648386286538,1.0821197776568763,0.32860387006170905,0.977783785791819
6,10,11,0.08328032631221513,0.09653205744925303,0.8627219652407484,0.42772252807786143,0.9787437974965071
6,10,12,-0.11751360675449213,0.06228620080945326,-1.8866716098499021,0.11786260585102236,0.9266880947092055
6,10,13,0.23429556391552991,0.09341435717857195,2.5081322720568497,0.08708059058178494,0.9004251543150552
6,10,14,-0.15460756130360384,0.0724469783945105,-2.1340788080843516,0.08595909368777148,0.896144186594051
6,10,15,0.24303667034077395,0.05048241575673025,4.814283680621174,0.004822614599533776,0.7168717760835697
6,10,16,0.06236442328086817,0.13771812933787567,0.4528410571669279,0.6696357788637042,0.996297741304507
6,10,17,-0.13874834115306872,0.06057401754848917,-2.2905586712935273,0.0838054918852796,0.8936049968041163
6,10,18,0.24632004510882316,0.10468188947353607,2.3530339999140026,0.07825560725665644,0.8921703470566514
6,10,19,-0.147605026764373,0.02671324352869553,-5.525537421177973,0.005239759982049644,0.7168717760835697
6,10,20,-0.06285850046248691,0.09583738968068958,-0.6558870256302115,0.5408732341512339,0.9909681566538422
6,11,1,-0.24549680721355593,0.13449388136557797,-1.8253381099503492,0.12753023646783224,0.9327221140485742
6,11,2,0.0027598522099667147,0.11715679726322234,0.023556910690742533,0.982334359245436,0.9999842973802364
6,11,3,0.10697398575463016,0.1422536421104537,0.7519947058425229,0.48592526235274036,0.9854106808380985
6,11,4,0.03774860816993608,0.08098482565749965,0.46611952131768564,0.6607309521572051,0.996297741304507
6,11,5,0.1940518355460352,0.1865841385293544,1.0400232145910189,0.3459831335218019,0.977783785791819
6,11,6,-0.15305079762180135,0.21238465311766153,-0.7206302120911263,0.5034105068989305,0.9870199575036301
6,11,7,-0.08848847439492992,0.17687259145211442,-0.5002950070892501,0.6381054113677447,0.996297741304507
6,11,8,0.018066495685171043,0.19657339588135994,0.09190712509226326,0.9303405227942426,0.9971125104614714
6,11,9,0.013692553537390274,0.0911869285922219,0.15015917027397355,0.8865084838220972,0.9970118974932134
6,11,10,0.0007052839459290639,0.13234054294285144,0.005329311261993969,0.9959539385684655,0.9999842973802364
6,11,12,0.20821997289404476,0.1840469603308117,1.1313415473890598,0.3092366139569392,0.9723653007063686
6,11,13,0.1942036983028053,0.22068826008597478,0.8799910707813287,0.44365680074839187,0.9809403935722025
6,11,14,0.043149289529725514,0.1120819013280469,0.3849799924704082,0.7160841742120895,0.996297741304507
6,11,15,0.1164548389623872,0.17002439014379883,0.6849301965630349,0.5310162882777447,0.990892613617138
6,11,16,-0.15295133454714835,0.13147009796266274,-1.163392565429006,0.29716659230739295,0.9723653007063686
6,11,17,0.18830197597806833,0.17295746890402225,1.0887183836014178,0.33747979638213804,0.977783785791819
6,11,18,0.0648437107687681,0.19956070181019725,0.3249322646204973,0.7615167402114298,0.996297741304507
6,11,19,-0.16246527998053661,0.26353680741255603,-0.6164804134004228,0.5709331952389489,0.9921578326135176
6,11,20,-0.008446482154409041,0.24633684287033672,-0.03428834296955203,0.9739739506794722,0.9998192749453514
6,12,1,-0.18242355239261987,0.1270517135048195,-1.4358212680403093,0.20106857736139666,0.9327221140485742
6,12,2,0.06174547705998261,0.1486857598371962,0.4152749875117542,0.6951596605440276,0.996297741304507
6,12,3,-0.0008917684347329564,0.06713765639527165,-0.013282686387940088,0.9899159625989915,0.9999842973802364
6,12,4,-0.07135983280802138,0.07677525805130327,-0.9294639265088159,0.3885136374532202,0.9787437974965071
6,12,5,0.04086093260836559,0.10476975386938658,0.3900069542867851,0.7100001977160763,0.996297741304507
6,12,6,0.10201683450697387,0.07716259150885567,1.3221022325817513,0.2342992715894966,0.9551865621300482
6,12,7,-0.02553345406669563,0.04617797002353796,-0.5529358274763423,0.6041176746208906,0.996297741304507
6,12,8,0.10458030040243142,0.17628521466998365,0.593244876478261,0.5746825115188695,0.9921578326135176
6,12,9,0.016861200696311578,0.12328583275193465,0.13676511177161366,0.8965527975792064,0.9970118974932134
6,12,10,0.09472819377755301,0.15186315356195834,0.6237733877841624,0.5601268402403057,0.9921578326135176
6,12,11,-0.06096311771410125,0.10098634190487021,-0.6036768593016788,0.5723971056969139,0.9921578326135176
6,12,13,0.13378339401105666,0.0486823483521168,2.748088342835487,0.05147546905830009,0.8613675014085445
6,12,14,-0.16112543082878886,0.07584653783312151,-2.124361051010326,0.07781315717004868,0.8921703470566514
6,12,15,0.051777223297043005,0.08133846818572897,0.6365650159304436,0.5479089639441788,0.9920487807726447
6,12,16,-0.13510790965867006,0.08794137730795096,-1.5363406145438927,0.18505530091721056,0.9327221140485742
6,12,17,-0.13007986190002344,0.1004408355245078,-1.2950894048167145,0.2518615256430709,0.9659348365379999
6,12,18,0.06460435226420438,0.015060528549726693,4.289647076236719,0.0127497193964522,0.7340747531290661
6,12,19,-0.058443020231380954,0.17360352084728092,-0.3366465146893919,0.7500532025252324,0.996297741304507
6,12,20,-0.0382972319486764,0.08373695852432253,-0.4573515998565329,0.6666039027600262,0.996297741304507
6,13,1,-0.10717163475435414,0.2934088030977985,-0.36526386946293027,0.7334091030169981,0.996297741304507
6,13,2,0.2150444237757578,0.26433942624161877,0.8135162689593777,0.4754899325974312,0.9844454813806669
6,13,3,-0.1718347565103915,0.15013498640072692,-1.1445350656015711,0.3354424436438628,0.977783785791819
6,13,4,0.3074437138234105,0.21130717377896305,1.454961080230791,0.21937244286385338,0.9441880781319402
6,13,5,0.06199428199215138,0.18304110786588962,0.33869048715130484,0.7518753527949156,0.996297741304507
6,13,6,-0.06427602902259974,0.10274348958239683,-0.6255970989814096,0.5655012804703871,0.9921578326135176
6,13,7,-0.28813589455095556,0.07171727309421728,-4.0176638362756,0.027687129137509085,0.8416887257802762
6,13,8,-0.04027558342231888,0.055083460162231146,-0.7311738097601084,0.5176063012903415,0.9873220114034699
6,13,9,-0.3468778669699088,0.07567620159028812,-4.58371138714554,0.010154932311026401,0.7296406661547277
6,13,10,-0.34950564815528057,0.2156980174589858,-1.6203470586841042,0.2036008201748409,0.9327221140485742
6,13,11,0.09031156953533306,0.1323690882272489,0.6822708439269861,0.5440254550233287,0.9909681566538422
6,13,12,-0.00909413123319606,0.17154697143763553,-0.05301248490095987,0.9602638976386617,0.9981155951445632
6,13,14,0.1252042677518108,0.13212370641636986,0.9476290905456357,0.41322921373564203,0.9787437974965071
6,13,15,0.012238909617366123,0.18247950768887744,0.06707004952121012,0.9497445490321993,0.9977648266713631
6,13,16,-0.212877500523978,0.26388398256602746,-0.8067086848285927,0.47885896871019645,0.9853788426768277
6,13,17,0.2602970786266487,0.1970429342816156,1.3210170645008192,0.2569981996625982,0.9659348365379999
6,13,18,-0.29966736375942443,0.11728499324904972,-2.555035861412708,0.08357492112168946,0.8936049968041163
6,13,19,0.10526180882413667,0.28577474351870874,0.3683383896270637,0.7479541278445406,0.996297741304507
6,13,20,-0.17505947041863404,0.18270314644122884,-0.9581634133158634,0.4086658213086493,0.9787437974965071
6,14,1,-0.05045296040446576,0.14967519360317863,-0.3370829807502398,0.7475331248989023,0.996297741304507
6,14,2,0.021512266316123057,0.10208799141439971,0.21072278940809863,0.8414222410584498,0.9967052234147373
6,14,3,-0.2376644011190672,0.07553652058210715,-3.1463509211757104,0.02548340413548902,0.8413471823780126
6,14,4,0.1109879624288866,0.10354474476202052,1.07188406985696,0.3249812056135103,0.97468787269659
6,14,5,-0.047568982527531896,0.20238770823776472,-0.2350388911534731,0.8219946847290718,0.996297741304507
6,14,6,-0.05842826803969829,0.13112605261588198,-0.4455885529507343,0.6745256978664165,0.996297741304507
6,14,7,0.03134810402856011,0.14333113083557122,0.2187110632951315,0.8375811145022541,0.9967052234147373
6,14,8,-0.1619037052902643,0.14445069824715193,-1.1208232791795152,0.31329001452585464,0.9738435620968914
6,14,9,0.0029205679282101327,0.04190975053441491,0.06968707498609832,0.9471439671394207,0.9976607232147003
6,14,10,-0.14673213601475737,0.13125099657042796,-1.1179506430254373,0.31440503701697486,0.9738435620968914
6,14,11,-0.1821413476134196,0.16660395504829936,-1.0932594460889156,0.3241315273807061,0.97468787269659
6,14,12,0.013025676962385442,0.15902294136022752,0.08191067811277022,0.9373818728782949,0.9971125104614714
6,14,13,-0.013303055667345392,0.1613596004233737,-0.08244353377399624,0.939486682994316,0.9976607232147003
6,14,15,-0.043856308376254545,0.1849940008375891,-0.23706881400181207,0.8204903174902856,0.996297741304507
6,14,16,-0.020413338396763098,0.16555611688639546,-0.1233016259414167,0.9066713638347111,0.9970118974932134
6,14,17,0.21869977308818103,0.10751583381929482,2.034116886018132,0.11168831254719944,0.9266880947092055
6,14,18,-0.1447631789253905,0.10752526568858932,-1.3463177979332033,0.24943359195106693,0.9659348365379999
6,14,19,0.21617613673940758,0.16501527416899078,1.310037133391139,0.24713789548864812,0.9659348365379999
6,14,20,0.02277654484289035,0.17919895317850432,0.1271019971867525,0.9038130409065775,0.9970118974932134
6,15,1,-0.22403408086220716,0.12588582794411934,-1.779660860314444,0.12543551660483387,0.9318767607006232
6,15,2,-0.1454509493304813,0.07312938948454822,-1.9889534201461534,0.10338816977818387,0.915792646053843
6,15,3,0.015595764407940664,0.23448854228947777,0.06650970770512561,0.949549566052209,0.9977648266713631
6,15,4,0.2142899461009594,0.10485782994112833,2.043623697145242,0.08700674318750873,0.9004251543150552
6,15,5,-0.01345496919324193,0.19226845599790618,-0.06998011776470746,0.9464835837075701,0.9976607232147003
6,15,6,0.3158149838516946,0.12876042725957554,2.452733270390384,0.04960631917578886,0.8593166597525345
6,15,7,0.005753169458427827,0.10169367027342814,0.05657352559802846,0.9570760950542976,0.9981155951445632
6,15,8,-0.11716041560919682,0.16219292996800722,-0.7223521742383254,0.4972541776702755,0.9870199575036301
6,15,9,0.09493053574827041,0.08121943211058816,1.1688155565757272,0.28680948644010346,0.9710602551597926
6,15,10,-0.1214940243735956,0.0712344576800392,-1.7055513346869235,0.14880802150346709,0.9327221140485742
6,15,11,-0.06988485834828166,0.05793399983416526,-1.2062840222860354,0.2816660679808135,0.9710602551597926
6,15,12,-0.0285445849923163,0.1515804983857579,-0.18831304353865325,0.8568389289922157,0.9970118974932134
6,15,13,0.26118533023150775,0.19252621338536893,1.3566221743911364,0.24641558016311985,0.9659348365379999
6,15,14,-0.09829922099839751,0.09566476797295606,-1.0275383830456648,0.34379648754465797,0.977783785791819
6,15,16,-0.001956607436857299,0.06060209127925348,-0.032286137252409274,0.9754930415924001,0.9998192749453514
6,15,17,0.21828852931829967,0.12322370688173702,1.7714815991214163,0.13668648185811316,0.9327221140485742
6,15,18,-0.2912315476707364,0.08450435523908396,-3.4463495620234377,0.026141511465669846,0.8413471823780126
6,15,19,0.044496188074594226,0.07457578180532284,0.5966573463507646,0.576722615165012,0.9921578326135176
6,15,20,-0.1851351777994383,0.10362774946023612,-1.7865405623683022,0.13406089863742632,0.9327221140485742
6,16,1,0.059667540331487856,0.09497132923971957,0.6282689818971704,0.5574051750884313,0.9921578326135176
6,16,2,0.11272932590238104,0.08191677782440036,1.376144532230691,0.24079592246231804,0.9647069112881481
6,16,3,-0.07052146744557651,0.09660472647962359,-0.7300001771623595,0.49814112808762634,0.9870199575036301
6,16,4,0.008022598437385663,0.11346815555421012,0.07070352380480982,0.9463745426266886,0.9976607232147003
6,16,5,-0.15128689926073866,0.09761564339945328,-1.549822282480967,0.18187360707412045,0.9327221140485742
6,16,6,-0.026035521826447756,0.08787166044850162,-0.2962903135466518,0.7789204580654568,0.996297741304507
6,16,7,0.17445314668364403,0.10784795149008417,1.617584240328071,0.1666759057080722,0.9327221140485742
6,16,8,-0.04489114227252226,0.10265109628123152,-0.4373177091952083,0.6801245101249173,0.996297741304507
6,16,9,-0.008944564498390947,0.10179221867357433,-0.08787080795425398,0.9333901378232278,0.9971125104614714
6,16,10,-0.09132457898072062,0.08855295466710067,-1.0312990608050074,0.3496803510553103,0.9787437974965071
6,16,11,0.05282929641685775,0.07342759384602973,0.7194747049306284,0.5040630198472417,0.9870199575036301
6,16,12,0.08524462876481766,0.0653767788335178,1.303897657310243,0.24906806228248057,0.9659348365379999
6,16,13,-0.01930048956146721,0.12804644115146693,-0.15073038647349682,0.8897529462030016,0.9970118974932134
6,16,14,0.02803276121594102,0.07425957455968515,0.37749692725525325,0.7212974361725661,0.996297741304507
6,16,15,0.03872050716699449,0.05744606879864252,0.6740323224212592,0.5301896000995511,0.9905687756420425
6,16,17,0.24861861587674886,0.054921230672098295,4.526821646743034,0.010603001327685201,0.7296406661547277
6,16,18,0.03809577648449178,0.08821275286823461,0.4318624603062149,0.68810142845882,0.996297741304507
6,16,19,0.0018243578781047367,0.06294600945702539,0.02898289969154093,0.9782666284366949,0.9999842973802364
6,16,20,-0.07483313153260937,0.05514450409610308,-1.3570369841541579,0.2328146047978167,0.9551865621300482
6,17,1,0.08286563818645301,0.0919853302232494,0.9008571038929397,0.40895662265717564,0.9787437974965071
6,17,2,-0.021746725427422894,0.12262496236896438,-0.1773433810467738,0.8678568245868383,0.9970118974932134
6,17,3,-0.061383037563898527,0.19555836962187362,-0.3138860161407217,0.7692958304849757,0.996297741304507
6,17,4,0.31270412854221113,0.19126254466857653,1.634947025735938,0.16298772077906365,0.9327221140485742
6,17,5,-0.039497215313837125,0.079187256665106,-0.49878246799706166,0.6390976518858467,0.996297741304507
6,17,6,0.0461093631472868,0.1637368316395554,0.2816065431662239,0.7895281579442401,0.996297741304507
6,17,7,-0.15203395677523843,0.210278861985055,-0.723011125984317,0.509688340387537,0.9870199575036301
6,17,8,0.19596744611248876,0.17112166570255655,1.1451936568451473,0.303968325531629,0.9723653007063686
6,17,9,-0.07327736220535697,0.16946480038978928,-0.43240461757472864,0.683461471566765,0.996297741304507
6,17,10,-0.06486801330895896,0.15011120347596127,-0.43213305740310554,0.6879203465854087,0.996297741304507
6,17,11,-0.15185461015190052,0.08207503054592259,-1.8501925511326454,0.13795869740983444,0.9327221140485742
6,17,12,-0.1407099189229838,0.13759331721608167,-1.0226508217763588,0.3533780285095526,0.9787437974965071
6,17,13,0.090037503755261,0.2794837695007959,0.3221564669596402,0.7634683832707462,0.996297741304507
6,17,14,0.22238112901272664,0.14066333654749313,1.5809459271290753,0.17473121348590553,0.9327221140485742
6,17,15,0.11911296534911563,0.10727697385153613,1.110331146298453,0.3173792598371671,0.9738435620968914
6,17,16,0.01642210269153617,0.09534332547977703,0.17224176531211058,0.8716109345625923,0.9970118974932134
6,17,18,0.04745247150393026,0.16574924453754472,0.28629072570460656,0.7932875131811703,0.996297741304507
6,17,19,-0.018740551196216128,0.12444077585579064,-0.15059815456135692,0.8875819036437962,0.9970118974932134
6,17,20,0.021040519564600516,0.1639593648502587,0.1283276474246417,0.904083046063441,0.9970118974932134
6,18,1,-0.002389777113967647,0.05039429708575882,-0.04742157847451284,0.965157560291973,0.9981155951445632
6,18,2,0.042937384702293885,0.08511668937801156,0.5044531808691513,0.6486624903757805,0.996297741304507
6,18,3,0.04602615521348052,0.08381185777851662,0.5491604223182984,0.6121114931248895,0.996297741304507
6,18,4,0.02529607601975079,0.0779317249403005,0.32459278989146234,0.7617553077214262,0.996297741304507
6,18,5,-0.10614938523277302,0.24164897719577283,-0.43927098911880114,0.6831528515018425,0.996297741304507
6,18,6,0.03745065097440638,0.16197059738706354,0.23121882352930254,0.828490636262842,0.996297741304507
6,18,7,0.0462941352577236,0.17289064256476697,0.26776541847898727,0.8021202816271752,0.996297741304507
6,18,8,-0.18324878618198268,0.1337190689522362,-1.3704013018970977,0.2641013985499955,0.9659348365379999
6,18,9,0.21974830326800618,0.11631165395625702,1.8893059791649145,0.13185615997065694,0.9327221140485742
6,18,10,0.08740866541266074,0.07673219359829446,1.1391394056726725,0.31823337559613935,0.9738435620968914
6,18,11,0.00938393496868447,0.064476932359576,0.14553941425448794,0.8913244597987193,0.9970118974932134
6,18,12,0.12418985118366409,0.1065593723138752,1.1654521651712821,0.30859465154707394,0.9723653007063686
6,18,13,0.1901659924082808,0.15267836681018684,1.2455333154267616,0.30135256493558665,0.9723653007063686
6,18,14,0.010378264351544816,0.22196762760173397,0.046755756520132245,0.9649491441996808,0.9981155951445632
6,18,15,0.11225214668298102,0.08595850334482427,1.30588763547189,0.2616280747780383,0.9659348365379999
6,18,16,-0.07423807746839092,0.07608727193049948,-0.9756964020897823,0.38446230356579975,0.9787437974965071
6,18,17,-0.032813719663945126,0.11904016629199375,-0.2756525018889898,0.8007118043694962,0.996297741304507
6,18,19,0.0338469248880284,0.3238298152287215,0.10452071827919164,0.9233521959569452,0.9971125104614714
6,18,20,0.2395195048161369,0.20487526030054756,1.1690992092632262,0.3072802514543679,0.9723653007063686
6,19,1,-0.13945650667920295,0.14503755926458245,-0.9615199496279452,0.38045064789738947,0.9787437974965071
6,19,2,0.10019598267701038,0.13018794074655157,0.7696256819308723,0.4844517258730089,0.9853788426768277
6,19,3,0.07390160823110639,0.15233553527999294,0.4851238950569872,0.6529596686847032,0.996297741304507
6,19,4,-0.1511397224531085,0.15045304718360367,-1.0045640502559066,0.361216782095853,0.9787437974965071
6,19,5,0.35442466267563244,0.14430295562318177,2.456115061140433,0.05750246600489744,0.8826836026958972
6,19,6,-0.01519635220290785,0.09442435153545518,-0.1609367917876658,0.8784436601862907,0.9970118974932134
6,19,7,-0.27366621144619985,0.13950210347404535,-1.9617353762350562,0.12131302572918,0.9272249539364997
6,19,8,-0.29491712267974385,0.24749852440209855,-1.191591438336881,0.2868928328453525,0.9710602551597926
6,19,9,0.01166779757379782,0.09265601711609517,0.12592595642280305,0.9046973867237198,0.9970118974932134
6,19,10,0.04783801893211448,0.13196074038054692,0.36251705464668665,0.73530812651401,0.996297741304507
6,19,11,0.23019413266784708,0.18534065910221725,1.2420055792488074,0.2820806733652889,0.9710602551597926
6,19,12,0.053905562233607714,0.10772072069442944,0.5004196210868361,0.6380237015802,0.996297741304507
6,19,13,-0.13586463057140308,0.20464632864353416,-0.6638996725291697,0.5542189515366546,0.9921578326135176
6,19,14,-0.028348850831884157,0.09922508326878095,-0.2857024645150166,0.7865638993763869,0.996297741304507
6,19,15,0.17307630109355776,0.10303646378587626,1.6797577744084269,0.15383947423933686,0.9327221140485742
6,19,16,-0.07138555416059725,0.11746797093045457,-0.6077022833930831,0.5761964317593798,0.9921578326135176
6,19,17,-0.08185327632754046,0.18754759922688538,-0.43644001130658117,0.6850415715535838,0.996297741304507
6,19,18,-0.02839332793248177,0.06513805424249659,-0.43589462814383295,0.6923737111790287,0.996297741304507
6,19,20,0.219288753298793,0.06635925671299209,3.30456916122382,0.02980556670325605,0.8442257097777721
6,20,1,-0.08268364888198891,0.08450736852120362,-0.9784194009101639,0.37280165886984384,0.9787437974965071
6,20,2,-0.19014671876551095,0.07072049924369546,-2.68870724607863,0.05473143028517418,0.8737966532283991
6,20,3,0.05334402647515553,0.1293161351323527,0.4125086666110643,0.6970580070327651,0.996297741304507
6,20,4,-0.16978864890339615,0.09534162931309026,-1.7808448431697146,0.13504789383747923,0.9327221140485742
6,20,5,0.00944503576904537,0.06627372045391787,0.14251555072225458,0.8935632180382954,0.9970118974932134
6,20,6,0.029976675741181905,0.11062777523609249,0.2709688021560339,0.797245546331896,0.996297741304507
6,20,7,-0.03324440969236766,0.10449811373425336,-0.31813406485587464,0.7632414498036224,0.996297741304507
6,20,8,-0.07636893419680242,0.12336120903503993,-0.619067653386011,0.562984842040532,0.9921578326135176
6,20,9,0.10537750553250914,0.10586387402928152,0.9954057179351545,0.3652406487829939,0.9787437974965071
6,20,10,0.08130056206758511,0.19100773908961538,0.42564014659644533,0.6880693064506365,0.996297741304507
6,20,11,0.05640932121633164,0.20608358651960373,0.27372059157506934,0.7952466353224923,0.996297741304507
6,20,12,0.031694426532427614,0.12392076514428842,0.25576364457779227,0.8083219946735324,0.996297741304507
6,20,13,0.23053623609223825,0.06706759699138044,3.437371345188191,0.041315108285166206,0.8473514992757766
6,20,14,-0.19978722094071213,0.15767359111092555,-1.267093744309356,0.2609321730009019,0.9659348365379999
6,20,15,0.19403286668678832,0.08763224043871115,2.214172155284312,0.07769559066670828,0.8921703470566514
6,20,16,-0.21654052794578002,0.17212581166521876,-1.2580363505601877,0.2639300762838895,0.9659348365379999
6,20,17,0.022111106343307593,0.22138963853291663,0.09987416976571917,0.9252496270922224,0.9971125104614714
6,20,18,-0.05247644965374338,0.058070066092651564,-0.9036747016804292,0.41727042261889713,0.9787437974965071
6,20,19,-0.05073142740456984,0.1640410329707406,-0.3092605946544445,0.772563037107956,0.996297741304507
7,1,2,0.1035558282189142,0.09720420288951682,1.0653431141815064,0.33543893323077395,0.977783785791819
7,1,3,0.13237846885994792,0.09093138288924742,1.4558061766170036,0.20521577189579496,0.9327221140485742
7,1,4,-0.00022484457999051883,0.10293723439108393,-0.002184288137508091,0.9983280042423542,0.9999842973802364
7,1,5,0.0392628908299277,0.0764199536230754,0.5137779986503196,0.6257730567033798,0.996297741304507
7,1,6,-0.043947332274650155,0.10846255942120572,-0.4051843558621828,0.6993932703971458,0.996297741304507
7,1,7,-0.008980717881066573,0.07611474888911789,-0.11798919410522492,0.9106696084489234,0.9970118974932134
7,1,8,-0.0685562518364844,0.09957352406935811,-0.6884988000228144,0.5168610699929377,0.9870199575036301
7,1,9,0.06502689906328683,0.052826245418516105,1.2309581827532896,0.26439939821198605,0.9659348365379999
7,1,10,0.10283195175014746,0.08603011866301212,1.1953017541653563,0.28556481323481303,0.9710602551597926
7,1,11,0.16810337396005393,0.16756303597176175,1.0032246848725037,0.3618029549492014,0.9787437974965071
7,1,12,0.05839814223921701,0.12754007154159508,0.45788073922879635,0.6631518230800777,0.996297741304507
7,1,13,-0.02714748095064625,0.10925393728844023,-0.24848057309574095,0.8159985122348425,0.996297741304507
7,1,14,-0.08873224425496555,0.04978891397199207,-1.7821687033201457,0.1250008180867951,0.9295559857726445
7,1,15,0.09546249512371126,0.10988896010786758,0.8687177950281452,0.41839005897459036,0.9787437974965071
7,1,16,-0.07817201353214744,0.11160289590405299,-0.7004478951751651,0.5148921105983184,0.9870199575036301
7,1,17,0.12462835550156283,0.10655026206920709,1.1696672826524246,0.29485274387574145,0.9723653007063686
7,1,18,0.07934077932671216,0.10542125098461773,0.7526070748063534,0.49355373569441574,0.9870199575036301
7,1,19,-0.017537006404086185,0.04501833499213241,-0.38955253246841476,0.7129071857419639,0.996297741304507
7,1,20,0.20537003951034324,0.08409665478786187,2.442071447740194,0.05850433581423822,0.8850734759513756
7,2,1,-0.06321482900445015,0.10978016224801773,-0.5758310764840919,0.5896752820192153,0.9950115771194574
7,2,3,0.07557118749472348,0.08035319326025543,0.9404876698430138,0.4002170158797874,0.9787437974965071
7,2,4,-0.14138809639835004,0.09062102848813794,-1.5602128860775086,0.17945790873702008,0.9327221140485742
7,2,5,0.09484285328967033,0.10730878211531693,0.8838312337462352,0.41725390892130193,0.9787437974965071
7,2,6,-0.038586677383937694,0.10853716232156654,-0.35551581189547027,0.7367096476093478,0.996297741304507
7,2,7,-0.12581029489315515,0.133506404058149,-0.9423540075082528,0.39936831018316243,0.9787437974965071
7,2,8,-0.09221769940923734,0.1501700510027356,-0.6140884869709697,0.5660190312107095,0.9921578326135176
7,2,9,0.025009567030242978,0.0947453761451816,0.2639660957349094,0.8023402577332465,0.996297741304507
7,2,10,-0.004987423281394918,0.04396345633918605,-0.1134447492663588,0.9151437952028694,0.9970118974932134
7,2,11,-0.06688201730979904,0.1358069636778545,-0.4924785555765484,0.6481884049534021,0.996297741304507
7,2,12,0.1564917143514074,0.07705185023293636,2.0309922977356734,0.09798715138596502,0.9122920172343513
7,2,13,0.14206904139148113,0.33266006852609864,0.42706971720565295,0.6981249502778416,0.996297741304507
7,2,14,0.05188522080415872,0.16012488832619737,0.32402970797479685,0.7590312390538997,0.996297741304507
7,2,15,-0.02591687029111367,0.1524650948406574,-0.16998559780538378,0.8716853365393344,0.9970118974932134
7,2,16,0.06295207483360535,0.13787333254356335,0.45659355345790315,0.6716573054498978,0.996297741304507
7,2,17,-0.1583898335159135,0.27293909514529385,-0.5803120048852562,0.5928255057322843,0.996297741304507
7,2,18,0.027410392374077035,0.1010968082461655,0.2711301459395535,0.8038765495029868,0.996297741304507
7,2,19,0.10463630155458391,0.08918833223769529,1.1732061686560649,0.3058063345828888,0.9723653007063686
7,2,20,0.04559013286100958,0.11266528013256542,0.40465112949581433,0.7064382650045313,0.996297741304507
7,3,1,-0.3386594093456245,0.10506667834119422,-3.223280822133126,0.032180080305968486,0.8473514992757766
7,3,2,0.009547130494139895,0.19629454073132427,0.048636760138728335,0.9635403956044574,0.9981155951445632
7,3,4,0.15623019828694848,0.09946566279191396,1.5706947895397574,0.17705279901100543,0.9327221140485742
7,3,5,-0.017665451256168304,0.09570610901526594,-0.18458018445996935,0.8608113899575673,0.9970118974932134
7,3,6,-0.3801719922647107,0.05398091182835182,-7.042711569351341,0.0008914279481999349,0.6579150864527538
7,3,7,-0.21669396912937527,0.12307411293347281,-1.7606786997095611,0.13860207615884548,0.9327221140485742
7,3,8,-0.13330440297993634,0.16488621488887875,-0.808462994125769,0.45555346699161897,0.9823636982311391
7,3,9,0.16270927777509167,0.19504921621446417,0.8341960092541583,0.44218867334458195,0.9809403935722025
7,3,10,-0.004165979233573434,0.23704283464415396,-0.017574795035714876,0.9866578046640863,0.9999842973802364
7,3,11,-0.09873784564638763,0.13963414779125832,-0.7071181885485888,0.5110775736054998,0.9870199575036301
7,3,12,-0.08182708938104072,0.1264360987664681,-0.6471813839458225,0.5460492513419604,0.9916306595457345
7,3,13,0.00442918726769456,0.13471360735100968,0.03287854400722114,0.9758366156192798,0.9998192749453514
7,3,14,0.09255702095734218,0.0936420837104717,0.988412659019071,0.36833801010197564,0.9787437974965071
7,3,15,0.19075133507424505,0.05614604501253034,3.397413567211669,0.019305179587232157,0.8394596075808679
7,3,16,-0.17847390630070908,0.11344548737839213,-1.5732129185874486,0.1764797272556685,0.9327221140485742
7,3,17,0.09005116522031416,0.14803551820261054,0.6083078325598609,0.575832316389137,0.9921578326135176
7,3,18,0.002144839046573673,0.12445459811131251,0.017233907618568575,0.9870753690051387,0.9999842973802364
7,3,19,-0.04146939219556103,0.19422002483048936,-0.2135175929028998,0.8413647942846335,0.9967052234147373
7,3,20,0.2908505687416505,0.0444962257092436,6.53652223529361,0.0012542858490678978,0.7168717760835697
7,4,1,-0.03515438265050476,0.08392852934795468,-0.41886093945887304,0.6898983756354663,0.996297741304507
7,4,2,-0.048929153234350924,0.11754073473277656,-0.4162740121131012,0.6944747154879615,0.996297741304507
7,4,3,-0.03861852032976249,0.0867034237749028,-0.44540940424195347,0.6746467189639691,0.996297741304507
7,4,5,-0.002116169718937408,0.14433130595847807,-0.014661889912722997,0.9887772975577828,0.9999842973802364
7,4,6,0.000332729803293976,0.11561671466310991,0.002877869382992103,0.997797093692995,0.9999842973802364
7,4,7,-0.08504939219152868,0.06568643017293542,-1.2947787231901748,0.2519605800389364,0.9659348365379999
7,4,8,0.03429725899583244,0.15301468903664192,0.22414357217296468,0.8300831777532803,0.996297741304507
7,4,9,-0.07818073681551839,0.06691487122331387,-1.1683611637454816,0.28697917724006716,0.9710602551597926
7,4,10,-0.04160133010563067,0.08686941461253342,-0.4788950206549404,0.652223024163938,0.996297741304507
7,4,11,-0.022728145177803673,0.09479970046522969,-0.23974912437513526,0.8200432780498893,0.996297741304507
7,4,12,-0.0457818838496884,0.0800141992431129,-0.5721719929985656,0.5879861395679613,0.9945980265218507
7,4,13,0.020975360340559312,0.08068386922317096,0.25996968839312423,0.8077201855429688,0.996297741304507
7,4,14,0.033465745094728744,0.07925104389821276,0.42227513289652924,0.6875376173859435,0.996297741304507
7,4,15,-0.06469934528685854,0.10023061552639502,-0.6455048185269792,0.5424819658878782,0.9909681566538422
7,4,16,0.04863888307128989,0.0687242018787059,0.7077402391144079,0.510722839090435,0.9870199575036301
7,4,17,0.0444774387090718,0.13294332094161762,0.3345594076762203,0.751535330079666,0.996297741304507
7,4,18,-0.04268633584423204,0.13034332690543082,-0.3274915322276157,0.7597192359028324,0.996297741304507
7,4,19,0.08309842647352883,0.1523621549254887,0.5454007034333554,0.6089166250008415,0.996297741304507
7,4,20,0.09838813866818814,0.12346788353139386,0.7968723189652341,0.46167073905060985,0.9831823609235607
7,5,1,-0.27754813025248287,0.09579023487985464,-2.897457455842983,0.02742529440628387,0.8413471823780126
7,5,2,0.19495142885770614,0.20667336883183537,0.9432827749345376,0.3888475063352008,0.9787437974965071
7,5,3,-0.0626280178306019,0.15286100915735848,-0.4097056415853014,0.6989841070325287,0.996297741304507
7,5,4,0.037144829799491165,0.13783638098834605,0.26948494681068447,0.7965845990787845,0.996297741304507
7,5,6,-0.05256422221305276,0.10614380476806912,-0.4952170531988529,0.6414399835886074,0.996297741304507
7,5,7,-0.08679928338042944,0.03319617637840971,-2.6147373838592944,0.04739785380799667,0.8473514992757766
7,5,8,-0.1885881769537774,0.11889968212788944,-1.5861117000240954,0.1638091133321486,0.9327221140485742
7,5,9,0.0317379561081646,0.10106386229443151,0.3140386225828941,0.764123800628165,0.996297741304507
7,5,10,-0.10909689962398167,0.13837043447424532,-0.7884408258001044,0.46615866279409185,0.9831823609235607
7,5,11,-0.09156011721234845,0.06639649373420158,-1.3789902457425371,0.22639313285172719,0.9500760958990208
7,5,12,0.007254386798549552,0.06304749740241343,0.11506224826232031,0.9121498756243087,0.9970118974932134
7,5,13,-0.007112247769343177,0.13005978700928125,-0.05468444884336888,0.959012194540674,0.9981155951445632
7,5,14,-0.000997811145877359,0.09222493737068987,-0.010819320395479663,0.9917183715203377,0.9999842973802364
7,5,15,-0.03668800096643279,0.0777734007332424,-0.4717294167423444,0.6537856664001452,0.996297741304507
7,5,16,0.03632957039087127,0.0650399579290441,0.5585730917899232,0.6005421698858164,0.996297741304507
7,5,17,0.07943666694064881,0.15032013156570842,0.528449956188315,0.6197937443008626,0.996297741304507
7,5,18,-0.06471818326467758,0.0700781034888402,-0.9235150502333488,0.4080053629666779,0.9787437974965071
7,5,19,0.02887055624474986,0.05446847218910115,0.5300416017542836,0.6187676353251399,0.996297741304507
7,5,20,0.2961046682685774,0.13049381475836697,2.2691088371858843,0.07251966837864139,0.8921703470566514
7,6,1,0.05429946944949782,0.10897130090663514,0.49829146754449083,0.6360142420818427,0.996297741304507
7,6,2,0.14020826236739256,0.08499455636651526,1.6496146148599682,0.15993519733891792,0.9327221140485742
7,6,3,0.0717540323672585,0.06736550220025561,1.0651450671723943,0.33552033851825463,0.977783785791819
7,6,4,0.09550111826873849,0.11473191883673789,0.8323849129012042,0.43706177611017394,0.9809403935722025
7,6,5,-0.07172671460045905,0.05667946550224362,-1.265479728215756,0.2526198655946316,0.9659348365379999
7,6,7,-0.0489748048556106,0.07924107072062872,-0.6180482470719948,0.5636051987466572,0.9921578326135176
7,6,8,-0.0407551230654881,0.12145696304703964,-0.33555196871972093,0.748630906600006,0.996297741304507
7,6,9,0.025492675140105593,0.0590271561924145,0.4318804561170735,0.6809167195362013,0.996297741304507
7,6,10,-0.029666509252858835,0.127443900727667,-0.23278092622117694,0.8251603119884456,0.996297741304507
7,6,11,0.05300690859868153,0.0524860251764475,1.009924230678033,0.3588787738496185,0.9787437974965071
7,6,12,0.021595642541394292,0.10373146078078932,0.20818797285447593,0.8419693428115047,0.9967052234147373
7,6,13,-0.051032523934257536,0.061503299751267594,-0.8297526171736175,0.4533274516875328,0.9823636982311391
7,6,14,0.027378605628202875,0.08254946031361704,0.3316630481151061,0.7514222786497518,0.996297741304507
7,6,15,-0.11228245175751725,0.061647499320054644,-1.8213626342369593,0.11839659736350507,0.9266880947092055
7,6,16,-0.14025917253192863,0.08002362160494253,-1.752722130255512,0.1400303150242414,0.9327221140485742
7,6,17,0.016540062252106438,0.0744193670944242,0.22225480943553239,0.8329086865200439,0.996297741304507
7,6,18,0.06997333569937833,0.06405763402100435,1.0923496749090338,0.33605907813500235,0.977783785791819
7,6,19,0.03383261512847401,0.07950145067272084,0.4255597205052934,0.6881241841664198,0.996297741304507
7,6,20,0.047852806838683405,0.1113205953572721,0.4298648123887124,0.6851897253015489,0.996297741304507
7,7,1,0.06784708304443672,0.1013553492474864,0.669398147680399,0.5329045977261997,0.9909681566538422
7,7,2,-0.07326711870164929,0.07035495258713115,-1.0413924820696903,0.3564958104445636,0.9787437974965071
7,7,3,0.10718311754136885,0.061238131093997776,1.750267613084033,0.1404739087022795,0.9327221140485742
7,7,4,-0.004716745828998618,0.08511733553840213,-0.05541463203832506,0.9579542893944362,0.9981155951445632
7,7,5,0.2076744092034283,0.11420795250678017,1.8183883402452288,0.1286757579004022,0.9327221140485742
7,7,6,-0.060444738900190705,0.12884419988116852,-0.46913046109540857,0.6587204917634224,0.996297741304507
7,7,8,-0.04371682066319503,0.09181684113067179,-0.4761307416414168,0.6540589041159489,0.996297741304507
7,7,9,-0.135896977091274,0.0812297078696783,-1.6729960091402603,0.15518639515895732,0.9327221140485742
7,7,10,-0.1559091185176097,0.0947779396219362,-1.6449937521102196,0.16089068320642644,0.9327221140485742
7,7,11,-0.16835646849097116,0.11429452294123174,-1.473005566295282,0.20073987064627294,0.9327221140485742
7,7,12,0.24831502582911388,0.05722401771843865,4.339349729803449,0.007433460439462956,0.7296406661547277
7,7,13,-0.32479759769790906,0.08636203421566238,-3.7608840579538336,0.0328701420518829,0.8473514992757766
7,7,14,0.05996687001865994,0.06285501096170215,0.9540507447249349,0.3838717505227234,0.9787437974965071
7,7,15,-0.002918701709326727,0.13979779984475554,-0.020878023205994987,0.9841505071503404,0.9999842973802364
7,7,16,-0.12455707180780054,0.12207284764385586,-1.0203503417088458,0.35436711593317305,0.9787437974965071
7,7,17,0.3092237177718742,0.053089473047429205,5.824576889090509,0.004327437857224661,0.7168717760835697
7,7,18,-0.1504598133340234,0.13393636758087182,-1.1233678802140965,0.3241429695324474,0.97468787269659
7,7,19,0.06647842352708656,0.08797093821135256,0.7556861945318198,0.4918974038094389,0.9869113698394234
7,7,20,-0.12668037781289765,0.049656631625718074,-2.5511270833911426,0.05119582282358489,0.8613675014085445
7,8,1,-0.06926526089034864,0.10592710237288269,-0.6538955502234773,0.5374192667162611,0.9909681566538422
7,8,2,-0.024526077990924034,0.10102124188526164,-0.24278139461537793,0.8178197055216753,0.996297741304507
7,8,3,0.019064665330876057,0.1567945432470349,0.12159010725722429,0.9079591520835447,0.9970118974932134
7,8,4,-0.08315493588863886,0.10450348435323613,-0.7957144816986966,0.45651527480500664,0.9823636982311391
7,8,5,0.0501026340497637,0.16925306617674277,0.2960220170968597,0.7771915921389867,0.996297741304507
7,8,6,-0.026815758180184144,0.09598371868756654,-0.27937819607918984,0.7893352011713746,0.996297741304507
7,8,7,-0.12904701383696346,0.2581199719615516,-0.4999497437404254,0.6383318320318473,0.996297741304507
7,8,9,-0.031098700728985604,0.1296394158711322,-0.23988615283224754,0.8184037872185436,0.996297741304507
7,8,10,-0.006915293927465438,0.0708021997350529,-0.09767060844501034,0.9259883209921855,0.9971125104614714
7,8,11,0.13840391358303816,0.1364015588617124,1.0146798521733986,0.35681499560191443,0.9787437974965071
7,8,12,0.06200894921821214,0.10130479825742553,0.612102785694604,0.5629314567027699,0.9921578326135176
7,8,13,-0.08750192302275078,0.17402898271865114,-0.5028008648634718,0.6415262280365112,0.996297741304507
7,8,14,0.07908456890094956,0.13991051847345737,0.5652510602009352,0.5923945696871002,0.996297741304507
7,8,15,0.005462836086900344,0.08016575790693237,0.06814425796577916,0.947884968010922,0.9977648266713631
7,8,16,-0.11260143434114044,0.13168567561140493,-0.855077318147831,0.43156327663695504,0.9787437974965071
7,8,17,-0.09150868461447748,0.08205585737894816,-1.1151999081644997,0.315475970046182,0.9738435620968914
7,8,18,-0.028997419528979874,0.22061928644767592,-0.13143646684636398,0.9017758353418518,0.9970118974932134
7,8,19,0.036134114358784504,0.1838637132481455,0.196526621377546,0.8519363188203066,0.9970118974932134
7,8,20,0.06470846781671735,0.1201653950838533,0.5384950282152717,0.6133343598985402,0.996297741304507
7,9,1,0.22325254415155413,0.1363965378772842,1.636790402633074,0.15278937792385605,0.9327221140485742
7,9,2,0.11075108148839459,0.0993486851790414,1.1147714867860563,0.3156430501351442,0.9738435620968914
7,9,3,0.28944048569091446,0.1101130247923942,2.6285762854484616,0.046613176373084986,0.8473514992757766
7,9,4,0.022319131134352244,0.12620668715459268,0.17684586797557184,0.865448029063765,0.9970118974932134
7,9,5,0.044876587031538046,0.12831779240368002,0.34973004281440007,0.7384898306458763,0.996297741304507
7,9,6,-0.2885059039891743,0.10884439821227802,-2.650627030192714,0.03799676495334691,0.8473514992757766
7,9,7,-0.0011957190106606363,0.11410937452538235,-0.010478709708326227,0.9920445980932229,0.9999842973802364
7,9,8,-0.06395907548171809,0.22024714274384638,-0.2903968454919476,0.781288304352807,0.996297741304507
7,9,10,0.024646344372292607,0.10429413088990407,0.23631573667432632,0.8225633060545157,0.996297741304507
7,9,11,-0.12378603400608562,0.1615623266971766,-0.7661813031285262,0.47816041378799795,0.9848290365281258
7,9,12,0.32138148923559284,0.14459460231832053,2.2226382180287674,0.0679507560719121,0.8921703470566514
7,9,13,-0.243940488165209,0.14894048527466175,-1.6378386824356017,0.176797412515969,0.9327221140485742
7,9,14,-0.06001986637709292,0.10735826585648571,-0.5590614369346014,0.5963533979672827,0.996297741304507
7,9,15,0.211087087547662,0.10039478599902384,2.1025702225971363,0.08019221773408267,0.8921703470566514
7,9,16,0.03716409770941383,0.05805782053312696,0.6401221638619453,0.5502701627354006,0.9921578326135176
7,9,17,0.003101335871776903,0.08998685056095074,0.03446432286950428,0.9738404390724461,0.9998192749453514
7,9,18,0.0027012305579271344,0.1800403012612156,0.015003477215876176,0.988747919767485,0.9999842973802364
7,9,19,0.03555034206253796,0.17563802432559528,0.20240686604645947,0.8475768655783565,0.9970118974932134
7,9,20,0.016428289070482223,0.18761675342939954,0.08756301753498068,0.9336227409483665,0.9971125104614714
7,10,1,-0.09389217014947893,0.04461796969090582,-2.1043577463927496,0.08925836926140993,0.9042343601680186
7,10,2,0.05196106617878132,0.13860327105306555,0.37489061970631743,0.726771873615788,0.996297741304507
7,10,3,-0.014324045348995179,0.10201576896166704,-0.14041011007069998,0.8938171149082331,0.9970118974932134
7,10,4,-0.010095097812139804,0.10155123498574978,-0.09940891229394692,0.9246762367721046,0.9971125104614714
7,10,5,0.0004679774584930107,0.16041596354759816,0.002917274865548132,0.997785169659832,0.9999842973802364
7,10,6,-0.014452848001930406,0.0956271711354849,-0.1511374626078024,0.8857757738566893,0.9970118974932134
7,10,7,0.012928572092535746,0.09438092153919882,0.13698289740717562,0.8963892965711744,0.9970118974932134
7,10,8,-0.1310413231966571,0.16644746448830494,-0.7872833845725365,0.4667772421257067,0.9831823609235607
7,10,9,0.08433561871199358,0.15854063234902768,0.531949554268186,0.6175389038805259,0.996297741304507
7,10,11,-0.04170406765390514,0.10402372899366996,-0.40090917771311585,0.705045227597062,0.996297741304507
7,10,12,0.12152720191800846,0.06304806966837424,1.9275324772875733,0.11184343543397363,0.9266880947092055
7,10,13,-0.062279765862573555,0.1319355228578264,-0.47204698562656344,0.6691057026338015,0.996297741304507
7,10,14,0.004660704703541607,0.10226865796826834,0.045573148177442055,0.9654146211142673,0.9981155951445632
7,10,15,0.013637128839426442,0.12225412221956272,0.11154739481768348,0.9155218500977818,0.9970118974932134
7,10,16,-0.10327265258094975,0.1358875024869179,-0.7599863908760263,0.4815400510898339,0.9853788426768277
7,10,17,0.015169873385950668,0.08322772992432453,0.18226945994516158,0.8642358804057068,0.9970118974932134
7,10,18,-0.09124114624673801,0.13940035475499246,-0.654525925751389,0.5484985495798227,0.9920487807726447
7,10,19,0.015256299702928472,0.07081329389450496,0.21544400583090093,0.8399607030987924,0.9967052234147373
7,10,20,0.05797269347356555,0.0986635155567405,0.5875798479898924,0.5823464261352164,0.9927843962825581
7,11,1,-0.07298807339616369,0.17430182078492837,-0.41874532960734345,0.692781766415182,0.996297741304507
7,11,2,-0.16284086756125984,0.09658711329232784,-1.6859481768206934,0.16708494927441894,0.9327221140485742
7,11,3,-0.06403912879354355,0.15059619372673433,-0.4252373662864354,0.6883441602770822,0.996297741304507
7,11,4,-0.0625788235399253,0.0797271978163373,-0.7849118651241126,0.4680465502396635,0.9831823609235607
7,11,5,0.11151806834893623,0.20418089409469686,0.5461728867573142,0.6084238063524434,0.996297741304507
7,11,6,-0.11671619210871957,0.22186050656174278,-0.5260791743289016,0.6213239692604978,0.996297741304507
7,11,7,-0.2616413331713252,0.14345769588523735,-1.82382221849435,0.12777920756790914,0.9327221140485742
7,11,8,-0.17549719005176573,0.1849900596484826,-0.9486844340949785,0.38634500019598017,0.9787437974965071
7,11,9,-0.018079873751611058,0.09299777060397996,-0.19441190508111916,0.8535055883705772,0.9970118974932134
7,11,10,-0.1309981875491598,0.12181886643391124,-1.075352212533952,0.33134663317691887,0.977783785791819
7,11,12,-0.10202894255801098,0.20567760517874117,-0.4960624783084582,0.6408841447510766,0.996297741304507
7,11,13,-0.32614956289733443,0.0833202618248431,-3.914408761449354,0.029635268668318802,0.8442257097777721
7,11,14,0.12353476837228186,0.10218724305703561,1.2089059717769493,0.28074233483976313,0.9710602551597926
7,11,15,0.08317165126194648,0.18925614299294088,0.43946605878261635,0.6830228114164146,0.996297741304507
7,11,16,-0.1975806234145889,0.1229061406811087,-1.6075732450636657,0.16883983224276136,0.9327221140485742
7,11,17,0.27273548953399707,0.11548016941120938,2.3617517269173796,0.07751467493084824,0.8921703470566514
7,11,18,0.017642630805901345,0.18325045101499118,0.09627605666499438,0.9279320550725434,0.9971125104614714
7,11,19,0.30036627532429677,0.2001693501768033,1.5005607754508477,0.2078622301867732,0.9327221140485742
7,11,20,0.3033568511289285,0.2119370352435432,1.431353660198656,0.21174389500088958,0.9363792183028932
7,12,1,-0.2137352804721304,0.11863698821404832,-1.801590580542228,0.12168407988181619,0.9272249539364997
7,12,2,0.24312439898055693,0.11843107764148085,2.052876692674364,0.0952932176880026,0.9122920172343513
7,12,3,0.07535208184568853,0.0597250209883786,1.2616501526067112,0.2627302043810263,0.9659348365379999
7,12,4,0.048377066007343095,0.079706259409457,0.6069418683697042,0.5661327952236339,0.9921578326135176
7,12,5,0.12215138487475895,0.09363836729004961,1.3045014389783656,0.23986336716237516,0.9639214046012513
7,12,6,-0.01996864136982442,0.08730509824338245,-0.22872251187357526,0.8266810062651353,0.996297741304507
7,12,7,-0.020442551169568213,0.04771924402761064,-0.42839218402771934,0.6861928016675126,0.996297741304507
7,12,8,-0.04720749393028217,0.18035490627550413,-0.2617477666945629,0.8022696970974971,0.996297741304507
7,12,9,0.05667241595903706,0.12358814879519144,0.45855866044644167,0.6657937646860904,0.996297741304507
7,12,10,-0.08507473944944877,0.15647718380655803,-0.5436878232297248,0.6100106491121738,0.996297741304507
7,12,11,-0.05371884849324879,0.10410490263364987,-0.516006903937771,0.6278492752002313,0.996297741304507
7,12,13,-0.09665581269540813,0.048423374710242176,-1.9960569305998432,0.11664059607288829,0.9266880947092055
7,12,14,-0.044610262053350065,0.09873154917442532,-0.4518339115097541,0.6672625786626412,0.996297741304507
7,12,15,-0.06291658673832808,0.08001881281458548,-0.7862724342502823,0.4616228702549829,0.9831823609235607
7,12,16,-0.08722368890680918,0.10176207612259319,-0.8571335435498908,0.43052761536343837,0.9787437974965071
7,12,17,0.01585944322823275,0.1040478021760315,0.1524245865496399,0.8848119560530845,0.9970118974932134
7,12,18,-0.02289228410663688,0.03024826278999253,-0.7568131851014549,0.4912922211355113,0.9869113698394234
7,12,19,0.06442174335939856,0.1550862542929221,0.4153929930972823,0.6950787371020364,0.996297741304507
7,12,20,0.13129381225964912,0.0646041157845996,2.0322824740047722,0.09782613864670037,0.9122920172343513
7,13,1,0.3311502480873151,0.18280572396741054,1.8114873041094652,0.1442975617325453,0.9327221140485742
7,13,2,0.274000836998971,0.23999840400460037,1.141677746292751,0.3364616525514344,0.977783785791819
7,13,3,-0.0290525374316567,0.1487496766078617,-0.1953116006298995,0.8576287517703509,0.9970118974932134
7,13,4,-0.18197457489784458,0.19599376909669528,-0.9284712250578605,0.4057180049329856,0.9787437974965071
7,13,5,0.16062083890660672,0.13083625463313095,1.2276477904061458,0.28688365745900984,0.9710602551597926
7,13,6,-0.0290551745319101,0.08782842645978499,-0.3308174323820216,0.757386027139275,0.996297741304507
7,13,7,0.056931509648075224,0.14706500238011908,0.38711800038283184,0.7244977314762636,0.996297741304507
7,13,8,0.083874928687619,0.011344537493195323,7.393419849027377,0.005117376715944278,0.7168717760835697
7,13,9,0.10490950404456147,0.1474273330419659,0.7116014505531811,0.5160117752935127,0.9870199575036301
7,13,10,-0.035568212577691674,0.24484245110409686,-0.14526979458486255,0.8937090684434493,0.9970118974932134
7,13,11,0.042957004296219126,0.11571717569191661,0.37122409909325715,0.7351371176360546,0.996297741304507
7,13,12,-0.1915977223285347,0.10469252190405196,-1.8300994076950314,0.14121126718072546,0.9327221140485742
7,13,14,-0.04025825213899135,0.12310532744369601,-0.3270228265066515,0.7651396336340168,0.996297741304507
7,13,15,-0.14986630883091345,0.13107674446598525,-1.1433478107831767,0.316673319514563,0.9738435620968914
7,13,16,-0.06440228619606395,0.23927965980644103,-0.2691506927412523,0.8052633655748561,0.996297741304507
7,13,17,0.049524761697710716,0.19370065283428042,0.2556767928904488,0.8108098869460885,0.996297741304507
7,13,18,0.05769765252911484,0.17065095342601275,0.33810331187977843,0.7575632718164194,0.996297741304507
7,13,19,0.22071800890177806,0.08557178956048404,2.579331459968946,0.12315054061932972,0.9272249539364997
7,13,20,-0.033571815077436326,0.17260065792141774,-0.1945057190484553,0.8582064362664338,0.9970118974932134
7,14,1,-0.045169129974082275,0.149956233867218,-0.3012154200523404,0.7734162838063765,0.996297741304507
7,14,2,-0.10144391059489653,0.09912324347797541,-1.023411936842173,0.3530512963117575,0.9787437974965071
7,14,3,0.12750173131897635,0.12036192210939721,1.0593195014120034,0.33792240072907553,0.977783785791819
7,14,4,0.048691638137839596,0.11126285485375786,0.437627078699369,0.6769703944619199,0.996297741304507
7,14,5,0.11324365548867356,0.19799132530531321,0.5719627125757849,0.588119163104576,0.9945980265218507
7,14,6,0.07736045985863155,0.13786803913246118,0.5611196064357153,0.5989311697005121,0.996297741304507
7,14,7,-0.22913605442893867,0.10508067416232755,-2.1805727480658437,0.09468387318131943,0.9122920172343513
7,14,8,0.06276668148367695,0.16947031545996644,0.37036976837476765,0.7262787531522651,0.996297741304507
7,14,9,-0.05295442842187284,0.03776536007141319,-1.402195777303205,0.21978663294316014,0.9442500906546168
7,14,10,0.21781706507721119,0.11391112673098219,1.9121667156335473,0.11406880518332918,0.9266880947092055
7,14,11,0.14593063810376697,0.17782276541281014,0.820652168827612,0.44918562407086426,0.981074365092707
7,14,12,0.1919061136452044,0.13848675456989779,1.3857362333302334,0.21513689637795488,0.9425722664941841
7,14,13,-0.007141591687747851,0.1589446856355076,-0.044931302101411795,0.9669855752971025,0.9985828574077232
7,14,15,0.04476683608076669,0.1849576475578934,0.2420383080754324,0.8168109905733133,0.996297741304507
7,14,16,0.045277697449002806,0.16814196306579549,0.26928255518829614,0.7984713153939313,0.996297741304507
7,14,17,-0.17415222803240127,0.12328785303377916,-1.4125659888267614,0.2306484893662931,0.9551865621300482
7,14,18,-0.016314757656088398,0.11733647002300122,-0.13904251297785938,0.8961360078523286,0.9970118974932134
7,14,19,0.05495749217949285,0.17007001592913804,0.3231462752497682,0.7596615202027839,0.996297741304507
7,14,20,0.026922294095186615,0.18293446753419645,0.14716906254971762,0.888748773519178,0.9970118974932134
7,15,1,0.10580618573325687,0.1494878872334701,0.7077910303682401,0.5056257289565756,0.9870199575036301
7,15,2,0.15293776394203024,0.0784116732135003,1.9504463770803473,0.108608065172547,0.9266880947092055
7,15,3,-0.08418875701497319,0.23663734039264847,-0.3557712272920427,0.7365297346081916,0.996297741304507
7,15,4,0.04154572961654176,0.13550222655058486,0.30660551249853857,0.7695051662459335,0.996297741304507
7,15,5,-0.10974011551700989,0.1870566306290165,-0.586667872437344,0.5788152874771028,0.9921673560837891
7,15,6,-0.3456547221517758,0.11528038495916192,-2.9983827888085695,0.0240583609807366,0.8413471823780126
7,15,7,-0.01324036857540897,0.10373485682213761,-0.127636639996362,0.9034110584501548,0.9970118974932134
7,15,8,-0.0035010409601001404,0.16909247221821333,-0.0207048895444698,0.9841524414340546,0.9999842973802364
7,15,9,0.029284954576616815,0.08919433370370666,0.3283275221671563,0.7538197276166916,0.996297741304507
7,15,10,0.04127380067368387,0.08962757968178436,0.4605033497475078,0.6644896414637012,0.996297741304507
7,15,11,-0.039071665839684154,0.06492533467665026,-0.6017938303078796,0.5735554482853105,0.9921578326135176
7,15,12,-0.17857793774453107,0.13340702036206303,-1.338594755047649,0.2291906113575297,0.9532557270404519
7,15,13,0.028232624011852916,0.19185879533761094,0.147153139172094,0.8901302163880507,0.9970118974932134
7,15,14,0.04632528622712934,0.1020026075826886,0.45415786247544215,0.6656812018338797,0.996297741304507
7,15,16,-0.08731157332710181,0.048038122919112386,-1.8175475647185746,0.12881505236704044,0.9327221140485742
7,15,17,-0.013795377232665525,0.14111481450616414,-0.09775995015721867,0.925920878681923,0.9971125104614714
7,15,18,0.1530359682552908,0.13223193394089466,1.1573298801070084,0.31154072463421156,0.9723653007063686
7,15,19,-0.10550434473553148,0.0508254904057329,-2.0758155777982465,0.09255280982285918,0.9122920172343513
7,15,20,0.025884042950418105,0.13498513679297094,0.19175476326645619,0.8554784647673866,0.9970118974932134
7,16,1,0.07381286805776843,0.09519982799575859,0.7753466535704419,0.4731917758580972,0.9844454813806669
7,16,2,-0.05120077902196726,0.10410881571757274,-0.4918006094735854,0.6486273682463054,0.996297741304507
7,16,3,0.18040519183386716,0.06530519827650108,2.7624935930409733,0.03971705729919236,0.8473514992757766
7,16,4,0.12628215120049244,0.10127244293219125,1.246954724730003,0.2676405723358367,0.9659348365379999
7,16,5,0.1533288902254211,0.10007387575420762,1.5321570096923343,0.186053617597068,0.9327221140485742
7,16,6,-0.025643297775127468,0.08980784445328986,-0.28553516600856976,0.7866848951256346,0.996297741304507
7,16,7,-0.24613900373297706,0.07979800389659204,-3.0845258240902496,0.027328757927592928,0.8413471823780126
7,16,8,0.10891184160071503,0.09508580656389805,1.1454058763899786,0.3038882282430082,0.9723653007063686
7,16,9,0.0987426895373508,0.09421606187364698,1.0480451801172332,0.3426125764075038,0.977783785791819
7,16,10,0.0314629502876366,0.09860605367261899,0.31907726874231634,0.7625672582389167,0.996297741304507
7,16,11,-0.020632402388583694,0.07824386525028826,-0.26369354737678924,0.8025387733902951,0.996297741304507
7,16,12,-0.025040637172295443,0.07648443190887856,-0.3273952168697647,0.7566320781984425,0.996297741304507
7,16,13,-0.12623839501200115,0.07822562175489345,-1.613772983562006,0.20498039805800933,0.9327221140485742
7,16,14,-0.02156792378374312,0.07631529656240955,-0.2826159990850925,0.7887972274921273,0.996297741304507
7,16,15,0.11276497674242437,0.03482073434134608,3.238443383581632,0.022988985947541028,0.8413471823780126
7,16,17,0.026215981164219453,0.12262286770885672,0.21379357418267383,0.8411635977756965,0.9967052234147373
7,16,18,-0.12745195802567422,0.05143278489564412,-2.4780294958127027,0.06835537112259162,0.8921703470566514
7,16,19,0.06033299253719193,0.04851073914697954,1.2437038395384827,0.2815176547022718,0.9710602551597926
7,16,20,0.032824169380705245,0.06422982374141839,0.5110424950306635,0.631079746113224,0.996297741304507
7,17,1,-0.16799283204869034,0.04790728173866307,-3.506624169611503,0.01716245181255927,0.8051520603422866
7,17,2,0.05862584744904459,0.11756813637381526,0.4986542209203808,0.6441976928888677,0.996297741304507
7,17,3,0.05899573067852868,0.17719004389813772,0.33295172448916455,0.7558904062130593,0.996297741304507
7,17,4,0.2244967541989108,0.18772344120429194,1.1958908954444536,0.2853544490807611,0.9710602551597926
7,17,5,0.09008801810589781,0.06075302646689413,1.4828564656528875,0.19821870092796942,0.9327221140485742
7,17,6,0.3098719660996091,0.05274877237306878,5.874486782405987,0.002028903315235571,0.7168717760835697
7,17,7,-0.11493288273257747,0.19459190345073202,-0.5906354822264548,0.5865214969688495,0.9945980265218507
7,17,8,0.0851148189793822,0.1684969891754864,0.5051414829153511,0.6349318604715584,0.996297741304507
7,17,9,-0.15584787952870438,0.13853991871939994,-1.1249312181511757,0.31170147713657537,0.9724676626592664
7,17,10,-0.1798755576075955,0.10645303130462931,-1.6897175721672806,0.1663479784741924,0.9327221140485742
7,17,11,0.026586092131735593,0.10058482189630791,0.26431514845131077,0.8045969662019148,0.996297741304507
7,17,12,-0.03655993329830284,0.13495560467021303,-0.27090340847549343,0.7972930700812824,0.996297741304507
7,17,13,0.0767756358659592,0.23092538500656037,0.33246945052595933,0.7562282504882065,0.996297741304507
7,17,14,0.16522875388694494,0.1360064833536735,1.2148593935486627,0.2786549712579908,0.9710602551597926
7,17,15,-0.05326321494646632,0.10494739053555177,-0.5075230043753727,0.6333756442791061,0.996297741304507
7,17,16,-0.02540253153780424,0.08590419066094286,-0.29570771043953303,0.7821688481800533,0.996297741304507
7,17,18,-0.09640165363077521,0.12818665707388363,-0.7520412485244827,0.5066514045703283,0.9870199575036301
7,17,19,0.1440795277826263,0.04370204872150088,3.296859803930521,0.030021664494920004,0.8442257097777721
7,17,20,0.04408269064239885,0.1474500426533493,0.2989669575460008,0.7798544271784411,0.996297741304507
7,18,1,-0.054817312023862905,0.038215460642853506,-1.4344276138584138,0.24692685466560665,0.9659348365379999
7,18,2,0.04553101676082442,0.08320312514712687,0.5472272427239404,0.6223034197739911,0.996297741304507
7,18,3,0.0945563663295598,0.06312720773219448,1.497870248422833,0.20852407706590753,0.933394762406013
7,18,4,-0.07677128786364235,0.060492125347023216,-1.2691120938793583,0.273221231890866,0.9670747067692197
7,18,5,-0.256321341767913,0.18433230796022934,-1.3905394263377049,0.2367334780416691,0.9585372579204503
7,18,6,0.12027206889564515,0.13518445075069346,0.8896886308068126,0.4239061954652553,0.9787437974965071
7,18,7,-0.19379092886093252,0.1251637715324014,-1.5482988926169994,0.19646845483291517,0.9327221140485742
7,18,8,0.18670138546592022,0.12863303860508005,1.4514263791720416,0.24257234248995743,0.9655449183178495
7,18,9,0.0026997392004773327,0.1451853264164775,0.018595124363424212,0.9860546612920321,0.9999842973802364
7,18,10,-0.04891265540838712,0.07630838658565832,-0.6409866280273178,0.5564117398659182,0.9921578326135176
7,18,11,-0.038370353732522205,0.05543746546307043,-0.6921375898288571,0.5269309305742531,0.9900419620498572
7,18,12,0.0025806932740424036,0.11190790411933009,0.023060866829098036,0.9827062658375111,0.9999842973802364
7,18,13,-0.23755010712933686,0.07524184407247744,-3.1571542411607725,0.05098293682611404,0.8613675014085445
7,18,14,0.09945217417783182,0.19524330493240735,0.5093755927341657,0.6373038950477603,0.996297741304507
7,18,15,0.023216685597480677,0.09243080941019469,0.25117907919855137,0.8140514770520717,0.996297741304507
7,18,16,0.09974169295920536,0.05843418755626481,1.7069064725416039,0.16303038557038996,0.9327221140485742
7,18,17,-0.05961726782947791,0.09417610084318187,-0.6330403074142671,0.5716687785370244,0.9921578326135176
7,18,19,0.13408570123539965,0.25852389238938184,0.5186588365029128,0.639828321108639,0.996297741304507
7,18,20,-0.060286292985052475,0.21322363798670338,-0.2827373810615181,0.7914059952229603,0.996297741304507
7,19,1,0.010619490684585285,0.14177308451609205,0.07490484333297416,0.9431949700380101,0.9976607232147003
7,19,2,0.03321058103694301,0.13628972207006176,0.24367634281055275,0.8194688457083187,0.996297741304507
7,19,3,0.07505271319368746,0.1372036747119178,0.5470167861810279,0.6134529905604017,0.996297741304507
7,19,4,-0.06360592590600599,0.14544083108290898,-0.4373319750167675,0.6801148328280527,0.996297741304507
7,19,5,0.15778388121028689,0.17920169231733443,0.8804820934949605,0.4189014240901028,0.9787437974965071
7,19,6,-0.016160516938673725,0.08475158817307094,-0.19068099237835762,0.856276059588768,0.9970118974932134
7,19,7,-0.006346065006836958,0.17729123248411266,-0.03579457888516762,0.9731612293442548,0.9998192749453514
7,19,8,0.037589407157908365,0.25141896399668484,0.1495090368690506,0.8869954843206797,0.9970118974932134
7,19,9,0.052145950303784466,0.08005529637487371,0.6513741459272107,0.5435523536493762,0.9909681566538422
7,19,10,0.03364446694280189,0.12052866230423383,0.2791407977099976,0.7939748310627128,0.996297741304507
7,19,11,-0.12227087947479208,0.1882998763117563,-0.6493412628254015,0.551519503692167,0.9921578326135176
7,19,12,0.02906551803111433,0.0983250728733267,0.2956063716145337,0.7794133570754489,0.996297741304507
7,19,13,-0.218499388431993,0.05195060391835061,-4.205906610271496,0.024540568353830863,0.8413471823780126
7,19,14,0.039513292870339466,0.0881236732913219,0.44838454179351833,0.6726383583792613,0.996297741304507
7,19,15,-0.05030560954000386,0.11358275147026042,-0.4428983176440533,0.6763442157557839,0.996297741304507
7,19,16,0.16633283952948963,0.07412672814249302,2.243898303558008,0.08823972568904832,0.9038873468295585
7,19,17,-0.06258491597271354,0.12577612135401917,-0.497589807178579,0.644884489816661,0.996297741304507
7,19,18,-0.03664875361873034,0.05171286240167105,-0.7086970613492355,0.5296194486855224,0.9901864231266839
7,19,20,0.020115100379919492,0.11586271692301768,0.1736115025950142,0.8706025833390759,0.9970118974932134
7,20,1,-0.08898369169517767,0.08540118729074851,-1.0419491170677821,0.34517139706123634,0.977783785791819
7,20,2,0.11522954990798628,0.11402817394003008,1.0105357818636778,0.3694014854859382,0.9787437974965071
7,20,3,0.11990119738808033,0.12314512751643183,0.9736576655954795,0.37494409519192484,0.9787437974965071
7,20,4,-0.07914207980891931,0.11935561449861382,-0.6630779803758237,0.5366223305098754,0.9909681566538422
7,20,5,0.08127656898176822,0.04453764059256031,1.8248961529749284,0.14206689355766566,0.9327221140485742
7,20,6,0.2153639855758916,0.06065659616502397,3.550545186980423,0.016378032032578666,0.8007238270101881
7,20,7,0.030133336176698118,0.10696423820607273,0.2817141194271192,0.7894502520404215,0.996297741304507
7,20,8,-0.09628987570960051,0.12344644346947166,-0.7800133645213765,0.47067637294587195,0.9844454813806669
7,20,9,0.07100848359259153,0.1140202777245595,0.6227706598251324,0.560735060740394,0.9921578326135176
7,20,10,0.20403198561197847,0.17639709526438208,1.1566629558441472,0.2996659762424502,0.9723653007063686
7,20,11,0.2995979379246789,0.16437841154863408,1.8226112243104093,0.12797845883484224,0.9327221140485742
7,20,12,-0.11221641183417184,0.11709786325027967,-0.9583130615574705,0.381916451489435,0.9787437974965071
7,20,13,-0.01777222320246395,0.12355489954776927,-0.14384069970004662,0.8947451200945934,0.9970118974932134
7,20,14,-0.046458639463230214,0.18393857510475328,-0.25257692377207647,0.8106499872052478,0.996297741304507
7,20,15,0.07141465010793512,0.1218492447922643,0.5860902152418005,0.5832725353336795,0.9929720478795291
7,20,16,0.0249529830237297,0.2014161170804875,0.12388771755357789,0.9062304487640179,0.9970118974932134
7,20,17,-0.0626982136832737,0.1986890206451476,-0.3155595285505745,0.7681151511125821,0.996297741304507
7,20,18,0.08188774255528018,0.040831737590146966,2.005492476838284,0.11539081116146145,0.9266880947092055
7,20,19,-0.24188200642967525,0.08978501166005916,-2.6940131983586117,0.05443100996391538,0.8737966532283991
8,1,2,4.657914930463449e-05,0.10592184581586012,0.0004397501662232197,0.9996661358030148,0.9999842973802364
8,1,3,-0.07637798179667944,0.10571795638913006,-0.7224693363804956,0.5023731742562418,0.9870199575036301
8,1,4,-0.014023363714437182,0.10277794994485301,-0.1364433102803196,0.8959338448968789,0.9970118974932134
8,1,5,-0.0329346850307773,0.07691655375446102,-0.42818721618087263,0.6834588088367148,0.996297741304507
8,1,6,0.21637301826596703,0.06544571117806212,3.306145114291166,0.016282718106431386,0.8007238270101881
8,1,7,0.12378423779003227,0.05501079177885014,2.25018098785797,0.07426007044664912,0.8921703470566514
8,1,8,-0.08632800379275876,0.09724261446484393,-0.8877589754960888,0.40884461195753147,0.9787437974965071
8,1,9,-0.015488261035394704,0.058782487281097924,-0.26348427484986026,0.8009925820139284,0.996297741304507
8,1,10,-0.10583888684880577,0.08795535338138469,-1.2033251277915133,0.2827117760052625,0.9710602551597926
8,1,11,0.07166023655032244,0.18529472907747707,0.3867365084085716,0.7148629766385461,0.996297741304507
8,1,12,-0.17017490716516429,0.10958228594038234,-1.5529417524306264,0.1714266911839763,0.9327221140485742
8,1,13,0.037447613052992094,0.11005545935357747,0.34026129437471253,0.7507780028570376,0.996297741304507
8,1,14,-0.0015756079438647072,0.06156912733293628,-0.025590876663217674,0.9804135597509491,0.9999842973802364
8,1,15,0.08754527518070535,0.11098229221817925,0.7888220132254246,0.46023972575092953,0.9831823609235607
8,1,16,0.10498602658879892,0.11015795389099503,0.9530498968030311,0.38433205273205584,0.9787437974965071
8,1,17,-0.07661099334638644,0.12497086457006922,-0.6130308341014862,0.5666648770288217,0.9921578326135176
8,1,18,-0.003226346442632808,0.11678930560230925,-0.027625358554588312,0.9792842745775051,0.9999842973802364
8,1,19,0.0006037626314687128,0.04924314061100609,0.012260847378233792,0.9906916804838927,0.9999842973802364
8,1,20,-0.0727621681199361,0.12328471181093008,-0.590196197489063,0.5807220358103419,0.9927843962825581
8,2,1,0.07024575942807652,0.10700218863168781,0.6564889963999982,0.5405165285161034,0.9909681566538422
8,2,3,0.0023204611343124984,0.09206785106406168,0.02520381552810107,0.9810996395428155,0.9999842973802364
8,2,4,-0.11157108045608746,0.09657529811549422,-1.1552755480133703,0.30018355691588655,0.9723653007063686
8,2,5,0.0765925500207569,0.10821937866232911,0.7077526314306111,0.5107157738993194,0.9870199575036301
8,2,6,-0.21552991105615568,0.04896792197497635,-4.401451038945345,0.007012351291028694,0.7296406661547277
8,2,7,-0.2185286960285229,0.10715293496708551,-2.0394093366981463,0.11101813869508534,0.9266880947092055
8,2,8,0.2020278717375919,0.12371942010638022,1.632951977646235,0.16340736065561418,0.9327221140485742
8,2,9,-0.08329800614036116,0.08614211899089559,-0.9669834816600923,0.37796390174517247,0.9787437974965071
8,2,10,0.059690882067779144,0.03455720346370283,1.727306497146049,0.1591832983142321,0.9327221140485742
8,2,11,0.11377367728808979,0.13340958094229582,0.8528148914315828,0.44181736744666994,0.9809403935722025
8,2,12,-0.13180036502570625,0.08373254044512844,-1.5740638504871771,0.17628648506720232,0.9327221140485742
8,2,13,-0.23861440921801602,0.2751197703653074,-0.8673110220334715,0.44958037349481544,0.981074365092707
8,2,14,0.07102876584916767,0.15596446369063466,0.4554163440051465,0.6679038557477235,0.996297741304507
8,2,15,0.1778442667243996,0.1276715862843866,1.3929823533864543,0.22238758331902597,0.9453442358744686
8,2,16,-0.13234867507259668,0.13086678389301784,-1.0113236616235555,0.36906691780915474,0.9787437974965071
8,2,17,0.22943147812028233,0.26436265803412706,0.8678664370585832,0.4344331534884618,0.9796661543801732
8,2,18,0.10245487380636543,0.09123105494635661,1.1230262969718516,0.34319097121742637,0.977783785791819
8,2,19,-0.04903723928152553,0.10194296509835779,-0.4810262212182255,0.6556267423781976,0.996297741304507
8,2,20,0.078486342506598,0.11255037549012357,0.6973441195919237,0.5239938302122958,0.9900419620498572
8,3,1,-0.06387226950328712,0.21683693462697248,-0.2945636065777857,0.7829819354575246,0.996297741304507
8,3,2,0.352026654381791,0.10235029023033126,3.4394299575130005,0.02630746307608288,0.8413471823780126
8,3,4,-0.05268836951687665,0.12220760779370828,-0.4311382119956538,0.6843229451424109,0.996297741304507
8,3,5,0.08565014715424658,0.09055999587104514,0.9457834701678229,0.3876873544202088,0.9787437974965071
8,3,6,-0.038458391584267254,0.18183498035961573,-0.2115016126599868,0.8408464820686653,0.9967052234147373
8,3,7,0.0855964500621918,0.15575778891971628,0.5495484409178538,0.6062722436090624,0.996297741304507
8,3,8,-0.03554596722708099,0.1788190836682111,-0.19878173233923838,0.8502637221189684,0.9970118974932134
8,3,9,0.21705283494454902,0.18977282134499338,1.1437508986011162,0.3045133515126098,0.9723653007063686
8,3,10,0.21394592832568582,0.22306324336433545,0.9591267709457753,0.3815440885019222,0.9787437974965071
8,3,11,-0.18448537640911744,0.125213181093307,-1.4733702538087288,0.2006459878662647,0.9327221140485742
8,3,12,-0.039139381598947004,0.13363068789004504,-0.29289216583887573,0.7813705705110798,0.996297741304507
8,3,13,0.23955384895995957,0.03698787667522948,6.476550439942138,0.00747080656767432,0.7296406661547277
8,3,14,-0.14059348772933578,0.08388145138165196,-1.6760974614992508,0.15456714001306882,0.9327221140485742
8,3,15,0.04168384983386898,0.10289189433700754,0.4051227757255049,0.7021387551555218,0.996297741304507
8,3,16,0.030529487672449965,0.14136847688302445,0.21595682676482167,0.8375550651901632,0.9967052234147373
8,3,17,-0.18560865132224258,0.14265074062140456,-1.3011404673568943,0.26309741117433527,0.9659348365379999
8,3,18,0.12152903506275094,0.1138582099740793,1.0673717344524438,0.34594159045303036,0.977783785791819
8,3,19,-0.18501247342950852,0.19389022182952434,-0.9542125006758944,0.39401133725598503,0.9787437974965071
8,3,20,0.06444642616856976,0.13777703391404972,0.4677588443971439,0.6596359420756934,0.996297741304507
8,4,1,-0.053683906643624234,0.0822778398325746,-0.6524710268550071,0.5382766572644353,0.9909681566538422
8,4,2,0.08832290400960124,0.1107850735178443,0.7972455241867732,0.4614728281213629,0.9831823609235607
8,4,3,-0.06704097533796946,0.08541103771481652,-0.7849216814462696,0.4680412910421052,0.9831823609235607
8,4,5,0.24425963725896468,0.10434786743569868,2.3408205961386006,0.05777905945676036,0.8826836026958972
8,4,6,-0.1196246675942847,0.10479615043628049,-1.1414986819184634,0.2971637846726319,0.9723653007063686
8,4,7,0.000690321447846964,0.07771787751544892,0.008882402220787077,0.9932564677992397,0.9999842973802364
8,4,8,-0.027400162979768328,0.15324626433213484,-0.17879824411382977,0.8639807951333836,0.9970118974932134
8,4,9,-0.023937946094715182,0.07349013846028965,-0.32573004481852086,0.7556887820110044,0.996297741304507
8,4,10,0.010750721018697205,0.09083614684529102,0.11835289575733664,0.9103957819964568,0.9970118974932134
8,4,11,-0.04647824477831359,0.09538398541821409,-0.48727513925991855,0.6466744873062278,0.996297741304507
8,4,12,-0.07933075290775668,0.07551627365941462,-1.050512016317108,0.33394133342323495,0.977783785791819
8,4,13,-0.03882603191639619,0.08018643579589836,-0.48419700327792836,0.653562413455047,0.996297741304507
8,4,14,0.025910882686196218,0.07972133810433021,0.325018160783528,0.756201346190153,0.996297741304507
8,4,15,0.14637483320662362,0.0846930457866354,1.7282981364686416,0.13467129444895323,0.9327221140485742
8,4,16,-0.007814287734154223,0.07372502193212356,-0.1059923419384346,0.9197095175207458,0.9971125104614714
8,4,17,0.13659968283761026,0.1313473573513832,1.0399880560302095,0.3459979672011692,0.977783785791819
8,4,18,-0.08174773173514685,0.13071839591275636,-0.6253728189036322,0.5656344902540033,0.9921578326135176
8,4,19,-0.025689412126585546,0.16861284158641685,-0.15235738799447812,0.8848622697723569,0.9970118974932134
8,4,20,-0.10022357651100801,0.12650185179079465,-0.7922696394671185,0.4641166948629484,0.9831823609235607
8,5,1,0.06413402085859633,0.14604474669667886,0.439139526130012,0.6759336235726188,0.996297741304507
8,5,2,-0.09963527901869489,0.2161170715799035,-0.46102456548138254,0.6641403384672353,0.996297741304507
8,5,3,-0.16131547323996917,0.14182735893101567,-1.137407298949246,0.30691991901081517,0.9723653007063686
8,5,4,-0.1286096547615465,0.12834361695434884,-1.0020728557641492,0.35499355877417393,0.9787437974965071
8,5,6,0.0009234849623547058,0.11131409900179688,0.00829620839253707,0.9937014942893675,0.9999842973802364
8,5,7,-0.026840412621233555,0.05090147772991401,-0.5273012458129984,0.6205349097038361,0.996297741304507
8,5,8,-0.26530201227818434,0.0912899690934097,-2.9061463697486407,0.027116266972138522,0.8413471823780126
8,5,9,-0.0933663874774193,0.09449289382615968,-0.9880784014107884,0.3612698586939777,0.9787437974965071
8,5,10,0.09215216443376265,0.14446459559521768,0.6378875326057767,0.5516107368264538,0.9921578326135176
8,5,11,-0.052851606836756576,0.076295016371823,-0.6927268562141997,0.5193319145545847,0.9884238613340101
8,5,12,-0.029424066706260243,0.061963392820689446,-0.47486209786693195,0.6516764294666091,0.996297741304507
8,5,13,0.037439080255313874,0.13059703359468405,0.2866763449713696,0.7885962882435642,0.996297741304507
8,5,14,-0.0455585756892347,0.09033091653116677,-0.5043519698265357,0.6319957671135187,0.996297741304507
8,5,15,0.051355240403714385,0.07637720028578597,0.6723896687870524,0.5263672222443785,0.9900419620498572
8,5,16,0.07827611042712335,0.05904399514806279,1.325725168656136,0.2422684041314748,0.9655449183178495
8,5,17,-0.06461163485058738,0.16392479919409164,-0.39415411925373905,0.7097166625407197,0.996297741304507
8,5,18,0.03618377534543217,0.07796916417772011,0.4640780201579703,0.6667235926547187,0.996297741304507
8,5,19,0.10735656157635215,0.036521718177500065,2.9395265866640354,0.032274351136603145,0.8473514992757766
8,5,20,0.04440952796120132,0.1893205023138878,0.23457326289646674,0.8238431726201809,0.996297741304507
8,6,1,-0.04770797891744288,0.10948428242662687,-0.4357518527737495,0.6782569246512787,0.996297741304507
8,6,2,-0.12437165423620183,0.08776230207728336,-1.417142113310373,0.21562839104150974,0.9425722664941841
8,6,3,-0.06718562947715989,0.07024577568016757,-0.9564365803589796,0.38277627405310555,0.9787437974965071
8,6,4,0.15873661665449482,0.10239110510788967,1.55029693727481,0.17204829312797018,0.9327221140485742
8,6,5,0.037999402303687875,0.061881793467788736,0.6140643341704956,0.5617176050906403,0.9921578326135176
8,6,7,0.12705135179681537,0.06210866110535837,2.045630183192091,0.09617654213447355,0.9122920172343513
8,6,8,-0.24648348505395512,0.07002099211582533,-3.5201369989547415,0.012516470425881696,0.7296406661547277
8,6,9,0.04845465510666588,0.05657922787904015,0.8564036117530611,0.42465110185912763,0.9787437974965071
8,6,10,-0.00464707268354766,0.13117952264728783,-0.03542529039389147,0.9731113939940572,0.9998192749453514
8,6,11,-0.023183852489850335,0.05804927263334904,-0.3993823081278703,0.7060998505612679,0.996297741304507
8,6,12,0.06881929241368512,0.10024268329116362,0.6865268382043102,0.5180186751654875,0.9874392142122583
8,6,13,0.018080554182251136,0.0669115439422573,0.27021576721625057,0.8003630674509491,0.996297741304507
8,6,14,-0.07275509035389537,0.07782755059074549,-0.9348243623333544,0.38595769169325495,0.9787437974965071
8,6,15,0.07748047922053192,0.07000786835802872,1.1067395856588664,0.31079374292363693,0.9723653007063686
8,6,16,0.023762482045386318,0.10356455379610402,0.22944609110120828,0.827612724465963,0.996297741304507
8,6,17,0.14173099572341583,0.04977461009426014,2.8474556697112607,0.03593076010869461,0.8473514992757766
8,6,18,-0.028586786425911986,0.07432453868591983,-0.38462110806135275,0.7200924537130231,0.996297741304507
8,6,19,-0.004941622999816147,0.08718303975171529,-0.05668101288774163,0.9569946460732834,0.9981155951445632
8,6,20,-0.08848727559844383,0.10911480284530035,-0.8109557391868034,0.45424576458141547,0.9823636982311391
8,7,1,0.17077114921824196,0.07682850196744802,2.222757763627545,0.07686132585096293,0.8921703470566514
8,7,2,0.009095708580885944,0.08212632502147567,0.11075265547796889,0.9171470941528721,0.9971125104614714
8,7,3,-0.05973251310870839,0.07501194234340419,-0.7963067111961588,0.4619708006346824,0.9831823609235607
8,7,4,-0.03888705691837858,0.08542685598717199,-0.45520880370176314,0.6680433435172115,0.996297741304507
8,7,5,0.17655678601880143,0.12838706371906214,1.3751914009324924,0.22749229636372317,0.95225614507068
8,7,6,0.16364815518740577,0.11319903083752532,1.4456674582386173,0.20789885015766904,0.9327221140485742
8,7,8,-0.17120631730439195,0.058109020835790205,-2.9462949958364666,0.032022385792972854,0.8473514992757766
8,7,9,-0.11088641543807128,0.09127265309871176,-1.2148919930806903,0.2786435797763892,0.9710602551597926
8,7,10,-0.01692893882179361,0.1202371017632521,-0.1407962980926307,0.8935273662736472,0.9970118974932134
8,7,11,0.11020506900706331,0.131184506867501,0.8400768630211232,0.43917630960098497,0.9809403935722025
8,7,12,0.10356589276378289,0.11923355606537309,0.8685968630016488,0.42478883762308467,0.9787437974965071
8,7,13,-0.13927298000139887,0.20410038870280678,-0.6823748885824695,0.5439681406159433,0.9909681566538422
8,7,14,0.023194927762989603,0.0691977045527519,0.33519793629819145,0.7510817593061472,0.996297741304507
8,7,15,0.20921726996788684,0.10833507133781221,1.9312053555913657,0.11131818890497043,0.9266880947092055
8,7,16,0.011350949373922259,0.13729565994321907,0.08267522351787346,0.9373175300672667,0.9971125104614714
8,7,17,0.1968534991344884,0.15046185898472583,1.3083282398708347,0.26087576311504235,0.9659348365379999
8,7,18,-0.03016411676536183,0.1585788499081956,-0.19021525747370607,0.8584038068348553,0.9970118974932134
8,7,19,0.09841673550254607,0.09097581313238473,1.0817901166571797,0.34020549629707986,0.977783785791819
8,7,20,0.0023407553784676894,0.07712900464211081,0.030348574953077218,0.9769631992307052,0.9998328560154682
8,8,1,0.09743743655752121,0.10216565741718821,0.953720056424506,0.3770515888852531,0.9787437974965071
8,8,2,0.1155767495494423,0.08556235361503461,1.3507897418074637,0.23467289333741703,0.9551865621300482
8,8,3,-0.059526157583263864,0.1585611556007345,-0.37541450399603865,0.7227512801758784,0.996297741304507
8,8,4,-0.032591289458369185,0.1090706358106416,-0.29880901688931544,0.7751647649558273,0.996297741304507
8,8,5,-0.031098406591974107,0.17001116027116486,-0.1829197950428064,0.8608853594277387,0.9970118974932134
8,8,6,0.12760127523095705,0.08135748856018883,1.5684023374810585,0.16783529562429494,0.9327221140485742
8,8,7,-0.2267692400158798,0.2511108992759614,-0.9030641070094131,0.40789062460266234,0.9787437974965071
8,8,9,0.044768825451447405,0.1289710249238043,0.3471231269003993,0.740350220679694,0.996297741304507
8,8,10,-0.02107229778361014,0.07194951299488138,-0.29287616977777714,0.7813821107266279,0.996297741304507
8,8,11,-0.11168433991254731,0.1450085295030819,-0.7701915211091321,0.47598179797724166,0.9844454813806669
8,8,12,-0.13554519916545985,0.08855185156061314,-1.5306873518183794,0.17672378784864065,0.9327221140485742
8,8,13,-0.11364016548347691,0.17286002901233244,-0.6574114682967687,0.5468222290174168,0.9918684669151606
8,8,14,0.2282633412304605,0.10923974911572638,2.089563030637807,0.08164760533579983,0.8921703470566514
8,8,15,-0.18788072981379125,0.023416400494682646,-8.023467562763603,0.00020018345244656163,0.6579150864527538
8,8,16,0.06376448730702267,0.1415116220518309,0.4505954096350991,0.6711479159463963,0.996297741304507
8,8,17,0.05357949021787404,0.09586395240599914,0.558911758513747,0.6003277698607744,0.996297741304507
8,8,18,-0.03690597862885805,0.2285212063630884,-0.16149914144098332,0.8795293278667128,0.9970118974932134
8,8,19,-0.22924998591992957,0.17044226759903516,-1.345030133358084,0.23639838978920255,0.9581364076667951
8,8,20,-0.1963611460060513,0.09113087837620347,-2.154715827420043,0.08374430376245898,0.8936049968041163
8,9,1,-0.014084923786205536,0.16394481220416982,-0.08591259215069803,0.9343310969075044,0.9971125104614714
8,9,2,0.0726935199624784,0.10425414012388151,0.6972722606066482,0.5167150229118384,0.9870199575036301
8,9,3,-0.11065290229610457,0.1668192008062735,-0.6633103489324472,0.5364853382339289,0.9909681566538422
8,9,4,-0.016784941984491437,0.126349500619269,-0.1328453369589242,0.8986590390513675,0.9970118974932134
8,9,5,-4.669757741496527e-06,0.12961908578186385,-3.6026775789170755e-05,0.9999724227444566,0.9999842973802364
8,9,6,0.07854183718855544,0.15713553413182474,0.49983498399645865,0.6349895017580638,0.996297741304507
8,9,7,0.011509830120664475,0.11672531863263978,0.0986061143837168,0.9252821609376339,0.9971125104614714
8,9,8,-0.0431508603147921,0.22108881836001334,-0.19517432240436314,0.8516979710066457,0.9970118974932134
8,9,10,0.071660481327077,0.10248857110990434,0.6992046093562196,0.5156052682156901,0.9870199575036301
8,9,11,-0.0722983970906588,0.17185131993780983,-0.4207031817759776,0.6914420018105563,0.996297741304507
8,9,12,-0.22836945204241393,0.1715512809584884,-1.3312022548892717,0.23146799920147446,0.9551865621300482
8,9,13,0.03784163710325138,0.19428860061684133,0.19477023861880868,0.8550654239943669,0.9970118974932134
8,9,14,-0.15957911499593783,0.08878032328752812,-1.79746039533242,0.12238207785160538,0.9272249539364997
8,9,15,0.1848289954461836,0.10868201371219609,1.7006401439518213,0.13991594871695098,0.9327221140485742
8,9,16,0.10761846345908978,0.038820908394657384,2.772177878020193,0.039263915521690285,0.8473514992757766
8,9,17,-0.03357527072976851,0.09581480803193404,-0.3504183895899245,0.7403042241670316,0.996297741304507
8,9,18,0.2474657655474228,0.1398086103751068,1.7700323669744058,0.15143387357755206,0.9327221140485742
8,9,19,-0.2425498612893299,0.15605051188864136,-1.554303528724473,0.18082789511028904,0.9327221140485742
8,9,20,-0.24498934130684896,0.15797439274778557,-1.5508167940638107,0.18164102612713287,0.9327221140485742
8,10,1,-0.040634219247363934,0.06004435109870829,-0.6767367538019967,0.5286094721771982,0.9900419620498572
8,10,2,0.09935328021426733,0.13753134666737699,0.7224046198997333,0.5100230331940707,0.9870199575036301
8,10,3,-0.016610729881028026,0.10439650500938184,-0.159111934632066,0.8798080450520982,0.9970118974932134
8,10,4,0.040313003948015715,0.10250850499291074,0.39326496811567396,0.7103326354502484,0.996297741304507
8,10,5,0.1253968458304708,0.1543813868534767,0.8122536556085783,0.45356598192850583,0.9823636982311391
8,10,6,-0.043926504973925515,0.09615053484505996,-0.4568513845945135,0.66693978132744,0.996297741304507
8,10,7,0.09139833062732633,0.08776727876523525,1.041371361994283,0.3454147428790541,0.977783785791819
8,10,8,-0.14900802405822167,0.16794397306017725,-0.8872484158984512,0.415578131094848,0.9787437974965071
8,10,9,0.20491973308544129,0.13944267299726346,1.469562571337063,0.2016282954871239,0.9327221140485742
8,10,11,-0.0010869113519064585,0.10820799811103185,-0.010044648924944881,0.9923741220242731,0.9999842973802364
8,10,12,-0.09729027479661996,0.07328722846232459,-1.3275201810272754,0.2417169426147157,0.9655449183178495
8,10,13,0.20334961383511624,0.08561020999990923,2.375296285722889,0.09803344135420859,0.9122920172343513
8,10,14,-0.07222708546996823,0.0996301037593122,-0.7249524264647007,0.5009749960966094,0.9870199575036301
8,10,15,0.23515451750366856,0.0681816112323782,3.448943391771138,0.018258419251377358,0.8239297143614018
8,10,16,-0.08157294908400736,0.1423528443790256,-0.5730335030485233,0.5914286795357028,0.9954207234136121
8,10,17,-0.15574264807082033,0.04883555452640066,-3.189124185810898,0.03324401718712823,0.8473514992757766
8,10,18,0.16255980898105138,0.12855576002723246,1.2645081709707227,0.2747069547167791,0.9670747067692197
8,10,19,-0.07112155987617355,0.06979810367285189,-1.0189612057156427,0.3658374237658265,0.9787437974965071
8,10,20,-0.028230789542528827,0.1036861053822512,-0.2722716745718279,0.7962989137356145,0.996297741304507
8,11,1,-0.3155871399373675,0.11423281873748983,-2.7626661359012137,0.039708933293154454,0.8473514992757766
8,11,2,0.006067287805973749,0.13095923565944173,0.04632959084844802,0.9652683361248409,0.9981155951445632
8,11,3,0.02359294549263001,0.15660510514650375,0.15065246736629823,0.8861390038041627,0.9970118974932134
8,11,4,0.019983644705523943,0.08605373681462403,0.23222285800720377,0.8255705545418853,0.996297741304507
8,11,5,0.12951369098677173,0.20726778831651888,0.6248616441468771,0.5594672202601096,0.9921578326135176
8,11,6,-0.09819460703826806,0.229198012277321,-0.42842695738140973,0.6861691074485067,0.996297741304507
8,11,7,-0.2412483177689183,0.15585085585259878,-1.5479434902528808,0.18231378361767744,0.9327221140485742
8,11,8,-0.14359831455425726,0.19547636193177217,-0.7346070549627033,0.49556463482545055,0.9870199575036301
8,11,9,0.04662843692158178,0.0932778800224748,0.49988739999072684,0.6383727212759263,0.996297741304507
8,11,10,-0.05669523567072923,0.13606321225153117,-0.41668306026395857,0.6941943617001767,0.996297741304507
8,11,12,0.12105497644928608,0.20881108975579019,0.5797344221050863,0.5872341430712676,0.9945980265218507
8,11,13,0.019781922141533244,0.21849634576986704,0.09053662692500207,0.9335669879160724,0.9971125104614714
8,11,14,0.15650948537886714,0.09616814274119288,1.6274566703283129,0.16456879413835504,0.9327221140485742
8,11,15,0.028550243691667265,0.20042362248813195,0.14244949441134572,0.893612137206032,0.9970118974932134
8,11,16,-0.28638026396974176,0.08728991251298995,-3.2807944895562082,0.02193526833308419,0.8394596075808679
8,11,17,0.21757636061064814,0.16368368166171332,1.329248941620131,0.2545127005316334,0.9659348365379999
8,11,18,0.07950073760245918,0.1860427122696601,0.4273251912539272,0.6911414967624446,0.996297741304507
8,11,19,0.147797846070618,0.2651268922300666,0.5574607872739196,0.6069344217095674,0.996297741304507
8,11,20,0.30422679511775225,0.2188048931257283,1.3904021558674602,0.22312116427987014,0.9473300829759849
8,12,1,-0.13305539943293884,0.13688647502683807,-0.9720127529464097,0.3685831894655811,0.9787437974965071
8,12,2,0.1082646573282906,0.15056482809150187,0.7190567591375092,0.5042991784802154,0.9870199575036301
8,12,3,0.005084200099963881,0.0701786573571421,0.07244652849395121,0.9450552896088962,0.9976607232147003
8,12,4,-0.0653994585727285,0.07765498328818306,-0.8421798035701632,0.4319689789703507,0.9787437974965071
8,12,5,-0.04128906033001601,0.10474177624484333,-0.39419858827966514,0.707063562761758,0.996297741304507
8,12,6,0.07879029859904846,0.0815719693896704,0.9658991831090927,0.3713966328435468,0.9787437974965071
8,12,7,-0.04873119974375123,0.04472122088139661,-1.0896661312511942,0.32556842426789695,0.9754781665506165
8,12,8,-0.0016857323778932854,0.18138038371410298,-0.009293906779583682,0.992885954068751,0.9999842973802364
8,12,9,0.06344345720907098,0.12602188855074642,0.503432046116498,0.6360502188765591,0.996297741304507
8,12,10,-0.00826986729865176,0.16484471244154858,-0.05016762246186065,0.9619312300955206,0.9981155951445632
8,12,11,-0.06249635679624043,0.1057646082276335,-0.5909004707996534,0.5802852597341434,0.9926103925229551
8,12,13,0.047769264270780605,0.06513096420506168,0.7334340102757877,0.5039619702356589,0.9870199575036301
8,12,14,-0.0809773210136108,0.09479826170762408,-0.8542068130163197,0.4257753008769569,0.9787437974965071
8,12,15,-0.0003641230274786644,0.08404009683839471,-0.004332729746546148,0.9966834567709671,0.9999842973802364
8,12,16,-0.1369734462707351,0.09327094278279979,-1.46855432337847,0.20188917621622665,0.9327221140485742
8,12,17,-0.09237499687838084,0.10451724962503657,-0.8838253705383485,0.41725678874491967,0.9787437974965071
8,12,18,0.04203819877030315,0.026132318836630874,1.6086669932163697,0.1829718781089373,0.9327221140485742
8,12,19,0.020019242031166992,0.1697492707012986,0.1179341858044042,0.910711024740058,0.9970118974932134
8,12,20,0.00434631663564003,0.08936609885045425,0.048634959917681374,0.963093145654607,0.9981155951445632
8,13,1,0.2665230707813322,0.21163997828636671,1.2593228979613895,0.2763895580724566,0.9697053714229129
8,13,2,0.3178504078980374,0.18153937791842872,1.7508620528550374,0.17827032807218082,0.9327221140485742
8,13,3,-0.10116675822352757,0.14794450556776295,-0.6838155822995832,0.5431749977844588,0.9909681566538422
8,13,4,0.029922944764292442,0.21860083529556684,0.13688394522233732,0.8977358335366702,0.9970118974932134
8,13,5,0.1903021477519272,0.12320464730494925,1.5446020252739117,0.19732754135591798,0.9327221140485742
8,13,6,-0.10849628276955528,0.0721505978265193,-1.5037475230478714,0.2070810769766464,0.9327221140485742
8,13,7,-0.24454005242552226,0.07553387265121539,-3.2374886105929055,0.047942255880076834,0.8473514992757766
8,13,8,0.013363650774258794,0.05228152443810203,0.2556094321584844,0.8147759369377969,0.996297741304507
8,13,9,-0.1351195742061535,0.1435727729646497,-0.9411225500149762,0.39992813673251487,0.9787437974965071
8,13,10,-0.314225847513625,0.1877405506630436,-1.6737239046236911,0.19277838775411751,0.9327221140485742
8,13,11,0.19614378301216995,0.054668165417836256,3.587897664196856,0.03707826820734176,0.8473514992757766
8,13,12,-0.08832790685916404,0.13695218576339976,-0.6449543420293812,0.5540846371825823,0.9921578326135176
8,13,14,0.17598049859399226,0.08600756538919663,2.0461048722354716,0.13326190128655077,0.9327221140485742
8,13,15,-0.11095136412427592,0.1426954014859587,-0.7775398714191645,0.48026288798508293,0.9853788426768277
8,13,16,-0.2793416923108351,0.20048146640311662,-1.3933541953836148,0.257801260915949,0.9659348365379999
8,13,17,0.359420789337527,0.08314824697206631,4.322650235235289,0.012421425877156044,0.7296406661547277
8,13,18,-0.11822361250435656,0.1716779223649094,-0.6886360859632151,0.5405277252751458,0.9909681566538422
8,13,19,0.2839163549448933,0.023961228339404117,11.848989997985427,0.007047375479262962,0.7296406661547277
8,13,20,-0.2978057187643829,0.06705521667664215,-4.44120134897243,0.021226735147105685,0.8394596075808679
8,14,1,0.07176668675662799,0.14821776049151317,0.48419761922022225,0.6454117807340279,0.996297741304507
8,14,2,0.13282492709917781,0.08928469662363589,1.487656139524005,0.19700137799296982,0.9327221140485742
8,14,3,-0.17196072844488175,0.11261677814199895,-1.5269547866706754,0.18730231355841895,0.9327221140485742
8,14,4,0.14672340431957198,0.09584680175025083,1.5308116873879642,0.17669376947233012,0.9327221140485742
8,14,5,0.20533989060113203,0.18523095823512614,1.108561401163685,0.31006658377372354,0.9723653007063686
8,14,6,0.030785156185776506,0.1391517897523441,0.22123435307835612,0.8336610160891351,0.996297741304507
8,14,7,0.04430105148584251,0.15967534488547325,0.2774445329511572,0.7951874771375728,0.996297741304507
8,14,8,-0.03589635415125367,0.1682216840502137,-0.213387200073002,0.8394529957687589,0.9967052234147373
8,14,9,0.04272858864151852,0.03946912314831724,1.082582667972386,0.3284169813351761,0.977783785791819
8,14,10,-0.1759696277367752,0.13175179176328172,-1.3356146840993555,0.23924460279423815,0.9632665570788276
8,14,11,-0.13112290241528304,0.18487178446606245,-0.7092640058258564,0.5098546057951959,0.9870199575036301
8,14,12,-0.04931577101746042,0.15783292867317525,-0.3124555277008524,0.7652687205492026,0.996297741304507
8,14,13,0.09931507823728097,0.13076544857428604,0.7594902118207622,0.5027871666231458,0.9870199575036301
8,14,15,0.06096894382371955,0.18418416890388623,0.3310216300685661,0.751883070468879,0.996297741304507
8,14,16,0.13005718013240747,0.16336029475795194,0.796137031488066,0.4620608457903622,0.9831823609235607
8,14,17,0.019150768442962412,0.15275307213295536,0.12537075801767394,0.9062785657981537,0.9970118974932134
8,14,18,-0.10080857600235296,0.11106347797101969,-0.9076662989767864,0.41539246158972826,0.9787437974965071
8,14,19,0.22648539263570144,0.15502035314410054,1.4610042361580027,0.20385305597833137,0.9327221140485742
8,14,20,-0.005214082738498925,0.18769878510423474,-0.02777899034123002,0.9789130731989364,0.9999842973802364
8,15,1,-0.2118104026581113,0.1293645202964702,-1.6373144829127726,0.15267921278277996,0.9327221140485742
8,15,2,-0.14777979887887846,0.0781624629970186,-1.8906747972185145,0.11725840573258632,0.9266880947092055
8,15,3,0.09879970272444087,0.2413309745186668,0.40939503485239265,0.699197698998189,0.996297741304507
8,15,4,0.24263799647223555,0.09400174832180418,2.581207273284014,0.04170172159118571,0.8473514992757766
8,15,5,0.07264232970865088,0.1900469617635385,0.38223357550252324,0.7154606194850098,0.996297741304507
8,15,6,0.1870224376122127,0.16544747415142622,1.130403704077764,0.3014587146152144,0.9723653007063686
8,15,7,0.06352515485971769,0.10252453023381763,0.6196093238781245,0.562655387506689,0.9921578326135176
8,15,8,-0.25869624233045746,0.13206191642214965,-1.9589011680062942,0.09784408495807478,0.9122920172343513
8,15,9,0.04362715586611453,0.08821191854063028,0.4945721234429943,0.6384871394691076,0.996297741304507
8,15,10,-0.12291550696046155,0.07587719275137673,-1.6199269174545392,0.16617349564613457,0.9327221140485742
8,15,11,-0.08593065277408368,0.057118668794720454,-1.5044232399989323,0.1928051598703236,0.9327221140485742
8,15,12,-0.10819679623241282,0.14546943170832907,-0.7437768537420778,0.48510762171937505,0.9853788426768277
8,15,13,0.3346093327180425,0.10031364555966002,3.335631267789017,0.02895331125753796,0.8442257097777721
8,15,14,-0.13645233111285474,0.08751569955528714,-1.5591754599995307,0.16996998463905186,0.9327221140485742
8,15,16,-0.060110847266949055,0.057402924001271574,-1.0471739604165518,0.34297728766111873,0.977783785791819
8,15,17,0.1793788013955718,0.1293602687125375,1.386660704862929,0.2241889568313581,0.9494058936562219
8,15,18,-0.2044453787823512,0.12102728649807935,-1.6892502897179835,0.16643915311937818,0.9327221140485742
8,15,19,-0.02759401383057928,0.07370819458518207,-0.37436833157425176,0.7234821667439494,0.996297741304507
8,15,20,-0.07523762518729235,0.13457707258647078,-0.5590671853735732,0.6002293889914421,0.996297741304507
8,16,1,0.16251411917794575,0.07322408054013173,2.219408123351684,0.07718566817369682,0.8921703470566514
8,16,2,0.15356228581248096,0.08039790671054817,1.9100284086180521,0.12874170147356495,0.9327221140485742
8,16,3,0.03876206563476819,0.10485608024425837,0.36966922227212495,0.7267692131433396,0.996297741304507
8,16,4,0.02490739010926145,0.11820346628294227,0.2107162411754508,0.8414270824333556,0.9967052234147373
8,16,5,-0.02234471221467459,0.12381023035126916,-0.18047549181597222,0.8638662510513551,0.9970118974932134
8,16,6,0.033034989941624654,0.09151682898897076,0.36097175029135814,0.7328706950727676,0.996297741304507
8,16,7,0.05061205381511317,0.13735612032117683,0.36847323363822176,0.7276068806560144,0.996297741304507
8,16,8,0.026621591969442717,0.10873914224869732,0.24482069123105316,0.8163253734943281,0.996297741304507
8,16,9,0.10511457730818415,0.09560725617014323,1.0994414181285799,0.32167223995304345,0.97468787269659
8,16,10,0.017886424271991202,0.10167205906414281,0.17592271108162666,0.8672577503887468,0.9970118974932134
8,16,11,0.07521186701949935,0.07332276011819953,1.0257642633369055,0.3520430826166532,0.9787437974965071
8,16,12,0.13242117780132895,0.05251026233123563,2.5218152018264943,0.05305699848300125,0.8736240172341893
8,16,13,-0.15267956669869928,0.07166552574045995,-2.130446475052803,0.12295919676584138,0.9272249539364997
8,16,14,0.07623185570256907,0.07100077325846613,1.073676415100247,0.3320288146716937,0.977783785791819
8,16,15,0.08340093045239642,0.05046042595467559,1.6527987798924995,0.15928007253851884,0.9327221140485742
8,16,17,0.1519689369160469,0.11235373296603035,1.3525935712402313,0.2475912107071739,0.9659348365379999
8,16,18,-0.017879750130146213,0.08444636254669136,-0.21172907382539496,0.8426690190004741,0.9970118974932134
8,16,19,0.038334469567196106,0.05983451131844234,0.6406749001849019,0.5565948561136584,0.9921578326135176
8,16,20,-0.06818959972963062,0.0601750568316121,-1.1331871263422724,0.3085301206308443,0.9723653007063686
8,17,1,-0.03622410866939737,0.094644289046445,-0.38273950846879196,0.7176432418650398,0.996297741304507
8,17,2,0.09021100784035495,0.11428650607796016,0.7893408498990113,0.4740686605178734,0.9844454813806669
8,17,3,-0.13121599310035117,0.18635334708141588,-0.7041246919075734,0.5201865679105485,0.9888160523190818
8,17,4,0.23290247170410414,0.20440349887627854,1.1394250733640134,0.3061526385455191,0.9723653007063686
8,17,5,0.026692062900557815,0.07764483389975017,0.3437712666714833,0.745002906787435,0.996297741304507
8,17,6,0.10241374102169674,0.15308515564095174,0.6689985099615439,0.5331391666934424,0.9909681566538422
8,17,7,-0.04801416496660733,0.22186515143568214,-0.21641147632105728,0.8392558207987647,0.9967052234147373
8,17,8,0.04083993510868992,0.18525519782922883,0.22045230356298215,0.8342377173317957,0.996297741304507
8,17,9,0.08965556892723249,0.16224239437055654,0.5526025997983571,0.6043294243008037,0.996297741304507
8,17,10,-0.09206251387196632,0.14619962948067275,-0.6297041531388221,0.5630656863066813,0.9921578326135176
8,17,11,-0.16028115993471967,0.0776525648543871,-2.064080693705512,0.10795187827348661,0.9266880947092055
8,17,12,0.01605060372645599,0.14631991329899915,0.10969527909401844,0.9169177269222453,0.9971125104614714
8,17,13,0.21703975196771885,0.21111696730601803,1.028054517532395,0.36202476026647396,0.9787437974965071
8,17,14,0.108366895590484,0.1596037848393119,0.678974472309088,0.5273044331944958,0.9900419620498572
8,17,15,0.10220989633220531,0.10658299988182408,0.9589699712390671,0.3816158189890661,0.9787437974965071
8,17,16,0.04916102172577822,0.09229191264151905,0.5326687931606442,0.6224789832832837,0.996297741304507
8,17,18,-0.03987172356111821,0.1466956252137512,-0.2717989953875519,0.8034081683785752,0.996297741304507
8,17,19,0.09225051553511823,0.09773659661723183,0.9438687116910491,0.39868062914727326,0.9787437974965071
8,17,20,-0.0734483967585265,0.15981001226896213,-0.4595982173785982,0.669674226574899,0.996297741304507
8,18,1,-0.02143986663794883,0.051249691183368716,-0.41834138201574267,0.7038401136977086,0.996297741304507
8,18,2,0.0265043472305112,0.09144423605521554,0.2898416387252401,0.7908158472387585,0.996297741304507
8,18,3,0.07677344022045136,0.07221442515535818,1.0631316396166282,0.34764487170942465,0.9778316154669235
8,18,4,-0.03811554011228454,0.07180454545813479,-0.5308234996623821,0.6236457091869552,0.996297741304507
8,18,5,-0.3329875624300111,0.1627181457611576,-2.046407060935499,0.11013880693468941,0.9266880947092055
8,18,6,0.14282291619759913,0.1357914040531955,1.0517817176453768,0.3522411793462913,0.9787437974965071
8,18,7,-0.08283666180445129,0.15882399259848085,-0.5215626458487738,0.629521195670038,0.996297741304507
8,18,8,-0.1864170562319307,0.14218330454946326,-1.3111036968884635,0.2811482490865264,0.9710602551597926
8,18,9,0.2621508798809394,0.07407119817386576,3.5391742855577815,0.02403126057608264,0.8413471823780126
8,18,10,0.09121120666717972,0.06945875102429253,1.313170843425709,0.2593892526560488,0.9659348365379999
8,18,11,-0.026654745676271817,0.05935312662671463,-0.449087473410803,0.67662542425427,0.996297741304507
8,18,12,0.17046118881972022,0.07876252403235467,2.1642423336704217,0.09642971673591667,0.9122920172343513
8,18,13,0.061665563558908884,0.1623619411231751,0.3798030691918545,0.7293842132961683,0.996297741304507
8,18,14,0.06430919676044247,0.2064317649906418,0.31152762155110325,0.7709609850081613,0.996297741304507
8,18,15,0.12000236841188505,0.07570511624021016,1.5851289103042367,0.18811679677711377,0.9327221140485742
8,18,16,0.011142478822063585,0.07946588961330243,0.14021712808029946,0.8952656904677927,0.9970118974932134
8,18,17,-0.13710939345366877,0.07130794892864034,-1.9227785332734053,0.1502271300276307,0.9327221140485742
8,18,19,0.13883328992808297,0.2753176539759957,0.5042658468231872,0.6487795137412811,0.996297741304507
8,18,20,0.2253928329134221,0.19277676971955668,1.1691908378802314,0.3072472955223877,0.9723653007063686
8,19,1,0.09448681729741826,0.14690854573086004,0.6431676035366737,0.5484466000752068,0.9920487807726447
8,19,2,0.22944039877201589,0.07887949148322661,2.9087459167747887,0.043733029333377235,0.8473514992757766
8,19,3,-0.07375616560258981,0.1520378315704348,-0.4851171898484724,0.6529640278399108,0.996297741304507
8,19,4,-0.00635186783077028,0.15967590918960817,-0.03977975051444945,0.9698082358276232,0.9997778860288403
8,19,5,0.32403285307280344,0.14857854634733417,2.1808858750921303,0.08102241031421982,0.8921703470566514
8,19,6,-0.1578958207285378,0.058444777837818394,-2.7016241068447537,0.042701122474357096,0.8473514992757766
8,19,7,-0.11587610514545356,0.18622073320399712,-0.6222513634821415,0.5674906670572434,0.9921578326135176
8,19,8,0.06809580077624848,0.26982895218197844,0.2523665463818384,0.8108037524643068,0.996297741304507
8,19,9,0.09057427239293298,0.08020818247632298,1.12923980565874,0.3100428853744035,0.9723653007063686
8,19,10,-0.04963438420780504,0.1315279679978996,-0.37736752846527893,0.7250687975654126,0.996297741304507
8,19,11,-0.07811851315736011,0.21421236675037725,-0.36467788644540455,0.7338140323433908,0.996297741304507
8,19,12,0.20267958298821898,0.05663528800098749,3.578680185772277,0.015897028478410544,0.7986173840633359
8,19,13,-0.1956547793305688,0.09876888123261186,-1.9809354615225292,0.14192830923695152,0.9327221140485742
8,19,14,0.009904448512600321,0.09675397837757181,0.10236735148860678,0.9224438124151556,0.9971125104614714
8,19,15,-0.04716375428163954,0.12298266422322911,-0.38349920762529466,0.7171144210089315,0.996297741304507
8,19,16,0.05835842043557511,0.11900585989037599,0.4903827466045996,0.6495459778428101,0.996297741304507
8,19,17,-0.1269109173252777,0.153656187286167,-0.8259408199950631,0.455252716736584,0.9823636982311391
8,19,18,-0.08950386964742231,0.029230909662873943,-3.0619597773940934,0.05490830761094648,0.8737966532283991
8,19,20,0.20979453937053058,0.07319727749005929,2.866152219884899,0.045645304696956324,0.8473514992757766
8,20,1,-0.11098460631925301,0.08272241061130847,-1.3416510169100335,0.23741622234585694,0.9601039416292946
8,20,2,-0.208634458682346,0.08165985389541297,-2.5549207931109286,0.06297602175193429,0.8885715236277543
8,20,3,0.09243315250491854,0.131164426989399,0.7047120520847049,0.5124513149336882,0.9870199575036301
8,20,4,-0.22130591620099407,0.08033131568692539,-2.7549146220974765,0.04007572677487468,0.8473514992757766
8,20,5,0.04389933942027128,0.058539654800476966,0.7499077261242014,0.49500924135193203,0.9870199575036301
8,20,6,0.12845319121486337,0.10140211616809384,1.2667703206574141,0.2610386863754079,0.9659348365379999
8,20,7,-0.0746474743941815,0.10521836249959074,-0.7094529188644463,0.5097470354869776,0.9870199575036301
8,20,8,-0.13245542233072718,0.12004825508453754,-1.10335150008094,0.32012506201536955,0.9738435620968914
8,20,9,0.09376983505495588,0.1137029746342494,0.824691133681968,0.44709037454895756,0.9809403935722025
8,20,10,0.16217797417804325,0.18997336250246297,0.8536879699388747,0.432264131345631,0.9787437974965071
8,20,11,0.09974565688434663,0.21250476521219938,0.4693808008694531,0.6585534819146721,0.996297741304507
8,20,12,0.034788823908307114,0.12951333744940735,0.2686119020106967,0.7989590108080279,0.996297741304507
8,20,13,0.13772573588028655,0.10503176660331238,1.31127696251309,0.28109677792752763,0.9710602551597926
8,20,14,-0.10674882994286246,0.18342302506560867,-0.5819816236489254,0.5858315633614162,0.9942652705553289
8,20,15,0.11771602875192685,0.11774381741301626,0.9997639904778041,0.36332117293373445,0.9787437974965071
8,20,16,-0.03139077232337205,0.20607018754074238,-0.15233048845075375,0.8848824104982622,0.9970118974932134
8,20,17,-0.21191093728413532,0.19420890989124914,-1.0911494091682385,0.3365280743107661,0.977783785791819
8,20,18,0.023555300845595824,0.058792767968854034,0.4006496319015596,0.7091556122721404,0.996297741304507
8,20,19,-0.11096581687521988,0.1560990029479899,-0.7108681976109824,0.5164201153928004,0.9870199575036301
9,1,2,0.060206497094240106,0.10244253704633893,0.587709937976434,0.5822655919590055,0.9927843962825581
9,1,3,0.062283634023141424,0.10755071041297246,0.5791094617916149,0.5876245745432346,0.9945980265218507
9,1,4,0.050753189411702496,0.10083039427970741,0.5033520871733164,0.6326578065090319,0.996297741304507
9,1,5,0.0760489602457112,0.0716451749624496,1.061466599593179,0.329323743457189,0.977783785791819
9,1,6,-0.20128888375286402,0.07302843622026563,-2.7563082843919555,0.033014888277120034,0.8473514992757766
9,1,7,-0.10986584060759501,0.060634925007829965,-1.811923418584187,0.1297507914099316,0.9327221140485742
9,1,8,-0.059247725864581824,0.10056423123760885,-0.589153072964926,0.5772515901358676,0.9921578326135176
9,1,9,0.0006185885095899423,0.05912104594794052,0.010463084670798652,0.9919910396804519,0.9999842973802364
9,1,10,0.00933318966351498,0.09979527291642672,0.09352336429038588,0.9291197596524399,0.9971125104614714
9,1,11,-0.11122720201400975,0.18134739157432675,-0.6133377549453696,0.5664774105226105,0.9921578326135176
9,1,12,0.058278195545419256,0.1275492161900394,0.45690751606134467,0.6638125779602413,0.996297741304507
9,1,13,0.03759930710910337,0.11004252855417959,0.34167978146966715,0.7497876741714994,0.996297741304507
9,1,14,0.0008834159425007967,0.061571431091458365,0.014347822144562802,0.989017676109362,0.9999842973802364
9,1,15,-0.18498428414229495,0.08883261876776656,-2.0823914312805916,0.0824615418136292,0.8927460367287492
9,1,16,-0.09968824087715666,0.11113792731284396,-0.8969776860751203,0.41083571817964315,0.9787437974965071
9,1,17,0.07618486208296936,0.12502295473061892,0.6093669938173508,0.5689057795983751,0.9921578326135176
9,1,18,-0.11791819458344721,0.10082742224938922,-1.169505199593576,0.3071342544977816,0.9723653007063686
9,1,19,0.038460101691656264,0.04614243078416916,0.833508357431787,0.4425419301057027,0.9809403935722025
9,1,20,0.21574516133120514,0.08335941374938587,2.5881319412494843,0.0489474531516736,0.8578547234897509
9,2,1,-0.048899170542826303,0.10935326213488766,-0.4471670034137786,0.6734598826817687,0.996297741304507
9,2,3,-0.017505750188974857,0.09165818300677529,-0.19098949613140223,0.8578361058942131,0.9970118974932134
9,2,4,0.05267487855968241,0.10612012456960684,0.4963703046224307,0.6406818253869169,0.996297741304507
9,2,5,0.10000684273765106,0.10432853848744529,0.9585760922810888,0.3817960533285391,0.9787437974965071
9,2,6,0.015741841756308664,0.10788384855086564,0.14591472187554289,0.8896889200479502,0.9970118974932134
9,2,7,-0.013042633645832318,0.1528984030195778,-0.08530261525411077,0.936119839225635,0.9971125104614714
9,2,8,0.008222970543207583,0.15315359497678233,0.053691005714886886,0.9592605555021467,0.9981155951445632
9,2,9,0.0072859531511655536,0.09379530482369226,0.0776792949794591,0.941095909090926,0.9976607232147003
9,2,10,-0.03876637562071023,0.041342988426668364,-0.9376771514360641,0.40149796212320743,0.9787437974965071
9,2,11,0.12508657350941385,0.1308532230402869,0.9559303974495641,0.39324038632757513,0.9787437974965071
9,2,12,0.05723473418786719,0.099147579970798,0.5772680907002199,0.5887758580686587,0.9945980265218507
9,2,13,0.45614107988800195,0.1591066892189522,2.866888137288958,0.06421362812311224,0.8921703470566514
9,2,14,-0.07250165017989983,0.15582885866923607,-0.4652645909017874,0.6613023976444083,0.996297741304507
9,2,15,0.11007273480741596,0.14213567179326486,0.7744201959852935,0.47369230797931594,0.9844454813806669
9,2,16,-0.07639117196617871,0.14158479892374817,-0.5395435989338118,0.618144037790845,0.996297741304507
9,2,17,0.22989216692089354,0.2642625846541414,0.8699383880654135,0.4334245594597201,0.9787437974965071
9,2,18,0.10208651028325715,0.09136859734930833,1.1173041202751115,0.3452821997587184,0.977783785791819
9,2,19,-0.053348514733308115,0.10140027039446638,-0.526118071729455,0.6266268535390289,0.996297741304507
9,2,20,0.04437673590103809,0.11711229585605408,0.3789246515601045,0.7239991313853127,0.996297741304507
9,3,1,0.06085159774753123,0.21705401098387986,0.2803523301477723,0.7931091468832215,0.996297741304507
9,3,2,-0.19073728398940998,0.17989189915926743,-1.0602883447212945,0.3487912464956672,0.9787437974965071
9,3,4,0.218999051025165,0.07679710534353269,2.8516576248893197,0.03575418599846497,0.8473514992757766
9,3,5,-0.007350517579540664,0.09827256164329445,-0.07479725221925587,0.9432763806736445,0.9976607232147003
9,3,6,-0.11976191737481812,0.17461725655951948,-0.6858538482037747,0.5233060184804406,0.9900419620498572
9,3,7,-0.24612528729217878,0.11666322408058696,-2.109707572628493,0.08865476051729371,0.9042343601680186
9,3,8,-0.23965841588874043,0.14401991730278252,-1.6640643903664154,0.15698360505081954,0.9327221140485742
9,3,9,-0.31079014835915103,0.16161066514717176,-1.9230794457420552,0.112483692044561,0.9266880947092055
9,3,10,-0.336108212776463,0.1905729163613944,-1.7636725049498534,0.13806850008447072,0.9327221140485742
9,3,11,-0.03177524969745072,0.1492761810959839,-0.21286215566304256,0.8398409472163814,0.9967052234147373
9,3,12,0.11895702751283989,0.12382804248399519,0.9606630705419933,0.3808418623840698,0.9787437974965071
9,3,13,-0.052371766439836744,0.139937549993236,-0.3742509886874104,0.7331046471040926,0.996297741304507
9,3,14,0.1989444053348796,0.05544031350436653,3.5884430075530163,0.0157339007897416,0.7971843066802411
9,3,15,0.054033515845687,0.10173655400456225,0.5311121098394272,0.6180780483642491,0.996297741304507
9,3,16,-0.15586882008860692,0.12374343766265658,-1.2596128169016072,0.26340603846416977,0.9659348365379999
9,3,17,0.2797088967718611,0.09696705588970814,2.8845765626536277,0.04480641882124617,0.8473514992757766
9,3,18,-0.16236505434040036,0.10032654609614584,-1.6183658329389994,0.1808945337798507,0.9327221140485742
9,3,19,0.21223318635972394,0.18678889314980152,1.1362195191572784,0.3193199337243141,0.9738435620968914
9,3,20,0.11438959792647366,0.13113421910614076,0.8723092927637276,0.4229430249806791,0.9787437974965071
9,4,1,0.10590157194038236,0.0733537961505358,1.4437094942108881,0.19893146396335404,0.9327221140485742
9,4,2,0.07723413016098865,0.11242996671949657,0.6869532422169478,0.5226689422493612,0.9900419620498572
9,4,3,0.09841813874028287,0.07909941739200574,1.2442334214839028,0.26855896364588205,0.9659348365379999
9,4,5,-0.19792255161656935,0.11959675203626025,-1.6549157752620804,0.14902328698774855,0.9327221140485742
9,4,6,0.093902239591931,0.10907629544974767,0.8608858524566562,0.42236415441382597,0.9787437974965071
9,4,7,-0.04121157235014725,0.07550155664045816,-0.5458373864508886,0.6086378986378963,0.996297741304507
9,4,8,0.16120029423339363,0.13884748182863121,1.160988244865613,0.28974454275487005,0.9720339886089545
9,4,9,0.029817527060377155,0.07313086791124575,0.4077283356756691,0.6976225425298646,0.996297741304507
9,4,10,0.03246758585962591,0.08979695066021567,0.3615666859570659,0.7324526136537295,0.996297741304507
9,4,11,0.08015052676480004,0.09080379250704046,0.8826781850295834,0.4178205482369804,0.9787437974965071
9,4,12,0.030994284335299473,0.08118802068847733,0.3817593294193536,0.7157943564355487,0.996297741304507
9,4,13,0.10721579039794518,0.0627130229424396,1.7096256146772302,0.16251198578312068,0.9327221140485742
9,4,14,-0.017814249022394795,0.08009054965913635,-0.2224263548944217,0.8313601237771852,0.996297741304507
9,4,15,-0.09457082208402356,0.09619374844060084,-0.9831285672523453,0.3635107597180197,0.9787437974965071
9,4,16,0.03189584098918345,0.07241631406643861,0.44045104200525925,0.6780006752424425,0.996297741304507
9,4,17,-0.13795218242435625,0.13106434307747677,-1.052553113868318,0.34073068719262706,0.977783785791819
9,4,18,-0.19885233764084054,0.09419346524392117,-2.1111054479606004,0.1023628093299607,0.9127961480874048
9,4,19,-0.20393505635575743,0.14228273993975102,-1.4333084704489067,0.21121481582783155,0.9359956853011777
9,4,20,-0.08786683864287191,0.1283259728099236,-0.6847159364405172,0.5239659700710165,0.9900419620498572
9,5,1,-0.181121063905261,0.12863562302585532,-1.408016377138767,0.20877105113575736,0.933394762406013
9,5,2,0.28031171929811977,0.18159596470771644,1.5436010362220622,0.18333514612220114,0.9327221140485742
9,5,3,-0.10844842258177272,0.15154974117621992,-0.715596224311296,0.5062575048434792,0.9870199575036301
9,5,4,0.23876132817091164,0.09862891356451052,2.420804605257296,0.051806370883120095,0.8615501503538572
9,5,6,-0.004778113151778249,0.11129435353340589,-0.04293221533742166,0.9674172979376483,0.9985828574077232
9,5,7,-0.025713541729390794,0.05101769045508354,-0.5040122651480123,0.6356705009576873,0.996297741304507
9,5,8,0.05538858883764179,0.13983347994899903,0.39610391486679275,0.7057305215624988,0.996297741304507
9,5,9,-0.05802833980202461,0.09909880254259355,-0.585560453936847,0.5795128904727703,0.9925828274276138
9,5,10,-0.23977743677198407,0.10521302117830603,-2.2789711205360295,0.07163019995052834,0.8921703470566514
9,5,11,-0.005551921994555746,0.07983372235249607,-0.06954356919463642,0.9472526024627997,0.9976607232147003
9,5,12,-0.01988049554508143,0.0625930159809155,-0.31761523603248865,0.7615395447542703,0.996297741304507
9,5,13,-0.08391072311946081,0.12508298846251753,-0.6708404088373274,0.5390680740962756,0.9909681566538422
9,5,14,0.05091682123500414,0.08985275735179014,0.5666695462120178,0.5914894719652464,0.9954207234136121
9,5,15,-0.00455632030055225,0.0791806594685138,-0.057543348730336445,0.9559808881343536,0.9981155951445632
9,5,16,-0.07521591008434209,0.05983424295335521,-1.2570713085100924,0.2642513365501768,0.9659348365379999
9,5,17,0.21060709861575902,0.13724140215316508,1.5345740812177164,0.18547620396447462,0.9327221140485742
9,5,18,-0.0876366281057338,0.06698105938023655,-1.308379248033863,0.2608600623636437,0.9659348365379999
9,5,19,-0.002493841456960823,0.06031316864743276,-0.041348208241180275,0.9686186167342148,0.9988468775006829
9,5,20,0.21609533841357967,0.16400382548682896,1.317623767438379,0.24477184369276817,0.9659348365379999
9,6,1,0.12747271897837695,0.09827478971357753,1.297104978281814,0.2422365150900743,0.9655449183178495
9,6,2,0.17126939610576103,0.07020856167810156,2.439437470440894,0.058694346299933337,0.8850734759513756
9,6,3,0.05054242895604309,0.07298180141378761,0.6925346864047419,0.519442750285268,0.9884238613340101
9,6,4,-0.12673752527639823,0.10957382867654408,-1.156640475248554,0.29138587049681247,0.9723653007063686
9,6,5,-0.08227902996856071,0.054237523879706775,-1.5170130212715847,0.18005457285663787,0.9327221140485742
9,6,7,-0.10736544059708532,0.06914063505680744,-1.5528558640995804,0.18116506803435603,0.9327221140485742
9,6,8,0.21175078736353273,0.08692271325395344,2.4360811971256053,0.05074120758827894,0.8613675014085445
9,6,9,-0.016798054566190258,0.05954400771506085,-0.28211158789130864,0.7873363067381498,0.996297741304507
9,6,10,-0.017832699048415397,0.1309533702804371,-0.13617594575909298,0.8969951389033048,0.9970118974932134
9,6,11,0.03383276134965751,0.05699372867611434,0.5936225289159394,0.5785990117622865,0.9921673560837891
9,6,12,-0.08034769585369597,0.09880276320342923,-0.8132130443300604,0.4471562678865787,0.9809403935722025
9,6,13,0.014701960536221635,0.06711813772534816,0.21904601400241433,0.837337268519705,0.9967052234147373
9,6,14,0.041220933188917445,0.08158523520953262,0.505249915411114,0.6314015403536896,0.996297741304507
9,6,15,-0.13039491080002114,0.05538802772246648,-2.354207509446598,0.05673128022586188,0.8808799856679203
9,6,16,0.008781872711629293,0.10403424270841277,0.08441329011408981,0.9360034775053861,0.9971125104614714
9,6,17,-0.05984834706878991,0.0760176420997951,-0.7872954937149245,0.4667707674360792,0.9831823609235607
9,6,18,-0.04361854418518811,0.07247616015771094,-0.6018329901814697,0.5797335625127555,0.9925828274276138
9,6,19,-0.07370297043314435,0.08074243480221437,-0.9128158026541233,0.4032066909564154,0.9787437974965071
9,6,20,0.10328251159740028,0.1064827889762582,0.9699455901691172,0.37662122624302485,0.9787437974965071
9,7,1,-0.13731106679515362,0.08924298282073133,-1.5386203200921849,0.1845135013962751,0.9327221140485742
9,7,2,0.04063579591944518,0.0797031948084797,0.5098389847054419,0.6370069252288812,0.996297741304507
9,7,3,-0.0169963274065593,0.07926292380126036,-0.21442973071445806,0.8386828308684059,0.9967052234147373
9,7,4,0.05617292299399999,0.08348118894379558,0.6728812047843018,0.5308631303374934,0.990892613617138
9,7,5,-0.017533183961698444,0.15051981716801724,-0.11648422308413119,0.9118028314319857,0.9970118974932134
9,7,6,-0.07326366936399345,0.13075416349802382,-0.5603161490497426,0.5994391804191401,0.996297741304507
9,7,8,0.1001441798565612,0.08504826610608868,1.1774981953243404,0.2919873970935517,0.9723653007063686
9,7,9,-0.09229782910624945,0.09532092518368356,-0.9682850741054299,0.3773734317427711,0.9787437974965071
9,7,10,-0.20789970535232064,0.07661475665455511,-2.713572612218777,0.04209635575021366,0.8473514992757766
9,7,11,-0.11294878721416177,0.13071694833650963,-0.8640714815536339,0.4270472557195881,0.9787437974965071
9,7,12,0.0034544933958873493,0.12790399921762374,0.027008486184881934,0.979497786939211,0.9999842973802364
9,7,13,-0.002969683972635501,0.21936199149767885,-0.013537823723912474,0.9900486807506992,0.9999842973802364
9,7,14,-0.07194017042560925,0.06213570331124339,-1.1577911987910816,0.2992456578581229,0.9723653007063686
9,7,15,-0.289113572600392,0.06142905924706614,-4.706462643891029,0.005306363480751447,0.7168717760835697
9,7,16,-0.05073117971206754,0.13550327129108838,-0.37439081158942894,0.7234664580334144,0.996297741304507
9,7,17,-0.004018351943630883,0.17978475811766362,-0.02235090441303508,0.9832385660994791,0.9999842973802364
9,7,18,-0.1810618402210516,0.13106819838239256,-1.3814322807079467,0.23929569207431928,0.9632665570788276
9,7,19,0.042374595351552,0.10123813732502773,0.41856356182343285,0.6970318956111581,0.996297741304507
9,7,20,-0.01066992175481847,0.07698837404556824,-0.13859133780854385,0.8951819526030346,0.9970118974932134
9,8,1,-0.029496157379245297,0.10897320777426392,-0.2706734800362617,0.7957124933055942,0.996297741304507
9,8,2,-0.10465766196237869,0.08832818418795228,-1.1848727891710562,0.2893116168806676,0.9720339886089545
9,8,3,0.1325447859776974,0.14945463758208086,0.8868562937969496,0.41577015966021663,0.9787437974965071
9,8,4,0.002314944509563481,0.10987512211392723,0.021068868593766787,0.9838738989062642,0.9999842973802364
9,8,5,0.07661698795806353,0.1675906300827903,0.45716749152239194,0.6636360391706942,0.996297741304507
9,8,6,-0.04040045110868754,0.09518765208760757,-0.42442953704835445,0.6860499269978249,0.996297741304507
9,8,7,0.25954950662282866,0.24468010156330083,1.0607707981297376,0.3373226244467506,0.977783785791819
9,8,9,0.12502090919381645,0.11984376747529327,1.043199090170019,0.3370531857354888,0.977783785791819
9,8,10,-0.03874264358257973,0.0704651848831994,-0.5498125584463923,0.6061040864383881,0.996297741304507
9,8,11,0.06028863753543456,0.15098082004615904,0.3993132208223755,0.7061475875109889,0.996297741304507
9,8,12,0.07364800229922863,0.09999754602240177,0.7364980964832204,0.48921133753794843,0.9869113698394234
9,8,13,0.2197052991354982,0.1450569088870562,1.5146145110885405,0.20443967667263147,0.9327221140485742
9,8,14,-0.19002723516822137,0.12082614201489138,-1.5727327877706174,0.16684219768148476,0.9327221140485742
9,8,15,0.07566839943873169,0.07400836533179612,1.0224303576828218,0.34601938013228967,0.977783785791819
9,8,16,-0.11151130571739312,0.1354686933704099,-0.8231518511193311,0.4478880234946252,0.9809403935722025
9,8,17,-0.10946891278190231,0.08583333357251584,-1.2753659705893015,0.2582213206667303,0.9659348365379999
9,8,18,-0.16035579099342037,0.21478817389697757,-0.7465764435875688,0.49680994575425663,0.9870199575036301
9,8,19,0.07459931458377947,0.19608331455247474,0.38044702963971555,0.719240104823896,0.996297741304507
9,8,20,0.19906584231371793,0.08994962484950311,2.2130814068937665,0.07780226845749995,0.8921703470566514
9,9,1,0.13930690150260203,0.15387190612311843,0.9053433145244345,0.40017598795825704,0.9787437974965071
9,9,2,0.09844366131096122,0.09993780271456607,0.9850492870164722,0.36983539044438074,0.9787437974965071
9,9,3,0.14863903578784793,0.16080654875646647,0.9243344685671354,0.39772903444931584,0.9787437974965071
9,9,4,0.12478165350390047,0.11582778240897648,1.077303311067732,0.32274087156672226,0.97468787269659
9,9,5,0.058703234853189006,0.12738431001836859,0.46083567783397555,0.6611476484017693,0.996297741304507
9,9,6,-0.2758012661609224,0.1142015311443975,-2.4150400033584627,0.05221438935934021,0.8664396487576105
9,9,7,-0.025627779734101647,0.11627527092616327,-0.2204061063865876,0.8342717878892159,0.996297741304507
9,9,8,-0.06486340288478631,0.22020306133773984,-0.2945617671727393,0.778254318251597,0.996297741304507
9,9,10,-0.12546777034479795,0.09155610217728032,-1.3703922224701526,0.2288880640204141,0.9532557270404519
9,9,11,-0.08817140976226857,0.17036269635354453,-0.5175511520360868,0.6268463097437461,0.996297741304507
9,9,12,0.3280808625928916,0.14206489492332128,2.3093732112191545,0.06032060889753823,0.8872441397771501
9,9,13,-0.13968247825509966,0.1822862008530608,-0.7662811425146224,0.4862303098842635,0.9854106808380985
9,9,14,0.047693235734111064,0.10838398100144175,0.44003952699464505,0.6753170491428875,0.996297741304507
9,9,15,0.006115716917593627,0.13228443861080633,0.04623156723324373,0.9646260285778677,0.9981155951445632
9,9,16,-0.028680063940747104,0.06048884567022584,-0.47413806004220094,0.6553840544854174,0.996297741304507
9,9,17,-0.023889650367118882,0.09639395271581713,-0.247833496747468,0.8141193053632371,0.996297741304507
9,9,18,-0.26414028574514237,0.1319611729870951,-2.001651544647696,0.11589778342766334,0.9266880947092055
9,9,19,0.20334243692097836,0.1668778594433942,1.2185105777242704,0.277381708717987,0.9705924903832205
9,9,20,0.1700437043546451,0.17656979344353993,0.9630396062509715,0.3797576398491811,0.9787437974965071
9,10,1,-0.0694361779957612,0.05450940735966328,-1.2738384318936813,0.25871995826747973,0.9659348365379999
9,10,2,-0.06199544414586194,0.14290479738191167,-0.4338233934844461,0.686789757073727,0.996297741304507
9,10,3,0.03231671309459231,0.10365780018195615,0.31176344701077263,0.7678012982894379,0.996297741304507
9,10,4,-0.012823353156060636,0.10392369112050986,-0.12339201021129328,0.9066033655122153,0.9970118974932134
9,10,5,-0.042872151418088346,0.16312842217776122,-0.2628122729655762,0.8031807814684646,0.996297741304507
9,10,6,-0.04536323624739269,0.09601702077375968,-0.4724499456591917,0.6565077907426116,0.996297741304507
9,10,7,-0.09826018038959135,0.08627174265139148,-1.138961348972676,0.3063288261080141,0.9723653007063686
9,10,8,-0.026074046944881635,0.18030497815969443,-0.1446107989411334,0.8906664471625625,0.9970118974932134
9,10,9,-0.1534827934945722,0.15208972639334958,-1.0091595082274694,0.3592115612277847,0.9787437974965071
9,10,11,-0.016390896622742443,0.10796052441533881,-0.15182305487450776,0.8852623640391422,0.9970118974932134
9,10,12,0.14027880363607997,0.05769288361466558,2.4314749904092072,0.05927283031070401,0.8872441397771501
9,10,13,-0.002371740926104904,0.14529597890806203,-0.01632351386399572,0.9880012106418185,0.9999842973802364
9,10,14,-0.04415229888616273,0.10285729361985918,-0.4292578322049956,0.6856030791397161,0.996297741304507
9,10,15,-0.1008776059366018,0.11693161785770231,-0.862705979647867,0.4277305318894164,0.9787437974965071
9,10,16,-0.04986490613199788,0.14525102317898106,-0.34330158260028293,0.7453353936208353,0.996297741304507
9,10,17,0.0881393545940212,0.0806642302130644,1.0926696301460948,0.33593415756490713,0.977783785791819
9,10,18,-0.09708713052451806,0.14414065554796524,-0.673558269558009,0.5375082105375102,0.9909681566538422
9,10,19,-0.006837989252059202,0.07826017391929561,-0.08737508376895992,0.9345727063490263,0.9971125104614714
9,10,20,0.1539157211420377,0.07856331269774405,1.9591297242293888,0.10740751350653428,0.9243322617815436
9,11,1,0.24867047897041458,0.14352973222718227,1.7325363540362528,0.14372083870680188,0.9327221140485742
9,11,2,0.01796085704399806,0.1306861748747609,0.13743501989458995,0.8973273474538097,0.9970118974932134
9,11,3,0.14920093131648093,0.14207146368011447,1.0501822635639826,0.3417193341225708,0.977783785791819
9,11,4,0.11114339496817405,0.07081344492321777,1.5695239101432794,0.17731988687278089,0.9327221140485742
9,11,5,0.14472416700720012,0.20524541018263745,0.7051274222293805,0.5122139848301968,0.9870199575036301
9,11,6,0.06216667418466287,0.23170504078746007,0.2683009138390702,0.7991851950353034,0.996297741304507
9,11,7,-0.10522223172410276,0.18361725361592243,-0.5730519853195611,0.5914170852466176,0.9954207234136121
9,11,8,0.18467325188748135,0.18845227849539642,0.9799470367826445,0.37211645887969197,0.9787437974965071
9,11,9,-0.05815428829780611,0.09197402284315022,-0.6322903630772835,0.5549778341908909,0.9921578326135176
9,11,10,-0.044408415737968235,0.13697315868477986,-0.324212540355022,0.7589008245693,0.996297741304507
9,11,12,-0.014027856099803053,0.21562369192710884,-0.06505711860494479,0.9506495325093404,0.9977648266713631
9,11,13,-0.24331949968796454,0.16773878984855015,-1.450585758405703,0.2427857105533469,0.9655527996888731
9,11,14,0.012788256524358462,0.11880508229876134,0.1076406520395479,0.9184666266904706,0.9971125104614714
9,11,15,-0.22139549289543822,0.16768845066484184,-1.3202787193533092,0.25722228510548745,0.9659348365379999
9,11,16,0.09230936188477504,0.14939228991646913,0.6178991026630007,0.5636959966956001,0.9921578326135176
9,11,17,-0.0452228217110181,0.19523304002038225,-0.23163508444095948,0.8281886509829244,0.996297741304507
9,11,18,-0.11415955829005206,0.18147694459969385,-0.6290581899603769,0.563448286329556,0.9921578326135176
9,11,19,0.0783251251090023,0.2724327687770262,0.28750258443697113,0.7880074135913843,0.996297741304507
9,11,20,0.038919114893853454,0.25706697634752884,0.15139678945415108,0.8855815679283668,0.9970118974932134
9,12,1,-0.041836137375582574,0.14627651850712364,-0.2860071992570643,0.7844905654619662,0.996297741304507
9,12,2,-0.1000645241177681,0.15169519724145153,-0.6596420053947845,0.5386507166554612,0.9909681566538422
9,12,3,0.020975434384815198,0.06958606180160012,0.30143154881099243,0.7752190912103233,0.996297741304507
9,12,4,0.096837085751479,0.0719738917729833,1.3454474027272634,0.2270975388812812,0.9519808579689669
9,12,5,0.07837572500161274,0.1011492876717019,0.7748519718222863,0.4678544673628362,0.9831823609235607
9,12,6,-0.09080018625119532,0.07946399024163023,-1.142658277969076,0.2967178947508568,0.9723653007063686
9,12,7,0.08358403468253026,0.03282796661466645,2.5461228123292154,0.051508454629764215,0.8613675014085445
9,12,8,-0.1063341126423281,0.17611026837366692,-0.6037928033594663,0.568091600242325,0.9921578326135176
9,12,9,0.020738624644935862,0.12884297705343467,0.16096045837387032,0.8784259685990754,0.9970118974932134
9,12,10,0.007507684348417172,0.16485200725532345,0.045541965022868655,0.9654382663249609,0.9981155951445632
9,12,11,0.0731712264394067,0.10438632860856835,0.7009656093288409,0.5145953460930083,0.9870199575036301
9,12,13,0.008669451395212422,0.06923675543849853,0.12521458205516414,0.9063945563869783,0.9970118974932134
9,12,14,0.08039987738860258,0.094880142610877,0.8473836060459103,0.42928104263091005,0.9787437974965071
9,12,15,0.01671585739921279,0.08376270048638285,0.19956206404461246,0.8484145270061769,0.9970118974932134
9,12,16,0.14241249394154504,0.09162723436903782,1.554259439572412,0.18083815477527676,0.9327221140485742
9,12,17,0.09262243848260059,0.104473442829964,0.8865644318093535,0.41591313417603437,0.9787437974965071
9,12,18,0.0032505017508283355,0.03349715191376988,0.09703815294801507,0.9273638067633513,0.9971125104614714
9,12,19,0.05886771516432015,0.16793417560517496,0.3505404123480603,0.7402180884262783,0.996297741304507
9,12,20,0.15708400367438882,0.055272062340150925,2.842014519104298,0.03616084922006296,0.8473514992757766
9,13,1,0.03328199690274094,0.24954597651389412,0.13337020042378647,0.9003413047846871,0.9970118974932134
9,13,2,0.24519646334847445,0.21585273789274265,1.1359432627126405,0.3385164944852538,0.977783785791819
9,13,3,-0.22025089210919466,0.0955457790409587,-2.3051870455990735,0.10449044717908527,0.9180663567179747
9,13,4,0.050078670900074805,0.21767683048037464,0.23005972105221253,0.8293317204028972,0.996297741304507
9,13,5,0.1249133205895402,0.14259129553415842,0.8760234635692794,0.43047347253903906,0.9787437974965071
9,13,6,-0.04982253499353044,0.08676403841529946,-0.5742302444992093,0.5965597940246343,0.996297741304507
9,13,7,0.042613900243095,0.1582192471429218,0.26933449003414794,0.8051345555364594,0.996297741304507
9,13,8,0.03000909702769336,0.04992699553786644,0.6010595411120285,0.5901805293383617,0.9954207234136121
9,13,9,-0.10995718465445004,0.14884495408272563,-0.7387363940641136,0.5010672461704273,0.9870199575036301
9,13,10,-0.2247502167371782,0.22654268649420564,-0.9920877173933162,0.394286881762208,0.9787437974965071
9,13,11,-0.10831729683889028,0.10909563350610732,-0.9928655561804283,0.3939628237245426,0.9787437974965071
9,13,12,-0.210620925592481,0.09806152351225578,-2.147844720809479,0.09821885824804685,0.9122920172343513
9,13,14,-0.17123704808013762,0.08914204612624646,-1.9209459006101794,0.15049774630479085,0.9327221140485742
9,13,15,-0.08022865232022722,0.1477510397331213,-0.5429989018324275,0.6159723297169978,0.996297741304507
9,13,16,-0.19566318155818116,0.23117537034254862,-0.8463842028993271,0.45950934873789,0.9831823609235607
9,13,17,-0.059606851384971286,0.1957580464336599,-0.30449247155144066,0.775937019020753,0.996297741304507
9,13,18,-0.07672126331034697,0.1793605283521063,-0.42774886991471245,0.697681368359465,0.996297741304507
9,13,19,0.07206783439040367,0.19565659301252558,0.36833838962647003,0.7479541278449212,0.996297741304507
9,13,20,0.1468486181751028,0.1639236974118221,0.8958351995031092,0.436352943898096,0.9809403935722025
9,14,1,-0.2524325644051474,0.11048324526565288,-2.2848040333708317,0.062387138505804254,0.8885715236277543
9,14,2,-0.08806981576025422,0.09974462799241898,-0.8829529723251356,0.41768545596107715,0.9787437974965071
9,14,3,0.18247746749706112,0.109256724807743,1.6701714957728515,0.1557525097755054,0.9327221140485742
9,14,4,-0.08686602367231473,0.10731705964182083,-0.8094335044346865,0.44916598357391196,0.981074365092707
9,14,5,-0.28714837115200814,0.16611909931785476,-1.728569275474132,0.13462083834363464,0.9327221140485742
9,14,6,0.07052933747339221,0.13622734039343928,0.5177326171763915,0.6267285108071687,0.996297741304507
9,14,7,-0.1760111650877223,0.13506250033261744,-1.3031830793370307,0.2624642071517809,0.9659348365379999
9,14,8,-0.11361746164800941,0.161165936583054,-0.7049719317627251,0.5123028185594884,0.9870199575036301
9,14,9,-0.029795885803112713,0.0417779747881324,-0.7131960310068319,0.5076188859086688,0.9870199575036301
9,14,10,0.21951050304782962,0.11796026627783082,1.8608851096432546,0.12183211738029892,0.9272249539364997
9,14,11,-0.1948544657944593,0.1732702144952184,-1.1245698884888953,0.3118409215074367,0.9724973851553588
9,14,12,0.08029884424949293,0.15569818085243856,0.5157339912987143,0.6244859788946113,0.996297741304507
9,14,13,-0.122774628981233,0.12394714312466762,-0.9905402083915251,0.394932341685212,0.9787437974965071
9,14,15,-0.07510579917986833,0.18331174698194008,-0.4097162370443071,0.6962403208893865,0.996297741304507
9,14,16,0.01253469317349734,0.17331513556990025,0.07232313053449167,0.9451486810845524,0.9976607232147003
9,14,17,-0.06377093616213815,0.14969470917268915,-0.42600661382190486,0.6920262973723492,0.996297741304507
9,14,18,-0.1556266144674317,0.0939189949119775,-1.6570302377238024,0.1728540143061205,0.9327221140485742
9,14,19,0.011928060975902734,0.18509992106065914,0.06444119969089206,0.9511159720810136,0.9977648266713631
9,14,20,0.23074805865883807,0.1568035010655118,1.4715746592989718,0.20110864193025363,0.9327221140485742
9,15,1,0.1400520781280177,0.14471819555917975,0.9677572166091465,0.3705397937741836,0.9787437974965071
9,15,2,0.06553468886448431,0.09807234739815143,0.6682280031267136,0.5335916137655887,0.9909681566538422
9,15,3,0.025403090580190503,0.24507927719742426,0.10365254406892722,0.921474262963213,0.9971125104614714
9,15,4,-0.21363173921390782,0.10508143624338569,-2.033011223001073,0.08829479963772237,0.9038873468295585
9,15,5,0.006616925132284037,0.19232793627058153,0.034404388985594066,0.9736706852914838,0.9998192749453514
9,15,6,-0.21980153520149884,0.15858850184886214,-1.3859865793397046,0.21506439602168104,0.9425722664941841
9,15,7,0.002083713871499423,0.1063837392976744,0.019586770358290904,0.985130602766233,0.9999842973802364
9,15,8,0.17850014937586428,0.15259070585678863,1.169796996300828,0.2864432646884491,0.9710602551597926
9,15,9,0.05167631745773003,0.08748422941563706,0.5906929489156891,0.5762839601254831,0.9921578326135176
9,15,10,0.15929693752992938,0.060859591592584535,2.6174499920029293,0.047242910831189276,0.8473514992757766
9,15,11,0.1150932542135392,0.04571724301644323,2.517502076177818,0.05333704526271892,0.8736240172341893
9,15,12,-0.0046821919991477355,0.15201576517053897,-0.030800700137016808,0.9764274735024371,0.9998192749453514
9,15,13,-0.20622961622437258,0.16559292019576052,-1.2454011679927306,0.2809560150092299,0.9710602551597926
9,15,14,-0.012318735861183937,0.10361907274952027,-0.11888483012044793,0.9092470583113053,0.9970118974932134
9,15,16,0.019622056012140968,0.06277542082134645,0.31257545955241156,0.7672194929173652,0.996297741304507
9,15,17,-0.189989456767142,0.1262942249782925,-1.5043400187007212,0.19282577237586687,0.9327221140485742
9,15,18,0.17251023653092865,0.13288015983006526,1.2982392311255972,0.2639993304662973,0.9659348365379999
9,15,19,-0.10636902499521651,0.0576394827629196,-1.8454194918938445,0.12427847815301701,0.9278138295002595
9,15,20,0.07679191085561232,0.13440137276135858,0.5713625484420589,0.5924774730241306,0.996297741304507
9,16,1,-0.13535894333407436,0.08354355181150114,-1.6202201175006754,0.16611072159159987,0.9327221140485742
9,16,2,-0.08263619186310106,0.10320844082737476,-0.8006728054395931,0.46817905496255985,0.9831889521181141
9,16,3,0.10583165600449196,0.09515896819593277,1.112156405326631,0.3166645698188531,0.9738435620968914
9,16,4,0.1739374721615794,0.08969551947183103,1.9391991170112508,0.11018384070812998,0.9266880947092055
9,16,5,0.10251480904545557,0.1154425101845088,0.888016111922036,0.4152023783870291,0.9787437974965071
9,16,6,-0.09517460820233427,0.08235260099712458,-1.1556964449064782,0.30002645578346515,0.9723653007063686
9,16,7,-0.20855056842026212,0.10334578786907334,-2.017988083679352,0.0996256465488288,0.9122920172343513
9,16,8,0.13475060960750165,0.09129292158136502,1.4760247264726745,0.19996390820385077,0.9327221140485742
9,16,9,-0.0434656558446634,0.10475070241920904,-0.414943812694451,0.6953867913628554,0.996297741304507
9,16,10,0.004716606910732498,0.10196442101458728,0.04625737942464726,0.9648958001560531,0.9981155951445632
9,16,11,-0.09618326165519868,0.06824476664870589,-1.4093866295843387,0.21777666398693443,0.9435775405072737
9,16,12,-0.07267025785901471,0.07216791559061603,-1.0069607423642568,0.3601698343079582,0.9787437974965071
9,16,13,-0.019158302490195664,0.11306613444052158,-0.16944333141683943,0.8762292568981911,0.9970118974932134
9,16,14,0.016337074234189713,0.07842186537672319,0.20832294865088077,0.8431970712819968,0.9970118974932134
9,16,15,0.0027544781401862067,0.06273659376813057,0.04390544616308995,0.9666792432491387,0.9985051581432447
9,16,17,0.011375879436143044,0.13551622817955788,0.08394477612663594,0.9371336747250836,0.9971125104614714
9,16,18,-0.06798261219095732,0.07781838229794953,-0.8736060835830946,0.4316438618805932,0.9787437974965071
9,16,19,0.07716218142138309,0.04958882004585073,1.5560398764979986,0.19468199121173402,0.9327221140485742
9,16,20,0.12836377699570722,0.035433739825545686,3.6226426457966396,0.015177335677242047,0.79117608979195
9,17,1,0.03157098681712581,0.09497701415165706,0.3324066048905432,0.7530653836043965,0.996297741304507
9,17,2,0.13616923792959956,0.10227608036984406,1.3313888979306001,0.2538704210663812,0.9659348365379999
9,17,3,0.3258995525749277,0.11171100924993915,2.9173449847082806,0.0433583836259813,0.8473514992757766
9,17,4,-0.23457437109152826,0.2040207722351913,-1.1497572944188525,0.3022499641458571,0.9723653007063686
9,17,5,0.07873954143696077,0.07022271995982989,1.1212829904748998,0.313111895411712,0.9738435620968914
9,17,6,0.03206729440664415,0.15914495742408483,0.20149739536509892,0.8482507231567882,0.9970118974932134
9,17,7,-0.0662740733122224,0.22068625293069316,-0.30030902438103185,0.7789022128579924,0.996297741304507
9,17,8,0.11003643701598509,0.17953123652570477,0.6129097038755007,0.5667388739127699,0.9921578326135176
9,17,9,-0.05062552823939194,0.16558269812127366,-0.30574165545972554,0.7721212854289863,0.996297741304507
9,17,10,0.14882647521454853,0.13399954605966335,1.1106490998646579,0.32898173324472857,0.977783785791819
9,17,11,-0.017447344762093208,0.11124895921381804,-0.15683153249463633,0.8829752109653248,0.9970118974932134
9,17,12,-0.21254413544431466,0.11147214675186412,-1.9067017334431449,0.11487127184211281,0.9266880947092055
9,17,13,-0.19901273571001346,0.21551199531429008,-0.9234415718663895,0.4080393557735942,0.9787437974965071
9,17,14,-0.01498550806791454,0.16666472889188771,-0.08991409380652726,0.9318461798506505,0.9971125104614714
9,17,15,0.014595532624335168,0.1157873159328747,0.12605467625374933,0.9046005857812566,0.9970118974932134
9,17,16,0.0032181489220779657,0.0954955995462054,0.033699447276491205,0.9747313925839516,0.9998192749453514
9,17,18,0.13765460051654313,0.1254322986939239,1.0974414241689558,0.35263952256012043,0.9787437974965071
9,17,19,-0.10215942628683015,0.09524098187035714,-1.0726414646251528,0.3438351239015067,0.977783785791819
9,17,20,0.1486989738356784,0.14615081444541922,1.017435136430207,0.36648072497953166,0.9787437974965071
9,18,1,-0.07135107965450226,0.03290533823339254,-2.1683739928838164,0.11863727814392855,0.9269509037495914
9,18,2,0.1159899236768938,0.064122182720984,1.8088891979830746,0.1681772706501753,0.9327221140485742
9,18,3,0.06253481131851873,0.07556992010501895,0.8275092951108994,0.45445972526384304,0.9823636982311391
9,18,4,0.05852643802382906,0.06828437127939939,0.8570985853190203,0.43970553932651973,0.9809403935722025
9,18,5,0.09513018663168647,0.22789237819873345,0.4174347004633511,0.6977927167967223,0.996297741304507
9,18,6,-0.04915036204172455,0.15144293393990574,-0.3245470802943069,0.7617874328087043,0.996297741304507
9,18,7,-0.036502222997905884,0.16311785827646627,-0.2237782140065558,0.8338945764508108,0.996297741304507
9,18,8,0.19670512939905083,0.13748537764685825,1.4307349098816335,0.24788396144670544,0.9659348365379999
9,18,9,-0.03429501549125059,0.149576991320903,-0.22928001952816834,0.8298976540891533,0.996297741304507
9,18,10,-0.04573757145353124,0.07988371416414412,-0.5725518890994183,0.5975929883962572,0.996297741304507
9,18,11,0.06583330449542242,0.05115570849804301,1.2869200022252452,0.26754686549324286,0.9659348365379999
9,18,12,-0.020477467956157253,0.11559826011636795,-0.1771433924296637,0.8680039110452292,0.9970118974932134
9,18,13,-0.12427499429606863,0.14993617230631398,-0.8288526536568548,0.4679744676193134,0.9831823609235607
9,18,14,-0.1616488933415549,0.1926535766979361,-0.8390651038582436,0.4486511589548653,0.9809403935722025
9,18,15,0.0555068422929594,0.0925265061791772,0.5999020668182448,0.5809003738128299,0.9927843962825581
9,18,16,0.04895390748387585,0.07580728893796185,0.6457678169086395,0.5536083575304169,0.9921578326135176
9,18,17,0.11826613813612352,0.08178544508820836,1.446053610237414,0.2439395886368367,0.9659348365379999
9,18,19,-0.27030865625738265,0.24056000257532534,-1.1236641726074916,0.3429586330342115,0.977783785791819
9,18,20,-0.271005496471021,0.17748907134332317,-1.5268855395906542,0.20149822961514274,0.9327221140485742
9,19,1,-0.23345449125149173,0.11165783734363105,-2.090802551825684,0.09080727047074814,0.9113969002834877
9,19,2,-0.04858019412808563,0.13708643079618502,-0.3543763875504095,0.740949613266654,0.996297741304507
9,19,3,0.19529725836373324,0.12223027627654849,1.597781370634158,0.1853328986265411,0.9327221140485742
9,19,4,-0.11993220806784195,0.15042512527536844,-0.7972884040980295,0.4614500928961468,0.9831823609235607
9,19,5,0.07332120606908987,0.20493863119700478,0.35777152233562737,0.7351214018697054,0.996297741304507
9,19,6,0.06793679809031897,0.08648079781238552,0.7855708990673036,0.46769356200764645,0.9831823609235607
9,19,7,-0.19268839594191,0.1695664321977901,-1.1363593220857122,0.3192678320622036,0.9738435620968914
9,19,8,0.22897773519612888,0.2514933605668078,0.9104722871377424,0.4043284288550276,0.9787437974965071
9,19,9,-0.047129669683194514,0.08734901915400976,-0.5395557974103646,0.6126545418696595,0.996297741304507
9,19,10,0.06373510301555764,0.1299998405786621,0.4902706244205096,0.6496186520895229,0.996297741304507
9,19,11,0.10399912105983289,0.21144410442945158,0.49185159992976013,0.6485943464353651,0.996297741304507
9,19,12,-0.10451462508013548,0.09611814161687796,-1.087355865614195,0.32649514102474525,0.9769145951921512
9,19,13,-0.09302015426974178,0.14011176404850562,-0.6638996725276759,0.554218951537489,0.9921578326135176
9,19,14,0.08038686704553569,0.08993632343650734,0.8938198046464826,0.41237031806678465,0.9787437974965071
9,19,15,0.07251512418795977,0.12049037719184154,0.601833323767435,0.5735311388438148,0.9921578326135176
9,19,16,-0.10968843297042366,0.10957158808425138,-1.0010663794074186,0.3734433869778316,0.9787437974965071
9,19,17,0.036600194390721826,0.16523294334982913,0.221506641765806,0.835546597233739,0.9967052234147373
9,19,18,0.022436842715414126,0.057939246945928405,0.3872477447966485,0.7244112179091342,0.996297741304507
9,19,20,-0.06186570112310873,0.12411461386765282,-0.49845621877033386,0.6443254183401197,0.996297741304507
9,20,1,0.1277280574909785,0.07774073868461823,1.6430003065382213,0.16130463041845355,0.9327221140485742
9,20,2,0.13599980491040198,0.11369445607294235,1.1961867764418797,0.297680070238025,0.9723653007063686
9,20,3,-0.20326826422260139,0.10319538262850249,-1.9697418532027333,0.10595899336557618,0.9198620674939993
9,20,4,0.06470924185942677,0.12414074590037062,0.5212570730873328,0.6244430968181576,0.996297741304507
9,20,5,0.022949058559521222,0.06145741909933225,0.3734139652375535,0.727788103297252,0.996297741304507
9,20,6,-0.01143398359933067,0.11643146668248278,-0.09820355205533729,0.9255860227500923,0.9971125104614714
9,20,7,0.20519099651386088,0.06135701984052867,3.3442138657291847,0.020457912726689904,0.8394596075808679
9,20,8,0.2355982472373384,0.08257823266178105,2.8530308731531524,0.035696688799556134,0.8473514992757766
9,20,9,-0.14845721701680506,0.10138547123256142,-1.4642849237718152,0.20299746389890036,0.9327221140485742
9,20,10,-0.1872419000483456,0.18530599476392579,-1.0104470731552728,0.35865139375208843,0.9787437974965071
9,20,11,-0.18526400970513632,0.20070765753439745,-0.9230540178690618,0.39833500871326677,0.9787437974965071
9,20,12,-0.14758791297594834,0.11251363748341568,-1.31173354871218,0.24660700544915473,0.9659348365379999
9,20,13,0.04829537752100017,0.12875163535700374,0.37510496380656594,0.7325317563561904,0.996297741304507
9,20,14,-0.16688174165705302,0.1742215989002359,-0.9578705666204811,0.3821190659867639,0.9787437974965071
9,20,15,-0.05829769662347858,0.12631427052274805,-0.46152898149792315,0.6638023861132217,0.996297741304507
9,20,16,0.014889076404202855,0.20644045483202716,0.07212286185014179,0.9453002528801292,0.9976607232147003
9,20,17,0.1857397640162208,0.2007955353888805,0.9250193917687152,0.40730994180853,0.9787437974965071
9,20,18,-0.029192503237909593,0.05815713243960108,-0.5019591237192691,0.6420679895838626,0.996297741304507
9,20,19,-0.09540375004029146,0.1586498754163241,-0.6013477778620029,0.5800266188120449,0.9926103925229551
10,1,2,-0.14279483014430755,0.07861106179453156,-1.8164724770633276,0.12899339043957067,0.9327221140485742
10,1,3,-0.08531445933565399,0.09914293828898353,-0.8605197788885116,0.4288262248244292,0.9787437974965071
10,1,4,0.045089220828912084,0.10127804860935083,0.4452023063989393,0.6717854650976136,0.996297741304507
10,1,5,-0.10577746144899541,0.0650547968104217,-1.6259748186689287,0.15507997163221882,0.9327221140485742
10,1,6,-0.05811007401957759,0.10734628460070195,-0.5413328857648816,0.6077763243319275,0.996297741304507
10,1,7,-0.0022238059183130867,0.07461666100907224,-0.02980307465128871,0.9773771256600354,0.9998328560154682
10,1,8,0.06958034937682298,0.09945506149595616,0.6996159705652838,0.5103667515709234,0.9870199575036301
10,1,9,-0.06369759884385413,0.05309549097244641,-1.199680004385117,0.27548255385691145,0.9688419293440662
10,1,10,-0.028078969237535403,0.09467683105045066,-0.29657698642528835,0.7787138954572318,0.996297741304507
10,1,11,-0.041268217122055965,0.1788563767851492,-0.23073383160052816,0.8266654640152193,0.996297741304507
10,1,12,-0.009136020022798924,0.12969560284619486,-0.0704420182507099,0.946131029648963,0.9976607232147003
10,1,13,0.02938809537973092,0.09298661132401884,0.316046524988526,0.7677717130137642,0.996297741304507
10,1,14,-0.010172152121459284,0.06143228585877642,-0.165583161672967,0.8739233757773723,0.9970118974932134
10,1,15,-0.00959299413764659,0.11652937017403782,-0.08232254343464683,0.9370678411470966,0.9971125104614714
10,1,16,-0.0504955798671066,0.1122504074513333,-0.4498476309633829,0.6716518349370091,0.996297741304507
10,1,17,0.09187708034613659,0.10538166058131046,0.8718507550407611,0.42317067257378127,0.9787437974965071
10,1,18,-0.07898195397239534,0.09671782724548657,-0.8166225009491669,0.4599865188158688,0.9831823609235607
10,1,19,0.05798331050029497,0.03428083370733325,1.691420663617056,0.15154367362207655,0.9327221140485742
10,1,20,0.010200877169004563,0.12183445105962627,0.08372736184388835,0.9365220412345474,0.9971125104614714
10,2,1,0.012902518181533564,0.10647578524794996,0.12117795751744226,0.9082693116398094,0.9970118974932134
10,2,3,-0.12604637049573209,0.05301270017585023,-2.377663655600294,0.0761826569121237,0.8921703470566514
10,2,4,0.08944179629787712,0.09593543304693587,0.9323124257247675,0.3939700005160644,0.9787437974965071
10,2,5,-0.017995648673960734,0.10823836935714076,-0.1662594215034454,0.8744668582846631,0.9970118974932134
10,2,6,0.18454432548989738,0.062251859786423926,2.9644789106714993,0.03135626773329725,0.8473514992757766
10,2,7,0.14077186910323705,0.11739752794650389,1.1991042023149359,0.296663022742059,0.9723653007063686
10,2,8,-0.0380125406308851,0.14549529531926714,-0.26126302260984546,0.804309836175432,0.996297741304507
10,2,9,-0.01230442474663314,0.08957069783936869,-0.13737109393254776,0.8960978752730001,0.9970118974932134
10,2,10,-0.004824161536735213,0.040769380588501825,-0.11832805568739599,0.9115118812218365,0.9970118974932134
10,2,11,-0.05926718108716656,0.12629027376607738,-0.46929331388160256,0.6632976835116233,0.996297741304507
10,2,12,-0.015513751391287666,0.09766535319851705,-0.15884600713617633,0.8800069097928247,0.9970118974932134
10,2,13,0.13573365867004517,0.23333984795928395,0.5816994390651526,0.6015955601758924,0.996297741304507
10,2,14,-0.15352136646250378,0.13582595195010355,-1.1302800698777393,0.3096435897820953,0.9723653007063686
10,2,15,-0.015586671442723427,0.14365866365466917,-0.10849795651783743,0.9178202894049232,0.9971125104614714
10,2,16,0.005597863493515965,0.13113463470191256,0.04268791007195015,0.9679962160679195,0.9986115436563308
10,2,17,0.06906833554006415,0.24054783340832117,0.28712931877684406,0.7882734250681772,0.996297741304507
10,2,18,-0.027797356767267137,0.08549025288684726,-0.3251523516222821,0.7664221052556316,0.996297741304507
10,2,19,-0.013036013156754903,0.08817674019928749,-0.14783959043104203,0.8896223121187985,0.9970118974932134
10,2,20,0.05825176878598821,0.10255619753970258,0.5679985235691797,0.6004018128607329,0.996297741304507
10,3,1,0.1885272816904308,0.15898064187693736,1.1858505505039967,0.3013097802191253,0.9723653007063686
10,3,2,-0.12287635237243352,0.17143619533412005,-0.7167468464418338,0.5131530145678153,0.9870199575036301
10,3,4,0.004400887798702777,0.11898878902148832,0.03698573483146408,0.9719276151330697,0.9998192749453514
10,3,5,-0.022159878545489054,0.09349534055183198,-0.23701585998253075,0.8220492334747028,0.996297741304507
10,3,6,0.22145383639762165,0.14384714268993543,1.5395080656793374,0.184302936246829,0.9327221140485742
10,3,7,0.1441838741733414,0.13915088709706608,1.036169277682925,0.3476123276813339,0.9778316154669235
10,3,8,-0.0866215026956553,0.16722986545124402,-0.5179786664385727,0.6265688069205878,0.996297741304507
10,3,9,-0.278143651322316,0.16145837977489685,-1.7226956675050098,0.1455554035961546,0.9327221140485742
10,3,10,-0.30821438669613477,0.18671630759220106,-1.6507095211396405,0.1597096244718651,0.9327221140485742
10,3,11,0.1661629344192624,0.1226212662694062,1.3550906745069609,0.23339206940961982,0.9551865621300482
10,3,12,-0.03920555976001669,0.12766851220745196,-0.30708871813281136,0.771154093018703,0.996297741304507
10,3,13,-0.08919910027707201,0.1023024080057489,-0.8719159403480271,0.44742108726109653,0.9809403935722025
10,3,14,0.0681046370519464,0.09549767761417818,0.7131549033724565,0.5076422355025065,0.9870199575036301
10,3,15,-0.0793388946416289,0.09347778909989993,-0.848745947082579,0.43476418851569837,0.9796661543801732
10,3,16,-0.11855402823936027,0.12502584802720854,-0.9482361456377557,0.38655219020978215,0.9787437974965071
10,3,17,0.11158936719543779,0.13221976231886914,0.8439688987299657,0.44620425098785654,0.9809403935722025
10,3,18,-0.16786053723178115,0.07924976244786198,-2.1181203835165765,0.10155682925566013,0.9122920172343513
10,3,19,0.2887706113298828,0.10941318815448936,2.6392669494239107,0.05762453754775839,0.8826836026958972
10,3,20,-0.1584117327949699,0.11443798092606569,-1.3842583686960521,0.22487710818350848,0.9497866821310842
10,4,1,0.007220266813890759,0.08509571776112115,0.08484876799646353,0.935141964211653,0.9971125104614714
10,4,2,-0.013004663587579015,0.11231190972830388,-0.11579060153925867,0.9123251993754394,0.9970118974932134
10,4,3,0.07551871939525741,0.0796931012662839,0.9476192818996217,0.38683743884123845,0.9787437974965071
10,4,5,-0.07985718329918225,0.14060373699141213,-0.5679591809390659,0.590667289650432,0.9954207234136121
10,4,6,0.13928306845460356,0.10066751107091915,1.383595034500223,0.21575789760739672,0.9425722664941841
10,4,7,-0.06901638652457658,0.06760017115362248,-1.0209498784657627,0.3541091237981261,0.9787437974965071
10,4,8,-0.022649886672008457,0.15337549596212183,-0.14767604518426125,0.8874360831701534,0.9970118974932134
10,4,9,-0.05459860542512822,0.07070693060216805,-0.7721818067814967,0.46931992870107303,0.9834109341406547
10,4,10,-0.11220274659464835,0.07104366520927305,-1.5793490702169404,0.17509088054581784,0.9327221140485742
10,4,11,0.1100954337437319,0.07930371487945923,1.3882758696700082,0.22372740701148106,0.9488439136647634
10,4,12,-0.012533814252541116,0.08200865536481956,-0.1528352610664202,0.8835384588278188,0.9970118974932134
10,4,13,-0.03599572514891938,0.06720430074098752,-0.535616392872163,0.620618077153014,0.996297741304507
10,4,14,0.04809289797269729,0.07798653457502644,0.6166820751063524,0.5601001852205937,0.9921578326135176
10,4,15,-0.06170711942387757,0.10054459636716173,-0.6137288492155868,0.5619250973171812,0.9921578326135176
10,4,16,0.035928129932684356,0.06872036782840966,0.5228163216744091,0.6234335326760254,0.996297741304507
10,4,17,0.04628077694260435,0.1247375040968189,0.3710253566265929,0.7258199032470802,0.996297741304507
10,4,18,0.031034369929559852,0.12151376261088578,0.2553979834258234,0.8110106979116879,0.996297741304507
10,4,19,0.11632305771873679,0.13804175456167783,0.8426657433271055,0.4378551494221795,0.9809403935722025
10,4,20,0.10199044802109075,0.11994750386094705,0.8502923757252683,0.43398070039257924,0.9792913666815921
10,5,1,0.14223372920357732,0.13653885097976168,1.041708848301485,0.3376902091941734,0.977783785791819
10,5,2,-0.051585573064670244,0.20972889596556452,-0.24596311741847027,0.8154886258113706,0.996297741304507
10,5,3,0.11347800107603227,0.14343583510856683,0.7911412164843564,0.46471781590750255,0.9831823609235607
10,5,4,-0.034847985405448895,0.13793631691065789,-0.25263821874965303,0.8089801946266942,0.996297741304507
10,5,6,0.13764365074919926,0.08683178348082608,1.5851759025312213,0.17378198174681328,0.9327221140485742
10,5,7,0.04211275139847071,0.04632400075046789,0.9090914151480378,0.40499054633878406,0.9787437974965071
10,5,8,0.24095933994677302,0.10192064298249838,2.3641858302030716,0.05596321152184895,0.8785014521379624
10,5,9,0.1252009674724923,0.08814329420010016,1.4204253268189015,0.20530069358618788,0.9327221140485742
10,5,10,0.056429359863979796,0.14141121875767373,0.399044434800323,0.7063333239671254,0.996297741304507
10,5,11,0.05746690435732776,0.0719185451561904,0.7990554346131991,0.46051392082243775,0.9831823609235607
10,5,12,-0.019208056515839726,0.06262800030626513,-0.30670077954910374,0.7694361056771495,0.996297741304507
10,5,13,-0.0020020587105119276,0.11125017955560794,-0.017996004307509552,0.9865039073352476,0.9999842973802364
10,5,14,0.042503226556217646,0.09057879293039035,0.4692403727262303,0.6554640445561882,0.996297741304507
10,5,15,-0.028152099236401884,0.0783641928403345,-0.35924697512551407,0.7317147441077122,0.996297741304507
10,5,16,0.035240730512523126,0.06371332679102046,0.5531139604051678,0.6040044980641156,0.996297741304507
10,5,17,-0.05546299800216475,0.14315834612970166,-0.38742413209724963,0.7143851771148622,0.996297741304507
10,5,18,-0.005302257269447845,0.07154143610486405,-0.07411449305549002,0.944477649217227,0.9976607232147003
10,5,19,-0.08463564119449582,0.036604286186252236,-2.3121784361955657,0.06872031923551457,0.8921703470566514
10,5,20,-0.30297891578801817,0.12153784092565316,-2.492877226368229,0.05496711160564849,0.8737966532283991
10,6,1,-0.05653916557287107,0.1087812962647362,-0.5197507982875518,0.6218473977106075,0.996297741304507
10,6,2,-0.03416417842137768,0.09816864917957221,-0.34801516274850447,0.7420015371358724,0.996297741304507
10,6,3,0.01903152942474332,0.07255670302225062,0.26229870751768736,0.8035549949181657,0.996297741304507
10,6,4,-0.214359196108325,0.0838163456874864,-2.557486780741037,0.04305415707794933,0.8473514992757766
10,6,5,0.012166107421149203,0.06360303786030994,0.19128186058782437,0.8546135183305978,0.9970118974932134
10,6,7,-0.028100513077289745,0.07950223129150055,-0.35345565301058995,0.7381615087815729,0.996297741304507
10,6,8,0.12206058635996443,0.11200666465648558,1.0897618167028147,0.31763877825857334,0.9738435620968914
10,6,9,-0.08425384818672535,0.04908563402070545,-1.716466535798818,0.13689104920782297,0.9327221140485742
10,6,10,0.094027235723176,0.11818973981058449,0.7955617456563673,0.4623662332985633,0.9831823609235607
10,6,11,0.04667952643521844,0.052377223170000736,0.8912180449662155,0.41363803794713216,0.9787437974965071
10,6,12,-0.11724292933261304,0.09244977353947263,-1.2681797352514494,0.2517182918991113,0.9659348365379999
10,6,13,-0.05365472782822773,0.05022114797492811,-1.0683692028295608,0.3455419870082976,0.977783785791819
10,6,14,0.10515152525357901,0.07139003856790357,1.4729159328312988,0.19120009604544486,0.9327221140485742
10,6,15,0.08167220207333999,0.06920920677493451,1.180077129589919,0.28263120687687604,0.9710602551597926
10,6,16,0.015712352216094044,0.09929830766711564,0.15823383686063794,0.8804647383938764,0.9970118974932134
10,6,17,-0.12179853443906236,0.044515508659734505,-2.736092164358359,0.040982083218535345,0.8473514992757766
10,6,18,0.027127919160818137,0.06632321996722754,0.40902596667975255,0.7034734308786078,0.996297741304507
10,6,19,-0.0014000356005399442,0.0761214659007537,-0.018392126109958294,0.9860373963912505,0.9999842973802364
10,6,20,0.0027201480165688643,0.11097663566599264,0.024510997294342265,0.9813931586090485,0.9999842973802364
10,7,1,-0.10422951901652064,0.09250159481659942,-1.1267861837630702,0.3109864628498573,0.9723653007063686
10,7,2,0.08436386110856366,0.0602745196559695,1.399660446714298,0.23419461916203796,0.9551865621300482
10,7,3,0.025951291192225567,0.0752477942584758,0.34487776615402344,0.744219870615778,0.996297741304507
10,7,4,0.10560482864325484,0.0686896474769574,1.537419866321829,0.1847986108451678,0.9327221140485742
10,7,5,-0.23787268544158716,0.09723056977784196,-2.446480422593902,0.0581877731417982,0.8844541517553327
10,7,6,0.08600635704757195,0.1230174904366727,0.6991392585036305,0.515642772689744,0.9870199575036301
10,7,8,0.15339466458525425,0.061164383467362055,2.507908293796492,0.053965760912225054,0.8737966532283991
10,7,9,0.035004436539801974,0.0980813419924175,0.35689190042027785,0.7357405657850506,0.996297741304507
10,7,10,0.09488920538909758,0.10709530871336616,0.8860257888809726,0.4161771000909906,0.9787437974965071
10,7,11,0.16508673542375096,0.11182302202712786,1.4763215340596427,0.19988778076888508,0.9327221140485742
10,7,12,-0.1667608479118272,0.09694091979940601,-1.7202317479055809,0.14601842265451567,0.9327221140485742
10,7,13,0.2039813659465397,0.13011153979385143,1.5677423099300785,0.2149380600317547,0.9425722664941841
10,7,14,-0.031774544789991366,0.06537850059968191,-0.4860090778781175,0.6475111020851286,0.996297741304507
10,7,15,-0.03143273759226202,0.13615027713592734,-0.23086796628882278,0.8265668138758483,0.996297741304507
10,7,16,-0.11835119548049593,0.12023532954675728,-0.9843296136472685,0.37015643898524786,0.9787437974965071
10,7,17,-0.11710475378752541,0.13985499904555665,-0.8373297671579272,0.4495196306784987,0.981074365092707
10,7,18,0.11983773779379717,0.12926525141003004,0.9270684618308147,0.40636430748908886,0.9787437974965071
10,7,19,-0.1530873495783817,0.04181598519688894,-3.6609767497743952,0.021561743266114163,0.8394596075808679
10,7,20,-0.0041979387483485455,0.07373232956686375,-0.0569348449038862,0.9568023060764358,0.9981155951445632
10,8,1,0.08681302078189909,0.1037500865091448,0.8367513098257553,0.43478610359715064,0.9796661543801732
10,8,2,-0.09130097287961675,0.0864224431282337,-1.056449801391148,0.33911102210999755,0.977783785791819
10,8,3,0.09462636256472387,0.1477962852382331,0.6402485854874851,0.5501943848257637,0.9921578326135176
10,8,4,-0.020140273849489004,0.10957112073871111,-0.1838100560943674,0.8602170942048922,0.9970118974932134
10,8,5,0.1538476066898153,0.15849331861842697,0.9706882790386457,0.36919128122798134,0.9787437974965071
10,8,6,-0.01280718140953395,0.09646442102348757,-0.13276585577891806,0.8987192573241223,0.9970118974932134
10,8,7,0.19138599714288193,0.2443959972621526,0.7830979201218573,0.46901913337468115,0.9834109341406547
10,8,9,-0.019758640043531738,0.13000961205603284,-0.1519783016879089,0.8841856204089493,0.9970118974932134
10,8,10,-0.053748462081355725,0.06508785800514862,-0.8257832371174098,0.4465250999030493,0.9809403935722025
10,8,11,0.2172411691585037,0.1098509098071006,1.9776000903224555,0.10489947670511113,0.91983243509829
10,8,12,0.1377951501404931,0.08797118848200573,1.5663668130061963,0.16830403260927262,0.9327221140485742
10,8,13,0.07558362518648945,0.14871461222421364,0.5082461236023363,0.6380280723683524,0.996297741304507
10,8,14,-0.12020734898493546,0.1349409023477999,-0.8908147707076935,0.4073280889034242,0.9787437974965071
10,8,15,0.09929696397332324,0.06919687902786935,1.4349919442449992,0.20129448585969636,0.9327221140485742
10,8,16,-0.1890695886402253,0.1091012518318388,-1.7329735952976162,0.14363986803135337,0.9327221140485742
10,8,17,-0.0005628119752339987,0.08625087025624091,-0.006525290394814881,0.9950459544141881,0.9999842973802364
10,8,18,-0.2292170547350719,0.17004366808942464,-1.347989356552697,0.2489415618185291,0.9659348365379999
10,8,19,0.2787177777924823,0.12085326114132099,2.3062495389698636,0.06923039722160489,0.8921703470566514
10,8,20,0.04927577836880327,0.11898707548249224,0.4141271492603378,0.6959470412897709,0.996297741304507
10,9,1,-0.09274831504213643,0.15961596808958703,-0.5810716568751998,0.5823456559432212,0.9927843962825581
10,9,2,-0.07155201214614246,0.09939640925740674,-0.7198651609247215,0.5038424639754975,0.9870199575036301
10,9,3,-0.06526640520827635,0.16379959463283664,-0.39845278832450814,0.7067422449951148,0.996297741304507
10,9,4,-0.16351513610366641,0.10749396282026832,-1.5211564613683957,0.17903914614776498,0.9327221140485742
10,9,5,0.08963090263791074,0.12434692435241855,0.7208131854002434,0.49813454721067335,0.9870199575036301
10,9,6,0.2165485011861381,0.13380646667352292,1.6183709694157067,0.15671000968410737,0.9327221140485742
10,9,7,-0.06466554868066278,0.10791134126183222,-0.5992470107767576,0.5751244584222351,0.9921578326135176
10,9,8,-0.13992640193342643,0.21430670856806208,-0.6529259063690673,0.5380027804553108,0.9909681566538422
10,9,10,0.008112483441050375,0.10261297339329531,0.07905904266001303,0.9400522369852902,0.9976607232147003
10,9,11,-0.03497541573440857,0.16647112582372048,-0.21009899200918855,0.8418834755061819,0.9967052234147373
10,9,12,0.08327160019658345,0.19226609118518825,0.4331060130407717,0.6800741695015458,0.996297741304507
10,9,13,-0.10180861937761237,0.15654517639882,-0.6503465754677155,0.5509328354439147,0.9921578326135176
10,9,14,0.2199202283524952,0.06376030874436,3.449171321155174,0.013646822364216292,0.7461571940147038
10,9,15,-0.15329833008803248,0.11657047942433078,-1.3150699117286184,0.236508407997751,0.9581364076667951
10,9,16,-0.10409051054176896,0.0364516385659653,-2.8555783672260526,0.03559029854832078,0.8473514992757766
10,9,17,-0.10407636786991889,0.07071103353070453,-1.4718547116590288,0.2010364160482816,0.9327221140485742
10,9,18,-0.21898485925147113,0.1260810329497751,-1.7368580675966367,0.15741511872916686,0.9327221140485742
10,9,19,0.2500744362360115,0.12251904589028002,2.0411066248256664,0.0967323006872499,0.9122920172343513
10,9,20,0.353644670112737,0.09369613272532211,3.774378512992643,0.012964481876138965,0.7391148165313298
10,10,1,0.08409400793144008,0.04673177272210083,1.79950391417251,0.13184175965129502,0.9327221140485742
10,10,2,-0.19925031892593525,0.08474042418066366,-2.351301882780161,0.07840377356248648,0.8921703470566514
10,10,3,0.07240825093072449,0.09469067668749796,0.764681946132083,0.47897681342898574,0.9853788426768277
10,10,4,-0.0793014516857073,0.09298780841379721,-0.8528155791344364,0.4327046528765571,0.9787437974965071
10,10,5,0.12223674279836332,0.14723342152597438,0.8302241538003552,0.4442320165847027,0.9809403935722025
10,10,6,0.14605075509581564,0.06737335029521455,2.167782282663501,0.08237334834949644,0.8927460367287492
10,10,7,0.059115750418535146,0.08872102892266594,0.6663104692958118,0.5347187173403465,0.9909681566538422
10,10,8,0.26294438353342214,0.12656891510666,2.077479950821737,0.09235722708114029,0.9122920172343513
10,10,9,-0.20388835960554144,0.13092773001999577,-1.5572587989789908,0.18014149133758153,0.9327221140485742
10,10,11,0.15671085327368955,0.07611768837917747,2.058796800173192,0.09457790063203475,0.9122920172343513
10,10,12,0.02577099849901771,0.08067609045341556,0.31943787005369456,0.762309567474177,0.996297741304507
10,10,13,-0.10786010702227658,0.09815424360657275,-1.0988837879848428,0.3521000910145859,0.9787437974965071
10,10,14,-0.09553728440341848,0.09057477494428787,-1.0547890895796124,0.3398005010812744,0.977783785791819
10,10,15,-0.06029500946607519,0.11676789568052492,-0.5163663275265745,0.6276157536927061,0.996297741304507
10,10,16,0.07335117752137527,0.13663114062730178,0.5368554868536412,0.6143859637973307,0.996297741304507
10,10,17,0.08117028612122887,0.06603726569862434,1.2291587978587462,0.2863745599793214,0.9710602551597926
10,10,18,0.08169384678677567,0.1297610645500116,0.6295713361280281,0.5631443385575512,0.9921578326135176
10,10,19,-0.03301628402376348,0.06396173768534594,-0.5161880401947169,0.6329463741807404,0.996297741304507
10,10,20,0.021580265800186568,0.09940775633395212,0.21708835000231133,0.8367197163813921,0.9967052234147373
10,11,1,0.034244214553310615,0.17293873973824653,0.19801355442362617,0.8508333734260239,0.9970118974932134
10,11,2,-0.005496381397164609,0.11713268950102819,-0.04692440189439548,0.964822833443501,0.9981155951445632
10,11,3,-0.0742515892912975,0.14636299389112317,-0.5073112220294197,0.6335139476239581,0.996297741304507
10,11,4,-0.007413217073467345,0.08265919424498641,-0.08968411972909232,0.9320199371951928,0.9971125104614714
10,11,5,-0.133097538615622,0.19698191101086399,-0.6756840662775665,0.5292241524495322,0.9900419620498572
10,11,6,0.14899457434648639,0.21296073383808695,0.6996340201338085,0.5153588784654265,0.9870199575036301
10,11,7,0.18900127460955857,0.16032984641416154,1.1788277656061281,0.29150336228495494,0.9723653007063686
10,11,8,-0.002538743362686202,0.19673609488728658,-0.012904309014203958,0.990203202214057,0.9999842973802364
10,11,9,-0.1121517266214563,0.07639994300769672,-1.467955631965457,0.2020442388998164,0.9327221140485742
10,11,10,-0.05948259458746116,0.12963982098459173,-0.4588296569313537,0.6656119519743328,0.996297741304507
10,11,12,-0.06717361726928159,0.2040635600895988,-0.329179875326385,0.7553611113196814,0.996297741304507
10,11,13,0.06061198830008027,0.17150188373896327,0.3534187903847292,0.7471512688815745,0.996297741304507
10,11,14,-0.14552717443314936,0.09326892995276896,-1.5602963870742752,0.17943862333431082,0.9327221140485742
10,11,15,0.12046216631914072,0.16932496160648497,0.7114259183969939,0.5161095056108249,0.9870199575036301
10,11,16,0.20710659277788854,0.11569174952936204,1.7901587072424354,0.13343773005962892,0.9327221140485742
10,11,17,-0.024946270419229127,0.16526543262398438,-0.15094669237841463,0.8873241775995477,0.9970118974932134
10,11,18,0.05472170667769247,0.16794335281092976,0.32583431116188444,0.7608829784190906,0.996297741304507
10,11,19,-0.1084114964796054,0.22567845312984597,-0.4803803596471372,0.6560476857776051,0.996297741304507
10,11,20,-0.27285032893621836,0.21402487957819424,-1.274853323000036,0.25838856724900783,0.9659348365379999
10,12,1,0.03204892426208121,0.14668790445070345,0.2184837555753155,0.8342940232389641,0.996297741304507
10,12,2,-0.11315393997026625,0.14251032737179656,-0.7940051928606118,0.4631932678082967,0.9831823609235607
10,12,3,-0.003274076656875527,0.06712287310341293,-0.04877736165706941,0.9629851860886536,0.9981155951445632
10,12,4,-0.009782023567506999,0.0820194892697094,-0.119264624231211,0.9089587308057335,0.9970118974932134
10,12,5,0.002627284742521686,0.1060840248221343,0.024766073373459905,0.9810446848039261,0.9999842973802364
10,12,6,0.11312784176382219,0.07453625477055445,1.5177559177147655,0.17987211593488753,0.9327221140485742
10,12,7,0.04239521814490086,0.04362711877960248,0.9717629614300969,0.3757993673755164,0.9787437974965071
10,12,8,-0.05559345034038523,0.17995613877257424,-0.30892777939814786,0.7678223804877757,0.996297741304507
10,12,9,-0.19960724304994662,0.08536771320739668,-2.338205341903354,0.06652851139132106,0.8921703470566514
10,12,10,-0.05919603514598971,0.15542287387920894,-0.38087080535915596,0.7189447943758998,0.996297741304507
10,12,11,0.020032825338122902,0.10421745969651437,0.19222139357711376,0.8551319136388865,0.9970118974932134
10,12,13,0.005343252818355002,0.05843883586367794,0.09143325220796558,0.9315442345793125,0.9971125104614714
10,12,14,-0.10566998437232242,0.09065635055773509,-1.1656103926647718,0.28800826872727286,0.9710602551597926
10,12,15,0.11363768657063844,0.0700750026525181,1.6216579702824065,0.156003373720581,0.9327221140485742
10,12,16,-0.00033626250604952367,0.10669813874744843,-0.0031515311325373374,0.9976073201506984,0.9999842973802364
10,12,17,0.02184661846033088,0.0976102993921859,0.22381468550086192,0.8317590628473972,0.996297741304507
10,12,18,0.0018165533983263858,0.02998225364530159,0.06058762025550617,0.9545940027072163,0.9981155951445632
10,12,19,0.1192075202377452,0.13846706397364558,0.8609088458723515,0.4286310722059799,0.9787437974965071
10,12,20,-0.0765679093835349,0.0783114611918531,-0.9777356751775521,0.3731086689818845,0.9787437974965071
10,13,1,-0.21940266271188016,0.18012690304194495,-1.2180449394589952,0.29013920296169066,0.9720339886089545
10,13,2,-0.19614779339785296,0.17268574071720738,-1.1358656052437561,0.3385444073354378,0.977783785791819
10,13,3,0.05232493983780738,0.12360752973944904,0.42331514874279286,0.7005801238658156,0.996297741304507
10,13,4,-0.02042725526437342,0.1844891533450963,-0.11072334006570284,0.917168913100083,0.9971125104614714
10,13,5,-0.2330242693223106,0.06047609145722597,-3.8531635180701582,0.018253282468641076,0.8239297143614018
10,13,6,0.13240015526250476,0.037577760758880994,3.523364686590337,0.024375938092407377,0.8413471823780126
10,13,7,0.07797634938969261,0.11992481987620808,0.6502102689796255,0.561909398010065,0.9921578326135176
10,13,8,-0.016037149294122498,0.04125187911078322,-0.38876166709073945,0.7234021429191774,0.996297741304507
10,13,9,0.013986863553055538,0.13362285616432298,0.10467418489955407,0.9216730477535723,0.9971125104614714
10,13,10,0.1933787502645109,0.17651271118453762,1.095551413638675,0.3533476008085836,0.9787437974965071
10,13,11,-0.12659023679553943,0.06912637069619072,-1.8312871848873735,0.1644586647685447,0.9327221140485742
10,13,12,0.09395706091978193,0.11188180127219469,0.839788596988675,0.4482894741582221,0.9809403935722025
10,13,14,-0.08446742219215539,0.09467192476169015,-0.8922119456627302,0.43801363419411654,0.9809403935722025
10,13,15,0.22636839165920422,0.06210835077870463,3.6447335795813056,0.02187295470252427,0.8394596075808679
10,13,16,0.27472377917980023,0.13119628569360034,2.0939905251533126,0.12729176424797195,0.9327221140485742
10,13,17,-0.14543871060903366,0.150313591563129,-0.9675685950660319,0.3880513044723753,0.9787437974965071
10,13,18,-0.09843804068342792,0.1364354204102823,-0.7214991560599738,0.5227500205777742,0.9900419620498572
10,13,19,-0.14340074238885453,0.07790679704727164,-1.840670491176814,0.20702495240027652,0.9327221140485742
10,13,20,0.18129393763285948,0.10412504920306179,1.741117425813302,0.18003257596688987,0.9327221140485742
10,14,1,-0.016840718238012278,0.15092927400402925,-0.11158019773851899,0.9147953931625248,0.9970118974932134
10,14,2,-0.11578595182053127,0.08850557217952788,-1.308233470140825,0.24770350582825326,0.9659348365379999
10,14,3,0.013961120232106893,0.1302446047906757,0.10719154359167118,0.9188052461765289,0.9971125104614714
10,14,4,0.00863282529954656,0.11296967737438485,0.07641718999391937,0.9415716061980234,0.9976607232147003
10,14,5,-0.09000441053278017,0.19996946590399822,-0.45009076823528443,0.6684499645760233,0.996297741304507
10,14,6,-0.021321666650811342,0.13336375703890863,-0.15987601972274154,0.8792367062285608,0.9970118974932134
10,14,7,-0.024297979673073844,0.14367286195613183,-0.16912017580831457,0.8739100357626582,0.9970118974932134
10,14,8,0.015155165624744046,0.16143924763913908,0.09387534844393053,0.9288539313503598,0.9971125104614714
10,14,9,-0.037393137736029626,0.03845105725347773,-0.9724865948042325,0.37547253049695395,0.9787437974965071
10,14,10,0.05026894228055511,0.14500860315613504,0.3466617923771212,0.7429581071075653,0.996297741304507
10,14,11,0.09910986388158492,0.18007614866779004,0.5503775187011326,0.6057444828326058,0.996297741304507
10,14,12,0.037118904459224125,0.15838856873989687,0.23435343064401212,0.8225028643912812,0.996297741304507
10,14,13,-0.008238515000972021,0.11412857361678849,-0.07218626098458429,0.9469968557143483,0.9976607232147003
10,14,15,0.07591175780505476,0.18325640748912886,0.4142379458636051,0.6931010633583734,0.996297741304507
10,14,16,-0.08244656741369909,0.16165606002198757,-0.5100122284433701,0.6317513422181613,0.996297741304507
10,14,17,0.14397500437205576,0.10712474833387615,1.34399386332264,0.2501192361118555,0.9659348365379999
10,14,18,0.04524246472979842,0.10671846391801935,0.4239422408115763,0.6934127401879097,0.996297741304507
10,14,19,-0.10395194152396607,0.15480583192146025,-0.6714988720582176,0.5316727056756675,0.9909681566538422
10,14,20,-0.16612520847532042,0.16339064360760752,-1.0167363614361136,0.35592560329829087,0.9787437974965071
10,15,1,0.04404194071063849,0.1545612222881666,0.28494819113322606,0.7852638110074818,0.996297741304507
10,15,2,0.02008479578095601,0.09745985658990079,0.20608275533653103,0.8448547854983347,0.9970118974932134
10,15,3,-0.1211252589222757,0.2282526166629814,-0.5306631778972698,0.618367181742302,0.996297741304507
10,15,4,-0.06425345851491006,0.13401658005603068,-0.4794440992865736,0.6485977168889918,0.996297741304507
10,15,5,-0.006705083385162491,0.19232742727113658,-0.034862855913291205,0.9733199901017399,0.9998192749453514
10,15,6,0.1638888341443243,0.1694869917183494,0.9669699867922903,0.37090263804904056,0.9787437974965071
10,15,7,-0.14532797625451077,0.07825712970863953,-1.8570573287536458,0.12243296073611563,0.9272249539364997
10,15,8,0.142613153674696,0.15875942627360085,0.8982972351387994,0.4036326413709761,0.9787437974965071
10,15,9,-0.04951905677837757,0.08769192961414744,-0.5646934329726951,0.592750596878778,0.996297741304507
10,15,10,-0.03992549171339326,0.08779350015230511,-0.45476591824765294,0.668341057456635,0.996297741304507
10,15,11,0.003464908589243796,0.06580825141664465,0.0526515826602677,0.9600483622282022,0.9981155951445632
10,15,12,0.12070751809343679,0.14381954838038627,0.8392984086790475,0.43346261395679153,0.9787437974965071
10,15,13,-0.14985149341822557,0.14644632569097157,-1.0232519847129267,0.36403399661925934,0.9787437974965071
10,15,14,0.06488806577183763,0.10030184736893011,0.6469279227980668,0.5416211931272198,0.9909681566538422
10,15,16,0.06031789712707878,0.05427457443611239,1.111347214651471,0.3169812406602046,0.9738435620968914
10,15,17,0.05662473327444844,0.13042862776371494,0.4341434410902176,0.6822795241937305,0.996297741304507
10,15,18,-0.05877069328537265,0.13861517672720103,-0.4239845496904802,0.6933843107480973,0.996297741304507
10,15,19,0.04463513964248602,0.062104098431887876,0.7187148798355153,0.5044924134418861,0.9870199575036301
10,15,20,-0.1734526648560312,0.10759438687473837,-1.6120977115316721,0.16785843033429884,0.9327221140485742
10,16,1,-0.10801368265768012,0.08601282135332555,-1.2557858346806587,0.264679820108818,0.9659348365379999
10,16,2,-0.07847432756466893,0.091366179808992,-0.8588990776222298,0.43882035004795655,0.9809403935722025
10,16,3,-0.1770280615175492,0.06371296461785456,-2.7785249450652834,0.038970033561687455,0.8473514992757766
10,16,4,-0.01670422764203652,0.11327880935452846,-0.14746118658088886,0.8885298520247408,0.9970118974932134
10,16,5,-0.1981263861277182,0.07909201099438136,-2.50501136125225,0.05415719306254282,0.8737966532283991
10,16,6,0.015156589743137728,0.0883801676783539,0.1714931091568679,0.8705606017106553,0.9970118974932134
10,16,7,0.13199242784040785,0.11930448744414567,1.1063492301670204,0.3189432459287243,0.9738435620968914
10,16,8,-0.12952668570091683,0.08709109119241581,-1.4872552855407235,0.1971027687041922,0.9327221140485742
10,16,9,-0.06459898374912298,0.09768854185931873,-0.6612749307026273,0.5376861047961704,0.9909681566538422
10,16,10,-0.07359284172862232,0.09179586246748032,-0.8017010761666047,0.4591148886183564,0.9831823609235607
10,16,11,0.0407221172509244,0.07495425506950332,0.5432929353059469,0.610263029662757,0.996297741304507
10,16,12,-0.11293757499013225,0.05636021163434314,-2.0038529259054414,0.10143918878944302,0.9122920172343513
10,16,13,0.1414438754975045,0.039890355812541745,3.545816341138977,0.03820461292890877,0.8473514992757766
10,16,14,-0.11283463484112319,0.05590456740343349,-2.0183437611606467,0.0995804527952394,0.9122920172343513
10,16,15,-0.07111478849023259,0.05087675077327212,-1.3977855780482478,0.22102802689518053,0.944676581588624
10,16,17,0.04458242511974948,0.11218472924493877,0.3974019050490637,0.711364941457603,0.996297741304507
10,16,18,0.01792462176680668,0.07542257345714579,0.2376559290535688,0.8238247477152376,0.996297741304507
10,16,19,-0.016873000720442302,0.05230653196865398,-0.3225792283501284,0.7631710051119369,0.996297741304507
10,16,20,0.021191529502185225,0.06380516994115959,0.33212872125245785,0.7532629766696786,0.996297741304507
10,17,1,0.04468421589636209,0.08139662035733042,0.5489689338408624,0.6066412983755363,0.996297741304507
10,17,2,-0.0782904704369583,0.09592977259145485,-0.8161227564831741,0.4602414889857512,0.9831823609235607
10,17,3,-0.032802938581506735,0.16579223700791493,-0.19785569682459175,0.8528061439490832,0.9970118974932134
10,17,4,0.02375909317044199,0.19996442110311996,0.118816602669886,0.9100466832871832,0.9970118974932134
10,17,5,-0.0022416568255463477,0.06856290485847175,-0.03269489281617959,0.9751829053775638,0.9998192749453514
10,17,6,-0.08483339285225687,0.13421700913184303,-0.6320614160630856,0.5551158449353495,0.9921578326135176
10,17,7,0.08064337098078936,0.18381468973241635,0.4387210352869252,0.6835195409957391,0.996297741304507
10,17,8,0.0021245764171737964,0.16248518398842385,0.013075508578751924,0.9900732383725794,0.9999842973802364
10,17,9,-0.09718578818324222,0.13925211361207004,-0.6979124816251296,0.5163471603802365,0.9870199575036301
10,17,10,-0.028530732373568894,0.1284631493694607,-0.2220927364258544,0.8351202560938019,0.996688747850643
10,17,11,0.030268550599097846,0.09287635565995858,0.3259015750961631,0.7608357290594585,0.996297741304507
10,17,12,0.010767316299473558,0.1277813859664221,0.08426357421274713,0.9361166600945175,0.9971125104614714
10,17,13,0.07740238095148405,0.19639539465754768,0.39411505084452486,0.7136043815806061,0.996297741304507
10,17,14,-0.057217228876553276,0.1433282465084626,-0.39920413644895714,0.7062229641757849,0.996297741304507
10,17,15,-0.08956720600271534,0.09296577465524956,-0.9634427974585186,0.37957394503140796,0.9787437974965071
10,17,16,-0.11754990822999999,0.055065954619708445,-2.1347111666305962,0.0996784746420518,0.9122920172343513
10,17,18,-0.041030486638577966,0.11640673847226901,-0.3524751846560839,0.7477907115296096,0.996297741304507
10,17,19,-0.03834338151207795,0.06945177646754305,-0.552086403858149,0.6102833617577591,0.996297741304507
10,17,20,-0.02746759387658148,0.137592412777099,-0.19963014909026713,0.8515075995543465,0.9970118974932134
10,18,1,0.024205840183556586,0.039796163815150006,0.60824556596416,0.5859833829664722,0.9943008954108482
10,18,2,0.009657555979431577,0.07396271991535781,0.13057329409130725,0.9043767070575103,0.9970118974932134
10,18,3,-0.021413791941205327,0.07236113015098049,-0.2959294844653451,0.7820112775719251,0.996297741304507
10,18,4,0.0019945009465017504,0.06644003735753959,0.03001956389245461,0.9774895530898673,0.9998328560154682
10,18,5,0.18052746910340134,0.18764423114627798,0.9620731103729437,0.3904942090184865,0.9787437974965071
10,18,6,-0.07477752271776865,0.1320348511165637,-0.5663468552797989,0.6014227554205873,0.996297741304507
10,18,7,0.08147919244755986,0.14104154096920968,0.5776964140286132,0.5944296619267659,0.996297741304507
10,18,8,0.049629805046214726,0.1397529048660018,0.35512539144317434,0.7459954693026155,0.996297741304507
10,18,9,-0.1391272439838007,0.11530287574548787,-1.2066242327701746,0.294056499113523,0.9723653007063686
10,18,10,-0.059973430841835616,0.06800226621546772,-0.8819328263403109,0.4276233482279423,0.9787437974965071
10,18,11,-0.01619726187888394,0.05380280827921612,-0.30104863289896056,0.7783776510987785,0.996297741304507
10,18,12,-0.12835364232849406,0.08158165935700643,-1.5733149256653043,0.190755192506211,0.9327221140485742
10,18,13,-0.007617982123010902,0.132902902955399,-0.05731990764347794,0.9578945726376573,0.9981155951445632
10,18,14,0.1156450779931875,0.17769340835691283,0.6508124249620638,0.5506611275548262,0.9921578326135176
10,18,15,-0.06916306588887847,0.07917855109982178,-0.8735075967835011,0.43169159992937306,0.9787437974965071
10,18,16,-0.09311843819796271,0.05393451739582184,-1.726509157629912,0.15933184815116697,0.9327221140485742
10,18,17,0.075235863912167,0.0733343414825897,1.0259294948329603,0.3804188518922583,0.9787437974965071
10,18,19,0.09213741572434378,0.22314578902741888,0.41290232778091795,0.7074148626692126,0.996297741304507
10,18,20,0.09383937942047142,0.1941371547275761,0.4833664094421731,0.6541028084643635,0.996297741304507
10,19,1,-0.13891574430922687,0.11808651131305917,-1.1763896042264381,0.29239152829046555,0.9723653007063686
10,19,2,-0.09873621665974941,0.10651780134433002,-0.9269456880699897,0.4064209148764039,0.9787437974965071
10,19,3,0.10810273894328902,0.12034635863253657,0.8982634802642407,0.41982753649234,0.9787437974965071
10,19,4,-0.15590059148452684,0.12071029198377865,-1.291526918882655,0.2529995013117506,0.9659348365379999
10,19,5,-0.12470808629133395,0.17236199850942294,-0.7235242534263879,0.501778838217667,0.9870199575036301
10,19,6,0.12982206412850952,0.055052500645552054,2.358150176719362,0.06489988636613804,0.8921703470566514
10,19,7,0.005698427473229233,0.16443533201722207,0.03465451982422948,0.9740156108718169,0.9998192749453514
10,19,8,-0.17036463437338423,0.22444215279532048,-0.7590581013896655,0.48204795877904794,0.9853788426768277
10,19,9,-0.006782642991134103,0.07837402959024767,-0.08654197093741811,0.934394419096484,0.9971125104614714
10,19,10,0.171016937742613,0.07367640335688155,2.3211900954489035,0.08103083762643871,0.8921703470566514
10,19,11,0.28584494502370905,0.11527691696220421,2.4796373164191166,0.06823764848697261,0.8921703470566514
10,19,12,-0.15522855229779128,0.062324397722467534,-2.4906546708487767,0.05511688613048904,0.8737966532283991
10,19,13,0.05993349179563457,0.09170221437394711,0.6535664618804264,0.5600164955215347,0.9921578326135176
10,19,14,0.015186713475893532,0.08426900201603608,0.18021707997471403,0.8640586614363021,0.9970118974932134
10,19,15,0.08144136049170642,0.1026451571763708,0.7934262339427838,0.4635011609284544,0.9831823609235607
10,19,16,-0.08885619688623116,0.09328793590841385,-0.9524939749177634,0.3947838590397444,0.9787437974965071
10,19,17,0.00023269687252117286,0.11082877410371168,0.0020996070235453426,0.9984252961785584,0.9999842973802364
10,19,18,0.07547178686657105,0.018899287180049032,3.993366847308888,0.02813036023615699,0.8442257097777721
10,19,20,-0.012704511494531705,0.10767699777521879,-0.11798723735718404,0.9117652780941883,0.9970118974932134
10,20,1,0.01804512367985247,0.09188953854944111,0.19637843398187185,0.8520462591766442,0.9970118974932134
10,20,2,0.0543070432625344,0.11533871468467617,0.4708483479335907,0.662278103466673,0.996297741304507
10,20,3,0.03242133593522919,0.13069640942086405,0.24806600333280052,0.8139491377980367,0.996297741304507
10,20,4,0.17051949824738696,0.09508040627226862,1.793424165198668,0.13287783476207016,0.9327221140485742
10,20,5,-0.0035482533619703273,0.05589092786895082,-0.06348531858741979,0.9524259485447308,0.9979015067966054
10,20,6,-0.1488045641162808,0.08938492801645634,-1.6647612457350769,0.15684264105740944,0.9327221140485742
10,20,7,0.0439573335130325,0.1037036384404339,0.4238745541976059,0.6892745356790878,0.996297741304507
10,20,8,0.023710718512643152,0.12756171555030257,0.18587644741346562,0.8598472342008395,0.9970118974932134
10,20,9,0.020221233548987163,0.11552603195388111,0.175036164635903,0.8679185442359425,0.9970118974932134
10,20,10,-0.04363861316690642,0.19345554373479518,-0.22557437395799965,0.8304627505098204,0.996297741304507
10,20,11,-0.014849474167375684,0.20751565257883328,-0.07155833298725718,0.9457275262599925,0.9976607232147003
10,20,12,0.022917075301709004,0.12430697921990384,0.18435871779156868,0.8609761436299396,0.9970118974932134
10,20,13,0.022188252877300536,0.10460760608055417,0.2121093647817744,0.845615453625041,0.9970118974932134
10,20,14,0.0621671327403444,0.179083773609497,0.34713995292257155,0.7426200802983753,0.996297741304507
10,20,15,0.07216691037839312,0.11902750868064263,0.6063044684184277,0.5707831960021352,0.9921578326135176
10,20,16,-0.05450525509290351,0.19598747659083798,-0.27810580574194405,0.7920648813545691,0.996297741304507
10,20,17,0.09920389223671539,0.17984445716751318,0.5516093951328281,0.6105811596882883,0.996297741304507
10,20,18,-0.039210290083250006,0.04991873772503307,-0.78548240339021,0.4760870954674405,0.9844454813806669
10,20,19,0.13566194078308982,0.1221293698008563,1.1108052142018654,0.3289219431976428,0.977783785791819
11,1,2,0.0790952409032177,0.09602220466445478,0.8237182345353212,0.4475944020019814,0.9809403935722025
11,1,3,-0.09910977027584426,0.10890186738843348,-0.9100832947283388,0.40451486107581436,0.9787437974965071
11,1,4,-0.16670721450309847,0.07722823385653424,-2.158630415019323,0.07421699209842147,0.8921703470566514
11,1,5,0.0380156104502636,0.07652498925603582,0.49677380969731255,0.6370226761658856,0.996297741304507
11,1,6,0.14033054863987549,0.09382915859731293,1.4955963661641387,0.18538964143727046,0.9327221140485742
11,1,7,0.10234549278562004,0.06875069475283453,1.488646669711098,0.19675105208196728,0.9327221140485742
11,1,8,0.14109034065123177,0.08590963829380736,1.64231096128081,0.15163274012727546,0.9327221140485742
11,1,9,-0.0022169568309293526,0.059114656904703994,-0.03750265918764789,0.971300854758454,0.9998192749453514
11,1,10,-0.0977300175370082,0.09624691670334239,-1.0154093334461995,0.3564993004536269,0.9787437974965071
11,1,11,-0.009776570987102624,0.19896079704467312,-0.04913817763234196,0.9627116433497376,0.9981155951445632
11,1,12,-0.08231653187983964,0.12532168663139365,-0.6568418770272291,0.5356486941027182,0.9909681566538422
11,1,13,-0.14668728270865417,0.0746217899914124,-1.9657432865597222,0.12075700832246661,0.9272249539364997
11,1,14,-0.008248222828352946,0.061480340695064,-0.1341603305214117,0.8976628524908522,0.9970118974932134
11,1,15,0.09629563324629245,0.10976773997616238,0.8772671576032005,0.4140838048892369,0.9787437974965071
11,1,16,0.15556189052886926,0.10592445412527772,1.4686116800131566,0.20187432669229316,0.9327221140485742
11,1,17,-0.07081081312666682,0.12111685969984849,-0.584648688065108,0.5841696019682721,0.9934412564240025
11,1,18,0.03400026016581771,0.11486009529573935,0.2960145564739307,0.781950837203674,0.996297741304507
11,1,19,-0.009059289558504355,0.04740128316510977,-0.1911190785016855,0.8559506265547766,0.9970118974932134
11,1,20,-0.2498428706459763,0.07566143666762681,-3.302116397025464,0.0214255052699726,0.8394596075808679
11,2,1,-0.08771465833937205,0.10034190823578373,-0.8741577659893183,0.4220262855756704,0.9787437974965071
11,2,3,0.023773062528444137,0.09075685305812224,0.26194234073935463,0.8063018362667836,0.996297741304507
11,2,4,0.08732878662484159,0.09748530792441172,0.8958148513174813,0.4114002858557312,0.9787437974965071
11,2,5,-0.0678260001418766,0.1053834099472669,-0.6436117428271929,0.5481809864973055,0.9920487807726447
11,2,6,-0.09788408966191955,0.09483139975213503,-1.0321907081065056,0.34930096400242744,0.9787437974965071
11,2,7,-0.06970747602800345,0.14808825480934215,-0.47071576417237404,0.6623649994457431,0.996297741304507
11,2,8,0.07175713640663398,0.1444821548220727,0.4966505136534336,0.6404976882641514,0.996297741304507
11,2,9,-0.08931792137553672,0.08139672090555967,-1.0973159653208915,0.3225159604209922,0.97468787269659
11,2,10,0.04064836260884159,0.04058755304167903,1.0014982318864756,0.3732582195742718,0.9787437974965071
11,2,11,0.06097056794541582,0.14091633835334363,0.43267209932819295,0.6875596984898454,0.996297741304507
11,2,12,-0.11762651493585,0.08378054084193347,-1.4039837145044078,0.2192852400130997,0.9441880781319402
11,2,13,-0.04259084444812774,0.27410072223678444,-0.15538391909518526,0.8863849201616762,0.9970118974932134
11,2,14,0.20531607356445392,0.12334530408009838,1.6645633580785575,0.15688265809936688,0.9327221140485742
11,2,15,-0.03161059848216556,0.14462890787180227,-0.21856348739054532,0.8356310603091078,0.9967052234147373
11,2,16,-0.058044298329501365,0.1428631192353852,-0.4062930911753347,0.7053247626692823,0.996297741304507
11,2,17,-0.08187253018387061,0.26697488450050677,-0.3066675366738797,0.774397168768703,0.996297741304507
11,2,18,0.00021569159224939946,0.09725054759770066,0.0022178959149869223,0.9983696149755868,0.9999842973802364
11,2,19,-0.10678054863926256,0.08250176293838221,-1.2942820230122727,0.26523434998003287,0.9659348365379999
11,2,20,-0.040348693379751055,0.11676241132683259,-0.3455623511102769,0.7470800119453854,0.996297741304507
11,3,1,0.08671232918158,0.24062643192943983,0.3603607820052236,0.7368004809157463,0.996297741304507
11,3,2,0.2483277527968809,0.15984956597116867,1.553509083910288,0.1952642057959458,0.9327221140485742
11,3,4,-0.20990727584190383,0.09239312013251293,-2.2718929238300074,0.07226738146279894,0.8921703470566514
11,3,5,0.05929189804592934,0.10062501044081175,0.5892361927278106,0.5813177394505142,0.9927843962825581
11,3,6,0.16564055217583346,0.17853734371080565,0.9277641793708427,0.39610953974423097,0.9787437974965071
11,3,7,0.20306970484236458,0.14340668969465525,1.4160406691858596,0.21593226255979092,0.9425722664941841
11,3,8,0.20611608686096416,0.16613150011291758,1.240680344905264,0.26976235990135417,0.9659348365379999
11,3,9,0.24462018137770242,0.1972831376576196,1.2399447022228287,0.2700121247324458,0.9659348365379999
11,3,10,0.3707338906428181,0.196194985245419,1.8896196056039858,0.11741735516164335,0.9266880947092055
11,3,11,-0.0785319089210721,0.15475818719396833,-0.5074491394896968,0.6334238794271397,0.996297741304507
11,3,12,0.0039007251455433854,0.14261879366287267,0.027350709155040998,0.9792380818112358,0.9999842973802364
11,3,13,0.1757069608359604,0.11254075030726576,1.5612741194160609,0.2163800147398847,0.9425722664941841
11,3,14,-0.22787894822426596,0.04384482793348503,-5.197396339763797,0.0034745647030439116,0.7168717760835697
11,3,15,-0.08616373860020843,0.10373775856761788,-0.8305918673114088,0.444042545295837,0.9809403935722025
11,3,16,0.24154379762852923,0.10451482878779109,2.311095950954991,0.06881314581710839,0.8921703470566514
11,3,17,-0.3570435273335759,0.06458657762980839,-5.528138205038795,0.0052308613514606,0.7168717760835697
11,3,18,0.17984686968527755,0.09150869408692971,1.9653528167767822,0.12081105582572063,0.9272249539364997
11,3,19,-0.3390743017842097,0.16937912449986667,-2.0018659488494093,0.1158694196024675,0.9266880947092055
11,3,20,-0.1267973810826734,0.13775066446624937,-0.9204847147058217,0.39955314993457974,0.9787437974965071
11,4,1,0.03981329347743764,0.0835810191554116,0.4763437186968485,0.6506800797749542,0.996297741304507
11,4,2,-0.07912259557889943,0.10797781151892266,-0.7327671719323627,0.49659249820049095,0.9870199575036301
11,4,3,-0.07892718822387912,0.08905794062945725,-0.8862453776175295,0.41606947324220134,0.9787437974965071
11,4,5,-0.02624220537431921,0.14393573814783886,-0.18231889947431312,0.8613364868651385,0.9970118974932134
11,4,6,-0.05385550756884989,0.1135070066786624,-0.47446857374047413,0.6519411963317214,0.996297741304507
11,4,7,0.10166881303233864,0.06853957882826049,1.4833591739104008,0.19809086197873466,0.9327221140485742
11,4,8,0.17209609155709504,0.13665053227351537,1.2593883733388873,0.2546643061948826,0.9659348365379999
11,4,9,0.055531586297075906,0.07058572864115994,0.786725409871417,0.46137691684663235,0.9831823609235607
11,4,10,0.06874848167252096,0.0912248259302188,0.7536159260457845,0.4850333571350395,0.9853788426768277
11,4,11,-0.08883697817346337,0.09536962975709488,-0.9315017621311774,0.3943506665498608,0.9787437974965071
11,4,12,0.006691005691518405,0.08212271699063017,0.0814756980361517,0.9377135421397046,0.9971125104614714
11,4,13,0.0652998026604521,0.07009442750478657,0.9315976317099007,0.40428067104012355,0.9787437974965071
11,4,14,-0.1297987856447547,0.06049324914380887,-2.14567389716565,0.07555614832385728,0.8921703470566514
11,4,15,-0.015835721009004232,0.10345070730400045,-0.15307503855257631,0.8833574004394771,0.9970118974932134
11,4,16,-0.06295785117294421,0.0728598941964082,-0.8640947378041041,0.42703562593491323,0.9787437974965071
11,4,17,-0.10424868641737549,0.1319527572620111,-0.7900455328082666,0.4653020443546749,0.9831823609235607
11,4,18,0.05172556602607172,0.1336727577618416,0.3869566760778718,0.7184936734830683,0.996297741304507
11,4,19,-0.19503779663289134,0.1380223852864227,-1.4130881467287915,0.2167488231563012,0.9425722664941841
11,4,20,-0.11306609415372891,0.13272634854878504,-0.8518737642459766,0.43318061629000487,0.9787437974965071
11,5,1,0.031421076330460804,0.1478176215008905,0.21256651278250302,0.8387028377427528,0.9967052234147373
11,5,2,-0.040708337739888696,0.2124016408712658,-0.19165735995594257,0.8555508076957109,0.9970118974932134
11,5,3,-0.035521743415461236,0.16764701396770035,-0.21188414022150812,0.8405637330203554,0.9967052234147373
11,5,4,-0.19496174928145524,0.11355091546293986,-1.7169544471296565,0.1367988114412791,0.9327221140485742
11,5,6,-0.028921485615242187,0.11709239294643518,-0.24699713523000205,0.8147315199954507,0.996297741304507
11,5,7,0.0336597493612282,0.05326022196621902,0.6319866519134176,0.5551609180568549,0.9921578326135176
11,5,8,-0.0068565469101145,0.14162232338895667,-0.04841430888854307,0.9629573962716915,0.9981155951445632
11,5,9,0.036808688882744314,0.10077685245574286,0.3652494395828046,0.7274551429420175,0.996297741304507
11,5,10,0.17731791050466833,0.13779806219563212,1.2867953850587754,0.25451821083699805,0.9659348365379999
11,5,11,0.010566451924902066,0.08439673270276848,0.12519977475893745,0.9052435309207364,0.9970118974932134
11,5,12,0.01348552128598334,0.06287645087997766,0.2144765026815975,0.8372790336273431,0.9967052234147373
11,5,13,0.18749315772048283,0.0806322568556426,2.325287236519126,0.08066761826856618,0.8921703470566514
11,5,14,-0.16402884836078074,0.06341420325559452,-2.586626338220581,0.04139912251510341,0.8473514992757766
11,5,15,-0.06067368667427266,0.07522956465204268,-0.8065138613269736,0.45072289615739325,0.9811902082295157
11,5,16,0.02415379161707206,0.07183548467240009,0.336237609127122,0.7503434846262563,0.996297741304507
11,5,17,-0.25210708196711107,0.11466294601845503,-2.1986796146362373,0.07922553368272675,0.8921703470566514
11,5,18,0.08343671895204346,0.06775481314641717,1.2314508014435295,0.2856039606121257,0.9710602551597926
11,5,19,0.03257774333824534,0.05642752378728585,0.5773378158587276,0.5887322385831308,0.9945980265218507
11,5,20,-0.11300718248890947,0.1950153121746677,-0.5794785098060086,0.587393999946272,0.9945980265218507
11,6,1,0.004222691935395118,0.11118982859232268,0.037977322105960186,0.970937818369878,0.9998192749453514
11,6,2,-0.15763056805103454,0.07146102767867832,-2.2058256530763636,0.07851588532807555,0.8921703470566514
11,6,3,-0.10139179399246488,0.06694521344994378,-1.5145488193381131,0.1903130809972386,0.9327221140485742
11,6,4,0.14946211928999917,0.10469162480021918,1.4276416052744136,0.20330695623427805,0.9327221140485742
11,6,5,-0.01567417293134133,0.06347494621850415,-0.2469347965595452,0.8131907128348572,0.996297741304507
11,6,7,0.1393471123789223,0.06366065305491209,2.1889048523667523,0.08020731409062298,0.8921703470566514
11,6,8,-0.20354945855192272,0.09012894591477211,-2.2584249320095795,0.06468796388545162,0.8921703470566514
11,6,9,0.08814247629828727,0.047934002195947074,1.8388298964925796,0.11556540113005537,0.9266880947092055
11,6,10,-0.01980428637687283,0.13856200922282122,-0.1429272459876262,0.8919289014995773,0.9970118974932134
11,6,11,-0.07772770552730947,0.05182820586185495,-1.4997182370732338,0.1939738612581585,0.9327221140485742
11,6,12,0.05072667994135893,0.1020248920204957,0.4971990554096474,0.6367400282516721,0.996297741304507
11,6,13,0.10016876162307829,0.03868099186800201,2.5896120234535935,0.060708734996827746,0.8872441397771501
11,6,14,-0.12611165363047497,0.06548780969973902,-1.925727157569782,0.10244935714717847,0.9127961480874048
11,6,15,0.03406507703638884,0.07555285631795204,0.45087742139861087,0.6679139855731214,0.996297741304507
11,6,16,0.08551016053609087,0.10332848599388271,0.827556503056918,0.44560840050230843,0.9809403935722025
11,6,17,0.1230035935045366,0.05510051585051142,2.232349218581092,0.0759406167204142,0.8921703470566514
11,6,18,-0.04634807705583199,0.07158218092612316,-0.6474806502894671,0.5526064402702979,0.9921578326135176
11,6,19,0.12420975019866172,0.0633490550092373,1.9607198588611814,0.10718916074284542,0.9243322617815436
11,6,20,-0.109422656241735,0.11266774541215664,-0.9711977091622648,0.37605483114037436,0.9787437974965071
11,7,1,0.13262265668652348,0.09811036098304851,1.3517701428912918,0.23438035221070705,0.9551865621300482
11,7,2,-0.009836103676944239,0.08161884463782616,-0.12051265514073688,0.909887945323487,0.9970118974932134
11,7,3,-0.09574442303612796,0.07257984200636576,-1.3191599814506532,0.24429530054962917,0.9659348365379999
11,7,4,-0.0849449553315496,0.08407783170992764,-1.0103133442308938,0.3587095400225276,0.9787437974965071
11,7,5,0.06139930489438686,0.15713003023727504,0.39075474497955454,0.712072982403393,0.996297741304507
11,7,6,0.09462308299765047,0.1362346440808934,0.6945596227400912,0.5182756612490392,0.9874392142122583
11,7,8,-0.15523734045917587,0.07435004976900803,-2.0879251720662175,0.09113969002834878,0.9113969002834877
11,7,9,0.06012378619095428,0.10659111294065975,0.5640600283802429,0.5970742027064799,0.996297741304507
11,7,10,0.13065299010725565,0.11332233187528583,1.1529324180329232,0.30105946118984317,0.9723653007063686
11,7,11,0.11903154906632038,0.13842439404061524,0.8599029809047624,0.42913574530613,0.9787437974965071
11,7,12,-0.035151357629344994,0.13445487828895467,-0.26143608976046506,0.8041836822857621,0.996297741304507
11,7,13,0.02528851965167337,0.23169844066749662,0.10914410808597115,0.9199792349499196,0.9971125104614714
11,7,14,0.016661177343287266,0.07367438505582952,0.22614613383519236,0.8300416826293701,0.996297741304507
11,7,15,0.22061144720911036,0.11496034889174293,1.9190220744279318,0.11307036276409303,0.9266880947092055
11,7,16,0.15718838423492307,0.12727660128132515,1.2350139982623165,0.2716915986005679,0.9663965643755636
11,7,17,-0.07596194905715596,0.19694186446134773,-0.3857074739519322,0.7193485812788143,0.996297741304507
11,7,18,0.08273560255614408,0.15285581030459688,0.5412656698540603,0.617061099882873,0.996297741304507
11,7,19,0.0741305664717759,0.10926714278800385,0.678434198786756,0.534717794235502,0.9909681566538422
11,7,20,0.08553304557635925,0.0721165461972773,1.1860391281245586,0.2888904259100383,0.9710602551597926
11,8,1,-0.012545049892516001,0.10951682085437621,-0.11454906921634003,0.9125396911496471,0.9970118974932134
11,8,2,0.12623237739277446,0.07835447072205137,1.6110424360972386,0.16808682514309198,0.9327221140485742
11,8,3,-0.13431544213054292,0.15919868832222062,-0.8436969144987092,0.43732976345248425,0.9809403935722025
11,8,4,0.17306227513593625,0.08415270034081195,2.056526700070121,0.08546634723745548,0.896144186594051
11,8,5,-0.24741552087832488,0.1373410819154535,-1.8014676848754636,0.12170479245219903,0.9272249539364997
11,8,6,0.1461201114116729,0.07598820471011027,1.9229314861061404,0.1028472475884758,0.9141977563420071
11,8,7,-0.20822575802625518,0.27105521978606917,-0.7682041990920874,0.47706054244927926,0.9844454813806669
11,8,9,0.07236185073777682,0.1268655198638993,0.5703823293739376,0.5891242602666249,0.9948917408153415
11,8,10,0.03640048331967269,0.07504936080021675,0.4850205642135534,0.6481647232947406,0.996297741304507
11,8,11,-0.25657078915101766,0.1148002437380239,-2.2349324426024877,0.07569466471246712,0.8921703470566514
11,8,12,-0.16643510292371771,0.07928896444434153,-2.0990954300891524,0.08057840326467525,0.8921703470566514
11,8,13,0.11100675587969877,0.16125587404826613,0.6883889131740063,0.529052960804228,0.9900419620498572
11,8,14,0.09418282156439649,0.13834358461398596,0.6807892236312214,0.5213964826197727,0.9891695626336177
11,8,15,-0.07942193414611895,0.07334995053083415,-1.082781018531833,0.32048932398590146,0.9742875449171404
11,8,16,0.22894147996652517,0.11338662695839824,2.0191224142200217,0.09948158899309141,0.9122920172343513
11,8,17,-0.028620616155838965,0.09460066089724253,-0.30254139753447185,0.7744209527779433,0.996297741304507
11,8,18,0.1678782753167295,0.21189217387079018,0.7922816225308433,0.4725347374834409,0.9844454813806669
11,8,19,-0.37041977257914815,0.09737592420360906,-3.804018042496948,0.01257670095608807,0.7296406661547277
11,8,20,-0.2248653818220483,0.08846159601667693,-2.5419548362784945,0.05177043399013806,0.8615501503538572
11,9,1,0.11437640888977355,0.1572597792779653,0.7273087207306812,0.49442595277142964,0.9870199575036301
11,9,2,-0.054643208512306245,0.10263316282361531,-0.5324127894770552,0.6172407914214096,0.996297741304507
11,9,3,-0.25486065431631016,0.1446373491235606,-1.7620666851189735,0.1383544409731593,0.9327221140485742
11,9,4,0.12939762688728731,0.1149805528556056,1.125387064790526,0.3034177788188523,0.9723653007063686
11,9,5,-0.24480464585268466,0.08254022117318084,-2.965883085484889,0.025090941968355488,0.8413471823780126
11,9,6,0.06904166297851361,0.15787733834344042,0.4373120531579121,0.6771864397364837,0.996297741304507
11,9,7,0.04590111152453504,0.1219346878469872,0.3764401445941188,0.7220350628834842,0.996297741304507
11,9,8,0.2093323831776278,0.2046637650934769,1.0228111609350867,0.34585326481646983,0.977783785791819
11,9,10,0.06181717057874606,0.11022882436664334,0.5608076737947313,0.599128368049831,0.996297741304507
11,9,11,0.09916844938945467,0.1796685996373574,0.5519520360767771,0.6047429523990562,0.996297741304507
11,9,12,-0.22276699282455387,0.17277467165449947,-1.2893498259324465,0.24474712726770503,0.9659348365379999
11,9,13,0.3078197220066476,0.09892073031908863,3.111781736857397,0.03581008780190128,0.8473514992757766
11,9,14,-0.18986408014086903,0.07821849635009111,-2.4273552803757075,0.05134677506528008,0.8613675014085445
11,9,15,0.002778323798624226,0.13230313547465172,0.020999682196764957,0.9839268450431623,0.9999842973802364
11,9,16,0.08110229584792092,0.054467442550078,1.4890050284968956,0.1966605635404355,0.9327221140485742
11,9,17,0.020078411417986445,0.09326438817112327,0.21528486715562759,0.8380512553739417,0.9967052234147373
11,9,18,0.28575927140944835,0.11845509412572403,2.4123848241067725,0.07336509528021884,0.8921703470566514
11,9,19,-0.13473021145926145,0.17343455922480733,-0.7768360127340376,0.4723879349792201,0.9844454813806669
11,9,20,-0.3440012462139038,0.13314531912622093,-2.5836525720082513,0.04921377097914886,0.8578547234897509
11,10,1,0.03087094375945874,0.06494008944815598,0.47537575050044784,0.6545608101869739,0.996297741304507
11,10,2,0.12233360252699883,0.13187001785232183,0.9276832180539303,0.40608096108395536,0.9787437974965071
11,10,3,-0.04473111905497858,0.10894079315240027,-0.4106002697446161,0.6983690830271876,0.996297741304507
11,10,4,0.06473274009944749,0.10627755238628804,0.6090913710879762,0.5690745843152142,0.9921578326135176
11,10,5,0.012084268905947352,0.17374319703947438,0.06955247233727521,0.9472458626566865,0.9976607232147003
11,10,6,-0.058105339423450225,0.10055489374334874,-0.5778469576147882,0.5884137835728196,0.9945980265218507
11,10,7,0.042379278391102206,0.10069500766823065,0.4208677209729438,0.6913294652741635,0.996297741304507
11,10,8,-0.09118234042662869,0.18681679487669295,-0.48808427789549025,0.646140117110859,0.996297741304507
11,10,9,0.1892047709697147,0.15499713046309888,1.220698540696785,0.2766212164795888,0.9697053714229129
11,10,11,-0.04052275787399571,0.11307472334580124,-0.3583714969588033,0.7346992117988047,0.996297741304507
11,10,12,-0.1843797013463949,0.03655973345408505,-5.043245229698187,0.00395594802582487,0.7168717760835697
11,10,13,0.19709611256621468,0.10342810384530614,1.9056340127737323,0.1527811865761211,0.9327221140485742
11,10,14,0.029848001131479153,0.11003484963338,0.2712595257834864,0.797034279919689,0.996297741304507
11,10,15,0.15722485163512245,0.1124692043415865,1.397936906855037,0.22098532094318582,0.944676581588624
11,10,16,0.016838000261136597,0.15533794439770535,0.1083959255822168,0.9178972086026881,0.9971125104614714
11,10,17,-0.1767721580650749,0.05198106340253575,-3.400702996257881,0.027259666009406526,0.8413471823780126
11,10,18,0.10676871736530336,0.141460112009076,0.7547620021515208,0.49239410680704776,0.9870199575036301
11,10,19,-0.019520566277322335,0.08683937136589798,-0.22478935499023334,0.8331595480969087,0.996297741304507
11,10,20,-0.12046218561987794,0.0965256476289382,-1.2479811177409352,0.26729492300989927,0.9659348365379999
11,11,1,-0.2020438386605543,0.16958780838573304,-1.1913818604212845,0.28696801024016155,0.9710602551597926
11,11,2,0.08930074468388348,0.12232739555845987,0.7300142725631473,0.5058354981552037,0.9870199575036301
11,11,3,0.02245507312666405,0.1658071654988011,0.13542884626835375,0.8975561164665087,0.9970118974932134
11,11,4,0.004725947719572948,0.09153612183941479,0.05162931992915566,0.9608232131252871,0.9981155951445632
11,11,5,-0.01349950932122072,0.22767523101092668,-0.05929283243162078,0.955015713564518,0.9981155951445632
11,11,6,-0.06261279501593622,0.24537993338284328,-0.25516672921249917,0.8087578885384051,0.996297741304507
11,11,7,0.018365558125021008,0.20043387183003317,0.09162901438387257,0.9305506048669886,0.9971125104614714
11,11,8,-0.024962765281617574,0.21746422050294534,-0.11479021801273598,0.9130786788135415,0.9970118974932134
11,11,9,0.10604392309258334,0.08934659984824209,1.1868825816708781,0.28858617583374874,0.9710602551597926
11,11,10,0.10342863051859041,0.1389794921536739,0.744200665257015,0.49022947686502905,0.9869113698394234
11,11,12,0.14949750595973096,0.21828188920561073,0.6848827747602405,0.5238691739893812,0.9900419620498572
11,11,13,0.2847250854886943,0.16307309378992865,1.7459967114730293,0.17914771262684864,0.9327221140485742
11,11,14,0.04997481096719603,0.1238771230574975,0.4034224377619492,0.7033109305239434,0.996297741304507
11,11,15,-0.012345773843426078,0.1996504979077588,-0.06183692989870806,0.9536592112199213,0.9981155951445632
11,11,16,-0.12905316623575788,0.15353822617550153,-0.8405279222608929,0.4389459069550002,0.9809403935722025
11,11,17,-0.07981798143052099,0.21558454502794877,-0.3702398120412713,0.7299748363715155,0.996297741304507
11,11,18,0.034626120569511754,0.1883253889555921,0.1838632632666054,0.8630652031407293,0.9970118974932134
11,11,19,-0.13453883321802265,0.29957573755235434,-0.4490978952995529,0.6766185123272246,0.996297741304507
11,11,20,0.0476770937281753,0.2718420724098732,0.17538526433875257,0.8676583255996274,0.9970118974932134
11,12,1,0.03259544381837082,0.1466678317326958,0.22223989700450633,0.8314988104359783,0.996297741304507
11,12,2,0.009463422316365416,0.15273670860339247,0.061959056227124054,0.9529959389907581,0.9979015067966054
11,12,3,-0.0515461659807475,0.070643031588097,-0.7296709218337553,0.49832563164656657,0.9870199575036301
11,12,4,0.029102069320771806,0.08125262751824767,0.3581677320389166,0.7324817385360365,0.996297741304507
11,12,5,0.04241473222820799,0.10466678428121627,0.4052358398041908,0.6993574145927904,0.996297741304507
11,12,6,-0.0321968806694388,0.08669408732073043,-0.371384965966052,0.7231121179087183,0.996297741304507
11,12,7,-0.061234017745051356,0.04496670516966115,-1.361763498407349,0.2314178187498121,0.9551865621300482
11,12,8,0.11237001862439777,0.1754845102373998,0.6403415234298484,0.5456122546718255,0.9916306595457345
11,12,9,0.07491393305775335,0.13253865424013395,0.5652232813640828,0.5963405304463003,0.996297741304507
11,12,10,0.07349604758377402,0.17137566368936324,0.4288593024302717,0.6858745459401645,0.996297741304507
11,12,11,-0.03169776462043869,0.11490186606149383,-0.2758681447627546,0.7936878792971066,0.996297741304507
11,12,13,0.02916937626196835,0.06336208448027866,0.460360111267913,0.6691718922289867,0.996297741304507
11,12,14,-0.018450963068527088,0.10011422671740128,-0.18429911185775305,0.8598500435156169,0.9970118974932134
11,12,15,-0.09798387957739697,0.07390953785865047,-1.3257271309619356,0.23316776826037983,0.9551865621300482
11,12,16,-0.060476185187636096,0.11495458871459231,-0.5260876130596183,0.6213185186136276,0.996297741304507
11,12,17,0.009657936434885994,0.10848869051254433,0.08902251828433899,0.9325198353106635,0.9971125104614714
11,12,18,0.025977591591654876,0.030704397504723042,0.8460544320015683,0.44516685604785683,0.9809403935722025
11,12,19,-0.18976488870828842,0.1405933666893022,-1.349742830515616,0.2349856566681524,0.955532900309234
11,12,20,-0.10825890715532441,0.08127046664501619,-1.3320817711907547,0.2403207732784553,0.9643283405048894
11,13,1,-0.21605736974775988,0.20802833451685415,-1.03859587324253,0.3576488505956908,0.9787437974965071
11,13,2,-0.043865085140218474,0.22948832050119486,-0.19114299605412355,0.8606182370355333,0.9970118974932134
11,13,3,0.03352798019449643,0.1672134463627299,0.20051007214793554,0.8539051994523655,0.9970118974932134
11,13,4,0.3328615937291931,0.12030972388825581,2.7667056574378783,0.05050117522789329,0.8613675014085445
11,13,5,0.0606068301957527,0.14271940517322612,0.42465725051030245,0.6929323716017941,0.996297741304507
11,13,6,-0.059110178144745534,0.07927455971401354,-0.745638681025066,0.49731773516336963,0.9870199575036301
11,13,7,-0.20714927736962974,0.12004863337241409,-1.7255446526016422,0.1828902935146262,0.9327221140485742
11,13,8,-0.05201427701770141,0.047182675859188755,-1.1024020166179131,0.3507877092834161,0.9787437974965071
11,13,9,-0.1246487922946145,0.13502720240537866,-0.9231383756250148,0.40817964656528555,0.9787437974965071
11,13,10,-0.14091974452138198,0.2640431407702569,-0.5336996981241868,0.6305611911500444,0.996297741304507
11,13,11,0.1799455855831564,0.08316725960553611,2.163658949861737,0.11916455868756816,0.9272249539364997
11,13,12,0.12241744448214903,0.12017738894463607,1.0186395756819635,0.3659729215812874,0.9787437974965071
11,13,14,0.22496929210620953,0.05455633639799292,4.12361435820977,0.025856171474041997,0.8413471823780126
11,13,15,-0.15244132296731805,0.12157478391231165,-1.253889318660156,0.2781633200988053,0.9710602551597926
11,13,16,-0.1731659436376109,0.2532831209130104,-0.6836852886710943,0.5432466910839585,0.9909681566538422
11,13,17,-0.01340075760032098,0.18546676685424143,-0.07225422552807209,0.9458681901457416,0.9976607232147003
11,13,18,0.009715378071692864,0.19543964946699888,0.0497103740113065,0.9634776978067725,0.9981155951445632
11,13,19,0.11796668115304446,0.2633405702138921,0.4479624277291603,0.6980297942638412,0.996297741304507
11,13,20,-0.2798344782178465,0.1097442636285696,-2.5498779522763835,0.08395183785764987,0.8936049968041163
11,14,1,-0.0038004133770654816,0.15107781649429447,-0.02515533693316153,0.9807468252309705,0.9999842973802364
11,14,2,0.06535891485845584,0.09939420680766958,0.657572679102611,0.5398747706708725,0.9909681566538422
11,14,3,-0.23050448977459878,0.10100380888844206,-2.282136607609591,0.07134719374605097,0.8921703470566514
11,14,4,0.0824304137358868,0.10789859425414375,0.7639618875938893,0.4738513924234256,0.9844454813806669
11,14,5,-0.08810623227095711,0.20011030587007833,-0.4402883294162761,0.6751466477357104,0.996297741304507
11,14,6,-0.17616573048439793,0.10973775522001848,-1.6053338263534687,0.1693276780439205,0.9327221140485742
11,14,7,0.21912023167125885,0.11695176144742915,1.8735949673394336,0.13427170177191497,0.9327221140485742
11,14,8,-0.21813584860867852,0.13090395336257005,-1.666380907556186,0.1565154937245879,0.9327221140485742
11,14,9,0.024859521610010826,0.04087984524726592,0.6081119304399847,0.5696746973452316,0.9921578326135176
11,14,10,-0.3199295735162788,0.07685571877883977,-4.162729574265596,0.008800776051225496,0.7296406661547277
11,14,11,-0.10991473810047947,0.19928350603654657,-0.5515496002954237,0.6049988431202644,0.996297741304507
11,14,12,0.08546940937107836,0.15523875369458062,0.5505674796815347,0.6018108129814108,0.996297741304507
11,14,13,-0.10477702966278148,0.1124746007229886,-0.9315616947145527,0.42028004575214095,0.9787437974965071
11,14,15,-0.11165991446752904,0.18018144640224945,-0.6197081702720493,0.558234023084789,0.9921578326135176
11,14,16,0.058372961488700074,0.1816491844615447,0.32134997831898515,0.7609437320891355,0.996297741304507
11,14,17,0.11045012755161904,0.13239189194989945,0.8342665545755776,0.45105593331182225,0.9813976457910768
11,14,18,0.007822483632805945,0.12118325921467771,0.06455086027092044,0.9516288356608955,0.9979015067966054
11,14,19,0.26041416832303144,0.13579874534392858,1.917647822603809,0.1132697878197994,0.9266880947092055
11,14,20,-0.036429849877110905,0.19798786978817473,-0.18400041333796277,0.8612427107591865,0.9970118974932134
11,15,1,-0.17135223835612912,0.1389922840453634,-1.2328183505421888,0.2637526424381314,0.9659348365379999
11,15,2,-0.11177450049058568,0.08532268290795102,-1.310020930891985,0.24714297111514008,0.9659348365379999
11,15,3,0.13817289565402466,0.2521858735341477,0.5479010133165418,0.6073217436786187,0.996297741304507
11,15,4,0.06743988868389812,0.1337553921857245,0.504203139636801,0.6320942864740318,0.996297741304507
11,15,5,-0.04698138801366759,0.19138823581084363,-0.24547688531836212,0.8142681130283105,0.996297741304507
11,15,6,0.1735216730733046,0.16788131678686066,1.0335972840418641,0.341174763143561,0.977783785791819
11,15,7,0.10065050556659744,0.1032011025535227,0.9752851769526614,0.3742107038219661,0.9787437974965071
11,15,8,-0.10038706305565254,0.16405704296649898,-0.6119034040832981,0.5630549283635926,0.9921578326135176
11,15,9,0.060130409971500175,0.08657917130504028,0.6945135771622374,0.5133406976693088,0.9870199575036301
11,15,10,-0.12268373731238001,0.08259668208247213,-1.4853349337736828,0.19758919432138647,0.9327221140485742
11,15,11,-0.059863104465500125,0.06775959236253085,-0.88346317292368,0.4174347188721651,0.9787437974965071
11,15,12,0.10270794975929375,0.14613108020124171,0.7028480841799605,0.5084888152573587,0.9870199575036301
11,15,13,0.22871508118450287,0.14265306831842325,1.60329591139514,0.1841329119296322,0.9327221140485742
11,15,14,-0.10873615237984752,0.09376359735041072,-1.1596840933088572,0.29023604583041246,0.9720339886089545
11,15,16,-0.0066717703823610894,0.06701482626233692,-0.09955663178390037,0.9245647494921195,0.9971125104614714
11,15,17,-0.04401148734489122,0.14573056950971602,-0.3020058694113243,0.7748060339919238,0.996297741304507
11,15,18,-0.19444327272177064,0.12389421156893299,-1.5694298406509146,0.19163115155320587,0.9327221140485742
11,15,19,0.07633914764415282,0.06361843386368725,1.1999532683643517,0.28390766169506026,0.9710602551597926
11,15,20,0.0020063185175268473,0.1468042868413273,0.013666620782550447,0.9896245062241895,0.9999842973802364
11,16,1,0.12650488798623988,0.09338366205801184,1.354679021971721,0.2335143769440808,0.9551865621300482
11,16,2,0.15068600632690682,0.08085293488877715,1.8637048430255458,0.13581675207540872,0.9327221140485742
11,16,3,-0.05697020438538451,0.10955186801820163,-0.5200295112758743,0.6252385616888354,0.996297741304507
11,16,4,-0.1313605688646816,0.11107002871749692,-1.1826824065888226,0.29010408787827324,0.9720339886089545
11,16,5,-0.05416202835619075,0.12920365615032708,-0.4191988831396118,0.6924712847165047,0.996297741304507
11,16,6,0.06137380047802472,0.09418850444032129,0.6516060621416929,0.543414461225873,0.9909681566538422
11,16,7,0.19716365509458192,0.11802457601744115,1.670530509372687,0.15568043882065513,0.9327221140485742
11,16,8,-0.05162811396687519,0.11344057235688267,-0.4551115433726714,0.6681087173782095,0.996297741304507
11,16,9,0.02981139697875544,0.111959304047302,0.26626993827948475,0.8006628880646305,0.996297741304507
11,16,10,0.020035798601037564,0.10755951257950241,0.18627639825014886,0.859549807992534,0.9970118974932134
11,16,11,0.06414212388764942,0.08040933219544172,0.7976950204106762,0.4612345432465637,0.9831823609235607
11,16,12,0.15182211188217123,0.04905240733254627,3.0951001211788065,0.027002760928920438,0.8413471823780126
11,16,13,-0.06430147941358297,0.11435395231530741,-0.5623022039126606,0.613187993121439,0.996297741304507
11,16,14,0.09011626895233321,0.07296290003363394,1.235097137169122,0.27166320213445605,0.9663965643755636
11,16,15,-0.003678550793441098,0.06638658710068994,-0.05541105446204594,0.9579570005402667,0.9981155951445632
11,16,17,0.013777730130422858,0.15115088048904782,0.09115216587395282,0.9317539551919842,0.9971125104614714
11,16,18,0.08100288446725959,0.07406690238634869,1.0936448245619574,0.3355536703234184,0.977783785791819
11,16,19,-0.0543052983077686,0.06461611478237245,-0.8404296434384644,0.44796920071915197,0.9809403935722025
11,16,20,-0.11065179922568687,0.05146219766152004,-2.1501568967443196,0.08422831476649534,0.8940435645605651
11,17,1,0.08051511383885777,0.08549138324042949,0.9417921524498133,0.38954038110623157,0.9787437974965071
11,17,2,-0.10093406671350809,0.10350749275377162,-0.975137780147371,0.38470805765948335,0.9787437974965071
11,17,3,-0.2332062020753569,0.18702097726299977,-1.24695210926078,0.28044374844696657,0.9710602551597926
11,17,4,0.04730826205552083,0.22062015826853104,0.21443308910024647,0.8386803502060239,0.9967052234147373
11,17,5,-0.12475069054530794,0.051451455002653024,-2.4246290126576735,0.05977514629683074,0.8872441397771501
11,17,6,0.0024064626686614316,0.15436785920225382,0.015589143239285832,0.9881650890972327,0.9999842973802364
11,17,7,0.04600046434081575,0.24788087069988782,0.18557488607631792,0.861808458888457,0.9970118974932134
11,17,8,-0.1023820591087991,0.17391505472551733,-0.5886900318652438,0.5816568128531262,0.9927843962825581
11,17,9,-0.052290429430232904,0.15975401736960004,-0.32731840044390675,0.7566868035975947,0.996297741304507
11,17,10,0.05162436715060332,0.16902580683370388,0.30542298905331394,0.7752781006472735,0.996297741304507
11,17,11,-0.1061259294354004,0.11260853942190832,-0.9424323410930491,0.3993327218251329,0.9787437974965071
11,17,12,0.019250411649660158,0.14126637752370505,0.1362703000315386,0.8969242955809342,0.9970118974932134
11,17,13,-0.19550685240504628,0.19985290753113738,-0.9782537308025292,0.383338985929072,0.9787437974965071
11,17,14,0.16975394377142794,0.14214063943074204,1.1942674835999045,0.2859344538670764,0.9710602551597926
11,17,15,0.2149987134129265,0.057513462681070854,3.7382328134443874,0.01345606424765435,0.7410586107403845
11,17,16,0.11879368255639833,0.08845244861956421,1.3430231091282656,0.25040619003003944,0.9659348365379999
11,17,18,0.01850784868861729,0.1567842054884854,0.11804664016273311,0.9134909019500267,0.9970118974932134
11,17,19,0.02721156386922571,0.09433616923485781,0.28845313615811324,0.7873301514339974,0.996297741304507
11,17,20,-0.11791508405834455,0.17316037094987669,-0.6809588326176288,0.5332770437780401,0.9909681566538422
11,18,1,0.02922501369245396,0.044035239060296105,0.6636733288031744,0.5543454510721996,0.9921578326135176
11,18,2,-0.05239738805897807,0.07721272298514392,-0.6786108044445078,0.5460446246465651,0.9916306595457345
11,18,3,-0.03771402330273277,0.07908342882080922,-0.4768890760630777,0.6583258161859898,0.996297741304507
11,18,4,0.007036366646628856,0.07376844303098769,0.09538450802842248,0.9285968940055913,0.9971125104614714
11,18,5,-0.09582361956205436,0.2264160238745901,-0.42321924889338675,0.6938986486548219,0.996297741304507
11,18,6,0.03710403580911312,0.1513862473296549,0.2450951553615779,0.8184434420916703,0.996297741304507
11,18,7,0.05353887651681084,0.16095647897898124,0.33262952107364174,0.7561161099876187,0.996297741304507
11,18,8,-0.22433338010107745,0.0930845669858092,-2.409995419894548,0.09501742580549082,0.9122920172343513
11,18,9,0.17066060661089646,0.12296088064690167,1.3879260274622047,0.23746594203297985,0.9601039416292946
11,18,10,0.10487445953815389,0.06382396023608748,1.643183204999748,0.1756899004339767,0.9327221140485742
11,18,11,-0.004435623972019837,0.060431444727390954,-0.07339927072661828,0.9450122464387979,0.9976607232147003
11,18,12,0.12753955339071543,0.09613927536067295,1.3266123851143625,0.2553062090132231,0.9659348365379999
11,18,13,0.23928610082689633,0.10889662285618178,2.197369344876018,0.11545552518464781,0.9266880947092055
11,18,14,-0.027873587554668493,0.20722029656826454,-0.13451186016110922,0.8994945859379053,0.9970118974932134
11,18,15,0.04263806566453616,0.09363292269479753,0.4553747168937818,0.6724626609214097,0.996297741304507
11,18,16,-0.025958437948061706,0.07812009264683788,-0.3322888781645621,0.7563547626423586,0.996297741304507
11,18,17,-0.11477524380330481,0.09122593615798594,-1.258142679986071,0.2973530517078317,0.9723653007063686
11,18,19,0.017552283392445116,0.30329684147856817,0.05787163264483762,0.9574898921821263,0.9981155951445632
11,18,20,0.16941556361397123,0.2051860827520317,0.825667907593348,0.4553908082293304,0.9823636982311391
11,19,1,0.08001675895712294,0.1432804631385405,0.5584624533157379,0.6006122218062009,0.996297741304507
11,19,2,-0.043972746891490916,0.12861947553320913,-0.34188249259184245,0.7496461972460472,0.996297741304507
11,19,3,-0.25347617781071996,0.1199827093148485,-2.112605885098465,0.10218982306229774,0.9127958286297914
11,19,4,0.2209554516475679,0.1184901048736512,1.8647586807464906,0.12122716750643936,0.9272249539364997
11,19,5,-0.0204049415495434,0.20030002531627664,-0.10187188702159089,0.9228176317748856,0.9971125104614714
11,19,6,-0.04187366107043278,0.0865516915236433,-0.4837994536306707,0.6489726372934252,0.996297741304507
11,19,7,0.03623868833469697,0.21680430730332706,0.16714930060789296,0.8753623949784827,0.9970118974932134
11,19,8,-0.23787765939706912,0.2397962525116111,-0.99199906964584,0.366746828311812,0.9787437974965071
11,19,9,-0.11740608743692332,0.06913017809283584,-1.6983333570695966,0.15019915589016836,0.9327221140485742
11,19,10,-0.19139371781869347,0.11461655479373602,-1.669861026284168,0.17026895800766886,0.9327221140485742
11,19,11,-0.17517198223026126,0.22656344556762117,-0.7731696602274944,0.48257251447988336,0.9853788426768277
11,19,12,0.06536754585333712,0.09903139883974307,0.6600688934875864,0.5383984318079205,0.9909681566538422
11,19,13,0.010641634167492238,0.12951396421941844,0.08216592111551271,0.9396898390030072,0.9976607232147003
11,19,14,-0.18111921062357175,0.04684785338531923,-3.8661154680880894,0.011806608668728699,0.7296406661547277
11,19,15,0.07491308980832789,0.11579831878876018,0.6469272662268765,0.546200826653217,0.9916689638233276
11,19,16,0.0035716489974888183,0.13667727226488016,0.02613198916159843,0.9804037959158198,0.9999842973802364
11,19,17,0.22494606038663367,0.09404850347180328,2.3918090355545423,0.07502023959641656,0.8921703470566514
11,19,18,-0.07142071382740792,0.04740701824542638,-1.5065430493045557,0.22901916738852862,0.9532557270404519
11,19,20,0.1161919031769719,0.13032867092637557,0.8915298709807202,0.4230276560475529,0.9787437974965071
11,20,1,-0.05122856506483442,0.09949081439206638,-0.5149074854532962,0.6285638858890539,0.996297741304507
11,20,2,-0.2144141055854858,0.07648913799888178,-2.803196783127784,0.04865279653753817,0.8559288279752085
11,20,3,0.03212146994608791,0.14483118647664223,0.22178558863802816,0.8332545935633863,0.996297741304507
11,20,4,-0.14729307972034097,0.11772483747942887,-1.2511640098448016,0.2662256216518944,0.9659348365379999
11,20,5,-0.03620403163241215,0.05945596441199322,-0.608921779166369,0.5754633082917024,0.9921578326135176
11,20,6,-0.006806569372602089,0.1233006878319449,-0.05520301218290066,0.9581146594899865,0.9981155951445632
11,20,7,-0.15366698662667885,0.09447161761136365,-1.626594214330127,0.16475181537151817,0.9327221140485742
11,20,8,-0.10235242618741118,0.13407357621027458,-0.7634049085565013,0.47967295369816904,0.9853788426768277
11,20,9,0.046055617740022245,0.12659040013658313,0.3638160373137876,0.730872869892568,0.996297741304507
11,20,10,0.03738408705137705,0.2145523924803179,0.17424222875833117,0.8685104139519846,0.9970118974932134
11,20,11,-0.06138149975608154,0.22814984089024315,-0.269040291749936,0.7986474760681769,0.996297741304507
11,20,12,0.13346295537431282,0.12447961910405544,1.0721671253000526,0.33264423978403507,0.977783785791819
11,20,13,0.03380266906530947,0.1380439308660296,0.2448689258050018,0.8223517323312296,0.996297741304507
11,20,14,0.024563117521639224,0.20028271794782168,0.12264222182123495,0.9071674772626668,0.9970118974932134
11,20,15,-0.005385863546517811,0.136474978729925,-0.03946410980679921,0.970047648891667,0.9997778860288403
11,20,16,-0.00914746866577581,0.21855137231778077,-0.041855004472052634,0.9682342495312068,0.9987215386043936
11,20,17,-0.1970592606198285,0.2262732409354233,-0.8708906974784387,0.4329616302272219,0.9787437974965071
11,20,18,-0.008395399365004634,0.059459096992182124,-0.14119621369236893,0.894540384558543,0.9970118974932134
11,20,19,0.09474769026284804,0.17863317052103042,0.5304036757896711,0.623911338269543,0.996297741304507
12,1,2,0.011823695800486296,0.10145897095887989,0.11653672108661305,0.9117632971207167,0.9970118974932134
12,1,3,-0.06130018411856052,0.1243812413013942,-0.49284107053995574,0.6430035377582527,0.996297741304507
12,1,4,-0.08685307249539127,0.09663767380597103,-0.8987496187964539,0.403410033809897,0.9787437974965071
12,1,5,-0.0006290804176759065,0.07808247231173338,-0.00805661500005192,0.9938330166457896,0.9999842973802364
12,1,6,-0.12477009120465399,0.09742394766128484,-1.2806922137579884,0.24757711909008162,0.9659348365379999
12,1,7,-0.01271750708432269,0.08928922665110459,-0.14243047634261186,0.8923014862205028,0.9970118974932134
12,1,8,0.15763917425738258,0.08097239331583846,1.9468261687727715,0.09949580238935413,0.9122920172343513
12,1,9,0.016492646410224045,0.05873693265070945,0.28078835011729286,0.7883037529958354,0.996297741304507
12,1,10,0.03238990188870281,0.1135877373321301,0.28515315692669985,0.7869612021606872,0.996297741304507
12,1,11,-0.051983866608483045,0.21432270451540714,-0.2425495083490023,0.8179896801421673,0.996297741304507
12,1,12,0.05765623878955582,0.12759631702225205,0.4518644435407101,0.6672417903914845,0.996297741304507
12,1,13,-0.154417964651294,0.08233169979139256,-1.8755590500460213,0.13396713149894623,0.9327221140485742
12,1,14,-0.02191424553230009,0.06091906221311314,-0.3597272304566633,0.7313735462808335,0.996297741304507
12,1,15,-0.028431746897483953,0.11601596545477112,-0.24506753691864086,0.81457070276049,0.996297741304507
12,1,16,-0.021479003715755327,0.13694349280621151,-0.15684574181259842,0.881503059827309,0.9970118974932134
12,1,17,0.07932027539113513,0.10777380247383432,0.7359884644476266,0.49479388908718397,0.9870199575036301
12,1,18,-0.057653539864293446,0.19189029968519222,-0.30045051760603403,0.7788018488280204,0.996297741304507
12,1,19,0.021662851685616408,0.042015235398986335,0.5155951520772261,0.6281168556170874,0.996297741304507
12,1,20,-0.09542059830222911,0.1398092325021945,-0.6825057014746779,0.5252494465238793,0.9900419620498572
12,2,1,-0.08538410187202236,0.09991678395947605,-0.8545521431694362,0.4318280979905429,0.9787437974965071
12,2,3,-0.04926683081322478,0.09561749527467799,-0.5152491253946982,0.6335458808640454,0.996297741304507
12,2,4,0.22302189939293515,0.0303865602585079,7.33949145570539,0.0007366367753394671,0.6579150864527538
12,2,5,-0.10565448591819453,0.09808856241016363,-1.0771335956104278,0.33062278256171596,0.977783785791819
12,2,6,0.13269259414119294,0.08504082566327903,1.5603399085638203,0.17942857240843121,0.9327221140485742
12,2,7,0.24244848791024226,0.11062639407166468,2.191597131431316,0.09352520125897372,0.9122920172343513
12,2,8,-0.060364687600055277,0.1444410054711232,-0.41791932562879813,0.6933473860081131,0.996297741304507
12,2,9,0.003098242511853685,0.09000890092380492,0.03442151253954332,0.9738729181240274,0.9998192749453514
12,2,10,-0.04376132276852844,0.04380559210108534,-0.9989894136471497,0.3743350555993021,0.9787437974965071
12,2,11,0.03957160164252779,0.15426563096294976,0.256515993842953,0.8102055634420936,0.996297741304507
12,2,12,-0.02565688361038176,0.09754444072158018,-0.26302763561227277,0.8030238735886625,0.996297741304507
12,2,13,0.2585245997909124,0.25459364329322093,1.0154401203652548,0.3846669405379055,0.9787437974965071
12,2,14,0.005129886785605038,0.15264977311793582,0.033605597183614076,0.974491942161413,0.9998192749453514
12,2,15,-0.09503773893289387,0.13787405850663806,-0.6893083438725994,0.521305984439073,0.9891695626336177
12,2,16,0.004990598647853367,0.15724091411202526,0.03173855021134073,0.9762010815475546,0.9998192749453514
12,2,17,-0.03559940460065585,0.24414648832529898,-0.14581165940456886,0.8911229591543238,0.9970118974932134
12,2,18,-0.13646846296462667,0.1448549709406891,-0.9421041064552875,0.4156413681844705,0.9787437974965071
12,2,19,-0.08042229923963731,0.0794710660793634,-1.0119695532750497,0.3687928422709809,0.9787437974965071
12,2,20,-0.11091201666266279,0.11516677711042016,-0.9630556610554359,0.39005647193880844,0.9787437974965071
12,3,1,0.25130305545935133,0.18253049351803052,1.3767730016746522,0.24061712867165727,0.9644990389792168
12,3,2,-0.2629309945261909,0.1743316864436145,-1.5082226294513852,0.20598914865246523,0.9327221140485742
12,3,4,-0.04687999058155089,0.14113335372083785,-0.3321680477737918,0.7532350116930413,0.996297741304507
12,3,5,-0.1381439770781772,0.09428764466137227,-1.4651333965637476,0.2027767462294312,0.9327221140485742
12,3,6,0.3438292501198669,0.14212866599876517,2.4191407672850107,0.06018117437581141,0.8872441397771501
12,3,7,0.08857113659161575,0.17956094651565452,0.49326503513056863,0.6427243870715145,0.996297741304507
12,3,8,0.08020860333211427,0.20266076994175994,0.39577765028115014,0.7085925852253273,0.996297741304507
12,3,9,-0.27011438972013996,0.21242333574213199,-1.2715852934668606,0.2594570611390485,0.9659348365379999
12,3,10,-0.13005067371642118,0.27211078276751605,-0.4779328198363053,0.6528617486719,0.996297741304507
12,3,11,0.1350724851547963,0.16094473665158696,0.8392476073719756,0.43960013589589764,0.9809403935722025
12,3,12,0.11928829014628489,0.14500393230886777,0.8226555531705888,0.4481454306013901,0.9809403935722025
12,3,13,-0.15709827056700573,0.19727134457695109,-0.7963562619959175,0.48402130036147734,0.9853788426768277
12,3,14,-0.0004015724793491393,0.12017979801646585,-0.0033414308059560756,0.9974631466898322,0.9999842973802364
12,3,15,-0.23518049341003283,0.05752179007484146,-4.088546150944738,0.009460279254440079,0.7296406661547277
12,3,16,0.11597951748562171,0.15433990665856956,0.7514551485471603,0.4862223569619394,0.9854106808380985
12,3,17,-0.01005590688874062,0.1719889338568085,-0.058468336672488005,0.9561799502335216,0.9981155951445632
12,3,18,-0.09984723791027396,0.20851437158217154,-0.4788506286265607,0.6570453109601082,0.996297741304507
12,3,19,0.15625808144447798,0.20266289348122446,0.7710246249799219,0.4837092618597054,0.9853788426768277
12,3,20,-0.23775478038137607,0.12138661940719155,-1.958657235373437,0.10747248337757634,0.9243322617815436
12,4,1,0.04843543694871535,0.08281890635536736,0.5848355053168544,0.5799698323513126,0.9926103925229551
12,4,2,-0.054669089969738335,0.11013217532122292,-0.4963952615099847,0.6406654239795043,0.996297741304507
12,4,3,0.14137681354454718,0.08229035522601698,1.7180241008138382,0.14643454156185606,0.9327221140485742
12,4,5,-0.24752875012181727,0.10305593294714757,-2.4018874318120136,0.053158005116874345,0.8736240172341893
12,4,6,0.1810081991556418,0.0889189623341361,2.0356535254361248,0.0879723004824049,0.9038873468295585
12,4,7,0.0599185044614303,0.08497326337288669,0.7051453843520853,0.5122037235203871,0.9870199575036301
12,4,8,0.1474280993266244,0.1413755215284676,1.042812063444061,0.3372185314285653,0.977783785791819
12,4,9,0.034819537908613564,0.0727615139644368,0.47854333989193176,0.6492023522067578,0.996297741304507
12,4,10,-0.027210774451671593,0.1035699607943338,-0.2627284421343291,0.803241861374521,0.996297741304507
12,4,11,0.11636804917425594,0.09908095420806556,1.1744744497384814,0.2930908559873388,0.9723653007063686
12,4,12,0.018055612940858473,0.08183683807902077,0.22062940558875865,0.8326969639680397,0.996297741304507
12,4,13,0.08148229027221038,0.07278838761338763,1.1194407919004965,0.32563001428143606,0.9754781665506165
12,4,14,-0.11813302800989273,0.06435437270974122,-1.8356643540117275,0.11607347477561658,0.9266880947092055
12,4,15,-0.1533768372313607,0.08260206727883605,-1.856815964566076,0.11272016154847066,0.9266880947092055
12,4,16,-0.11500056484277578,0.06719126145809631,-1.711540494187389,0.14766354092349904,0.9327221140485742
12,4,17,-0.09496660066665646,0.11951577199122901,-0.7945947140167513,0.46287991258114547,0.9831823609235607
12,4,18,0.2154509541996709,0.20041762329972998,1.0750100248239305,0.3428920973208004,0.977783785791819
12,4,19,-0.1547579134826037,0.13079657910716616,-1.1831954209950857,0.2899183087313214,0.9720339886089545
12,4,20,0.037010113875486035,0.15296578942128183,0.2419502688494277,0.8184289803191677,0.996297741304507
12,5,1,0.07306907413118359,0.14534355289752426,0.5027335074311747,0.6330675655616089,0.996297741304507
12,5,2,0.0552662295850594,0.21020416908142975,0.26291690515133037,0.803104547741085,0.996297741304507
12,5,3,0.09212731309939588,0.17770654458981552,0.5184238617183564,0.6262799016851541,0.996297741304507
12,5,4,0.0346028503286291,0.13794660150906657,0.25084235457662923,0.8103052328492145,0.996297741304507
12,5,6,-0.005290770228976954,0.12759198508073835,-0.041466321145388285,0.9685290360236845,0.9988468775006829
12,5,7,0.0597596438370508,0.05366920508082479,1.1134810688166603,0.31614676391987423,0.9738435620968914
12,5,8,0.301898979536896,0.06981560673046777,4.324233415289106,0.0049597604976533115,0.7168717760835697
12,5,9,0.0850939426517576,0.09578599814276369,0.8883755903868271,0.4085382576122533,0.9787437974965071
12,5,10,0.0757417507336731,0.168860871775787,0.4485453020389131,0.6725299253208409,0.996297741304507
12,5,11,0.1396413314528102,0.06696761160867262,2.0852069843363026,0.09145489652390099,0.9121617654688419
12,5,12,0.04452940304015711,0.060442369349536056,0.7367249748584216,0.4890830682646856,0.9869113698394234
12,5,13,0.16541578657977304,0.10465281053990076,1.580614851381604,0.1891204415219687,0.9327221140485742
12,5,14,-0.08168054344127021,0.08598635465820678,-0.9499244823786056,0.3788276057873494,0.9787437974965071
12,5,15,-0.09753735840744922,0.06846493564054623,-1.424632295254231,0.20413620718933123,0.9327221140485742
12,5,16,-0.08419388844449004,0.06909918173639967,-1.2184498618877335,0.277402839101415,0.9705924903832205
12,5,17,-0.14959923396880126,0.12948161732410007,-1.1553704460857193,0.30014812958362314,0.9723653007063686
12,5,18,0.08060196509141239,0.1267193350707726,0.6360668247332597,0.5593065807770597,0.9921578326135176
12,5,19,-0.041893351396724524,0.04938450894018574,-0.8483095670064721,0.4349854729371683,0.9798131577719262
12,5,20,-0.2571120169783705,0.18548328981788037,-1.3861734781037889,0.22432836285579724,0.9494058936562219
12,6,1,0.12548822749133087,0.09869954746137567,1.2714164423009848,0.250641242726366,0.9659348365379999
12,6,2,-0.0021527085033196725,0.09965583657943136,-0.021601429250781914,0.9836014362500763,0.9999842973802364
12,6,3,-0.07202303294034744,0.08145153020146022,-0.8842440744983328,0.41705117344586956,0.9787437974965071
12,6,4,-0.05402785158219913,0.11915111864858666,-0.453439734301534,0.6661696653223097,0.996297741304507
12,6,5,-0.05734535595219512,0.059345882627140474,-0.9662903880210091,0.37121609810964207,0.9787437974965071
12,6,7,0.015225620231617687,0.09626279952681001,0.15816722873532318,0.8805145563346327,0.9970118974932134
12,6,8,0.10300576507993014,0.11515319945557065,0.8945106654963431,0.40549957414882476,0.9787437974965071
12,6,9,-0.04046273451424249,0.05761636733619088,-0.7022784737093991,0.5088194395441104,0.9870199575036301
12,6,10,-0.11996493765930245,0.14051219122511202,-0.8537688908875888,0.43222328699736734,0.9787437974965071
12,6,11,-0.04042399551761385,0.06514012382831737,-0.6205698291813866,0.5620714924485368,0.9921578326135176
12,6,12,-0.15053889246098887,0.08402946870838014,-1.7915011813490656,0.12339612986927445,0.9272249539364997
12,6,13,0.04598444359790738,0.0642771148711456,0.7154092664142689,0.5138950481218376,0.9870199575036301
12,6,14,-0.03141576654641901,0.0823094954419477,-0.3816785217471616,0.7158512293601829,0.996297741304507
12,6,15,-0.0012970988326834014,0.07682030081688579,-0.016884844486073695,0.9870759497673982,0.9999842973802364
12,6,16,0.01556741048923998,0.119148981192907,0.13065500294882976,0.9011422580517746,0.9970118974932134
12,6,17,-0.027985196539815224,0.06944711387698652,-0.40297134001829304,0.7036220643504157,0.996297741304507
12,6,18,-0.0005222325059319981,0.1257394964208224,-0.004153289306806571,0.996885044214135,0.9999842973802364
12,6,19,0.06650176079511518,0.07033200302340073,0.9455405496135705,0.3877999306202775,0.9787437974965071
12,6,20,-0.05523105040393358,0.13075173233981227,-0.4224116148608304,0.690273959789428,0.996297741304507
12,7,1,-0.18330345298706419,0.09329170705276102,-1.964841879047537,0.10662528241274087,0.9219023280282488
12,7,2,0.056698488840977584,0.08352573827955977,0.6788145786934504,0.5345005429331281,0.9909681566538422
12,7,3,-0.014818419106310437,0.091044833590423,-0.1627595825240371,0.8770812977790234,0.9970118974932134
12,7,4,0.038616525280241606,0.09844070147571744,0.39228210182324774,0.7110138227339252,0.996297741304507
12,7,5,-0.3581233798452189,0.06486196492558569,-5.521315616179104,0.002669357921930358,0.7168717760835697
12,7,6,0.009989516009290704,0.15446950870158585,0.06466982444104502,0.9509428304050123,0.9977648266713631
12,7,8,0.08011823337335702,0.10420590985236196,0.7688453897298052,0.47671230241133117,0.9844454813806669
12,7,9,0.14206170949849686,0.10072064561636408,1.4104527292069466,0.21748015587836014,0.9434070688787312
12,7,10,0.10403239560011453,0.13004368797035648,0.7999803544715587,0.4600244590176844,0.9831823609235607
12,7,11,0.08345459856857439,0.15626113601082792,0.5340713673184703,0.6161741076681925,0.996297741304507
12,7,12,-0.28269319396267234,0.07430354880648109,-3.804571901338446,0.012569582314803514,0.7296406661547277
12,7,13,0.46369995496134314,0.19750818358346378,2.3477505921320128,0.10051094577990048,0.9122920172343513
12,7,14,-0.06768586023360566,0.07428571060206929,-0.9111558560067009,0.4040009797290695,0.9787437974965071
12,7,15,-0.11366345356859572,0.1560351543553327,-0.7284477272924407,0.4990114895797622,0.9870199575036301
12,7,16,0.17586568095155353,0.13646440804655763,1.2887292992196515,0.25389646224479984,0.9659348365379999
12,7,17,-0.3216220962890494,0.08476303069356633,-3.79436758753916,0.019196508685230946,0.8394596075808679
12,7,18,0.3335082589682604,0.20549279131751086,1.6229681675369694,0.1799173655065557,0.9327221140485742
12,7,19,-0.04307671815544774,0.10233228105034398,-0.4209494571300968,0.6954252855664099,0.996297741304507
12,7,20,0.14403033071724713,0.06058898700806452,2.3771701397763794,0.0633868011238679,0.8904615314998077
12,8,1,-0.09021340181620001,0.10326545480398279,-0.8736067834743803,0.4159234368204703,0.9787437974965071
12,8,2,-0.043428202351639175,0.09389307998661658,-0.46252825402433123,0.663133153569199,0.996297741304507
12,8,3,0.05999062230881343,0.18235931985422582,0.328969324718033,0.755511012036333,0.996297741304507
12,8,4,0.12773098200776328,0.0967172936835751,1.3206633182306917,0.23474978579283393,0.9551865621300482
12,8,5,-0.13680636963988976,0.16107653172363162,-0.8493252752285918,0.42828126256443233,0.9787437974965071
12,8,6,0.02923631285811306,0.09586585130171288,0.3049710867928808,0.7706903472657872,0.996297741304507
12,8,7,0.1274314071678051,0.3051949977061283,0.4175409430861349,0.6936065652216914,0.996297741304507
12,8,9,0.033350389039598305,0.12954609867616315,0.25744031954763474,0.8054404921764422,0.996297741304507
12,8,10,0.07663113322018995,0.07580210311917847,1.0109367691117634,0.358438537352554,0.9787437974965071
12,8,11,-0.04313820124009893,0.17476454788120183,-0.24683611042884837,0.8148494069938159,0.996297741304507
12,8,12,0.08176407873266242,0.09894082272972934,0.8263937622106298,0.44019833934227204,0.9809403935722025
12,8,13,0.2541623147873738,0.13302348902053274,1.910657408378697,0.1286484207554691,0.9327221140485742
12,8,14,-0.1432587198681945,0.13113671483686606,-1.092437919047429,0.31655159885951706,0.9738435620968914
12,8,15,0.09694091249219734,0.0697514571968957,1.389804835433917,0.2139613787579528,0.9421242633606265
12,8,16,0.10959000578279987,0.15806972958914844,0.6933016591282254,0.5190004880376312,0.988077081434368
12,8,17,-0.08886471728229119,0.07685300124929165,-1.156294690338511,0.2998032832351907,0.9723653007063686
12,8,18,-0.029996590179514407,0.38058826126226913,-0.07881638303805825,0.9409640896068018,0.9976607232147003
12,8,19,0.026402240278364675,0.17375616173812258,0.1519499510929862,0.8851673440487955,0.9970118974932134
12,8,20,0.06942365466123053,0.14172567324068716,0.4898452981263402,0.6449779423278946,0.996297741304507
12,9,1,0.05544475039170027,0.16247649683387716,0.3412478202804193,0.7445500982175729,0.996297741304507
12,9,2,-0.10439117559317557,0.09376688158492748,-1.113305399812321,0.31621539004333604,0.9738435620968914
12,9,3,-0.24093268927908268,0.16787947755742058,-1.435152722555026,0.21071681431919473,0.9354813819309207
12,9,4,0.03140157666714916,0.12588410830137003,0.24944829884105363,0.8113342811728274,0.996297741304507
12,9,5,-0.18650455333026442,0.10489891578807205,-1.7779454813935618,0.12573370727772168,0.9325865412653606
12,9,6,0.0366440375116896,0.15967440308244094,0.22949224674753002,0.8261094923024759,0.996297741304507
12,9,7,0.03615455694619377,0.13296718311456032,0.2719058650341734,0.7965646612468131,0.996297741304507
12,9,8,0.1106729362841581,0.21713862284911545,0.5096879349766921,0.6284690608970742,0.996297741304507
12,9,10,-0.1510726064204739,0.10290956732652172,-1.4680132308754896,0.2020293156582134,0.9327221140485742
12,9,11,0.23593711769599582,0.17045627537151392,1.3841503762790812,0.2249080893722314,0.9497866821310842
12,9,12,-0.011348284877584665,0.19519343962215738,-0.05813865926792309,0.9555260866418542,0.9981155951445632
12,9,13,0.15832546998833866,0.18079303101950212,0.8757277263103376,0.43061651613081786,0.9787437974965071
12,9,14,0.08645595142263773,0.10430926504577387,0.8288424943255958,0.4389143769058954,0.9809403935722025
12,9,15,-0.17080995083913061,0.1124399084283467,-1.519122109090489,0.17953702889854734,0.9327221140485742
12,9,16,-0.12253175992899443,0.04496939206961575,-2.7247813298561376,0.04153761863139403,0.8473514992757766
12,9,17,0.02338265711261535,0.08427258588214875,0.27746457365195165,0.7925298518263089,0.996297741304507
12,9,18,-0.15056743241827225,0.3008914705288668,-0.5004044553111611,0.6430693131480836,0.996297741304507
12,9,19,0.2081144728332907,0.13794210434686235,1.5087088443167989,0.19174656572064108,0.9327221140485742
12,9,20,0.14988305622785844,0.20995912714329473,0.7138677811555726,0.5072376155017378,0.9870199575036301
12,10,1,0.13012636931431554,0.042259500737879284,3.079221643397164,0.027493944089535764,0.8413471823780126
12,10,2,-0.07981971123442703,0.15164840619301467,-0.5263471818642654,0.6264814993583366,0.996297741304507
12,10,3,-0.0654499032755518,0.11636022754398022,-0.5624765837644264,0.5980737659700441,0.996297741304507
12,10,4,0.03020389584693631,0.11855475485097389,0.25476747756467927,0.8090494835672292,0.996297741304507
12,10,5,0.018356186009388407,0.18812243106025722,0.0975757431255563,0.9260599337370357,0.9971125104614714
12,10,6,0.10687965217596716,0.10184799463624805,1.0494035995175002,0.3420445662666526,0.977783785791819
12,10,7,-0.1296077572719219,0.09465860554095848,-1.3692126197070567,0.22923236171022118,0.9532557270404519
12,10,8,0.0678340679422091,0.20490409979934612,0.33105276081984236,0.7540282552849717,0.996297741304507
12,10,9,-0.3168858860371121,0.12849086074495858,-2.4662134271450826,0.05679357802332644,0.8808799856679203
12,10,11,0.04395166434201197,0.12248630035699949,0.3588292259097653,0.7343771885485888,0.996297741304507
12,10,12,-0.015229403222705672,0.09747159781066657,-0.15624452214409923,0.88195286747257,0.9970118974932134
12,10,13,-0.1272103246023441,0.2077625473726521,-0.6122870854753323,0.5836323865614851,0.9929720478795291
12,10,14,0.06310810477859287,0.11670707304751703,0.5407393325026479,0.6118965671489605,0.996297741304507
12,10,15,-0.19744980980562107,0.11334839250520838,-1.741972739444066,0.14198353744498607,0.9327221140485742
12,10,16,-0.03734068911434827,0.16764052800066473,-0.22274261218013738,0.8325491264083442,0.996297741304507
12,10,17,0.08077799831765292,0.08369788225089965,0.965114004611742,0.38914081907220277,0.9787437974965071
12,10,18,0.10087663709343407,0.24759457371010984,0.40742668783660674,0.7045565299183056,0.996297741304507
12,10,19,0.05636247767304547,0.07401706074680957,0.7614795440889408,0.4887924378500724,0.9869113698394234
12,10,20,0.05982086194781084,0.11671939841347537,0.5125185938277758,0.63011822968383,0.996297741304507
12,11,1,0.1819059701807836,0.1916028664402748,0.9493906513999714,0.3860187823289511,0.9787437974965071
12,11,2,0.1769216311375865,0.109124410705594,1.6212837255385584,0.1802743685314822,0.9327221140485742
12,11,3,-0.10042969660883966,0.17424739427758895,-0.5763626883755368,0.5893424496250877,0.9948917408153415
12,11,4,0.06041099302874213,0.09543417521044222,0.63301215623121,0.5545428779178728,0.9921578326135176
12,11,5,-0.37227693856068866,0.18207887883859972,-2.0445915579732987,0.09630384934628236,0.9122920172343513
12,11,6,0.41973703092193654,0.19063153271572428,2.201823722131321,0.07891246497747686,0.8921703470566514
12,11,7,0.2859054743184089,0.1757083475670798,1.6271593141448915,0.1646318731437028,0.9327221140485742
12,11,8,0.036122552040137326,0.23532839445212106,0.15349848505991984,0.8840079774025511,0.9970118974932134
12,11,9,-0.05594225092362026,0.10668124543338228,-0.5243869313283311,0.6224175588322532,0.996297741304507
12,11,10,0.015478305133716586,0.15852012586628444,0.09764252361668743,0.9260095218251534,0.9971125104614714
12,11,12,-0.1341643266893898,0.23991155631635314,-0.5592241105381279,0.6001300695314826,0.996297741304507
12,11,13,0.39503491079499137,0.24101035201813387,1.6390786017508054,0.19972681266887624,0.9327221140485742
12,11,14,-0.1411957163635475,0.12085702706880108,-1.1682871884809791,0.2953602938256674,0.9723653007063686
12,11,15,-0.1969469778403219,0.19165695995456294,-1.0276014911537024,0.3622138746879339,0.9787437974965071
12,11,16,0.32716789643932376,0.10081838288338478,3.2451214459024715,0.022819098436402528,0.8413471823780126
12,11,17,-0.32705942320482767,0.11288769418991713,-2.8972105910118113,0.04424154494071569,0.8473514992757766
12,11,18,0.04348158383823691,0.31530494631716904,0.13790327220036808,0.8969802839883398,0.9970118974932134
12,11,19,-0.057084744344000904,0.27680689892312454,-0.20622587285892896,0.8466858753201385,0.9970118974932134
12,11,20,-0.18102892556798542,0.2840710517068877,-0.6372663616359572,0.5519837595944543,0.9921578326135176
12,12,1,0.23434126660950172,0.11196379721385569,2.093009280131923,0.08125939525408625,0.8921703470566514
12,12,2,-0.23811332623910986,0.10804305660686189,-2.203874397068689,0.07870898312647222,0.8921703470566514
12,12,3,-0.07952439306167916,0.07221415132726987,-1.1012300442357692,0.32096370107575756,0.9744064619799304
12,12,4,0.1313533064515675,0.06218946363217557,2.1121472799050776,0.07913759139756495,0.8921703470566514
12,12,5,0.016203398645258292,0.10588301247445854,0.15303114509528995,0.8833905442528561,0.9970118974932134
12,12,6,-0.050794379375602876,0.08519757327442369,-0.5961951429226348,0.5728344150006832,0.9921578326135176
12,12,7,0.06346817275101402,0.04946845468666385,1.2830029389788344,0.2557415288125015,0.9659348365379999
12,12,8,-0.10386610523010198,0.17635557541816319,-0.588958443662653,0.5773739606241405,0.9921578326135176
12,12,9,-0.18639758675435722,0.12240121269225372,-1.5228410131971732,0.18829551183988774,0.9327221140485742
12,12,10,-0.12076120004804183,0.18115030512203378,-0.666635366504203,0.5345276348265897,0.9909681566538422
12,12,11,0.12233095725209073,0.11285164377677183,1.083998009749735,0.3278461115424646,0.977783785791819
12,12,13,-0.009273056472450124,0.06998546681362282,-0.13249974451142196,0.9009869915548074,0.9970118974932134
12,12,14,0.0679314539987969,0.09649085114844327,0.7040196369869915,0.5078092484563336,0.9870199575036301
12,12,15,-0.03760140532131422,0.08262636163901606,-0.45507758752751143,0.6650558766026059,0.996297741304507
12,12,16,0.18949273663713148,0.09583183901792086,1.9773463451924196,0.10493351595134441,0.91983243509829
12,12,17,0.1518673582300318,0.07120836812466322,2.1327178564466975,0.08610731719825347,0.8964597406941458
12,12,18,-0.004210801686481416,0.05567531762299256,-0.07563139046497017,0.9433439526303502,0.9976607232147003
12,12,19,0.009827949284404613,0.14877328929328346,0.0660599045099035,0.9498901639775061,0.9977648266713631
12,12,20,-0.11398661846432967,0.08889687890334731,-1.2822342006740057,0.2559901543851098,0.9659348365379999
12,13,1,-0.4812972176391337,0.0776425553006691,-6.198884307312166,0.003444060194802284,0.7168717760835697
12,13,2,-0.29090144276808605,0.1819184676523871,-1.5990759295661308,0.2081026327497979,0.9330855509725452
12,13,3,0.2103578456227064,0.20841760534088452,1.0093093876481267,0.3871707079378524,0.9787437974965071
12,13,4,0.29323702003015584,0.16607250122788736,1.7657168878669778,0.15219809739260168,0.9327221140485742
12,13,5,-0.17628929381107977,0.1303922796861706,-1.3519918068310681,0.24776729042121529,0.9659348365379999
12,13,6,0.08952852026524433,0.0795349601349329,1.1256499042965693,0.32328170904187736,0.97468787269659
12,13,7,0.10928822023394316,0.23449430270013943,0.4660591706282513,0.6729264229256705,0.996297741304507
12,13,8,-0.09537320037324695,0.05823765040262026,-1.6376553606173339,0.200018236289447,0.9327221140485742
12,13,9,-0.04162066024976872,0.15907198109488171,-0.26164670838343046,0.8065143405543065,0.996297741304507
12,13,10,0.4219913163816428,0.31210116187510334,1.3520978705909568,0.2692431408234506,0.9659348365379999
12,13,11,-0.16801898346435284,0.16419246834253884,-1.0233050587485402,0.3814775014427033,0.9787437974965071
12,13,12,0.1867492363484287,0.11156916117005855,1.6738427930107278,0.16947499620543113,0.9327221140485742
12,13,14,-0.03515606448036207,0.20086018494919997,-0.17502754211382632,0.8722042756349494,0.9970118974932134
12,13,15,0.03737396138343296,0.15365937617917858,0.24322603873914495,0.8197943806938509,0.996297741304507
12,13,16,0.4749736743376835,0.277610967759305,1.7109326701666396,0.18561883281772976,0.9327221140485742
12,13,17,-0.32652305179143515,0.11587256808728993,-2.817949555952178,0.04792788429969148,0.8473514992757766
12,13,18,-0.026726887254303947,0.2797607285930185,-0.09553480714975301,0.9299139148809553,0.9971125104614714
12,13,19,-0.351567481164106,0.029670670766808595,-11.848989998080585,0.007047375479150961,0.7296406661547277
12,13,20,0.23125261021344634,0.24598805450261502,0.9400969111288608,0.41652089644653695,0.9787437974965071
12,14,1,-0.08661277882384207,0.14688981694588632,-0.5896445419028622,0.5769426547006204,0.9921578326135176
12,14,2,-0.04343145700845423,0.10100975687049013,-0.4299728892893979,0.6851161379574007,0.996297741304507
12,14,3,0.08283852381686817,0.1518843314265827,0.5454053294257344,0.6089136719248273,0.996297741304507
12,14,4,-0.0040927342853144,0.11301228747824711,-0.036214949512157826,0.9722857712999174,0.9998192749453514
12,14,5,-0.26200194799185744,0.17290772841850088,-1.5152703143274209,0.18048326633040743,0.9327221140485742
12,14,6,-0.1324510949419955,0.12033239732310502,-1.100710181857757,0.3211694983236481,0.9744064619799304
12,14,7,0.18227006853904923,0.1468989315119487,1.2407855296277814,0.2824858142333956,0.9710602551597926
12,14,8,-0.1665973513247402,0.14394724505801457,-1.1573500504052001,0.2994099425151853,0.9723653007063686
12,14,9,-0.0019285063134674909,0.0420520825525666,-0.045859947863721835,0.965197151776975,0.9981155951445632
12,14,10,-0.1425436860825883,0.16398105451140896,-0.8692692366592969,0.42445407384111516,0.9787437974965071
12,14,11,-0.0027907410348684005,0.2223441077866467,-0.012551450374091956,0.9904710711755528,0.9999842973802364
12,14,12,0.12629112671178547,0.1505268501069366,0.8389940174874271,0.43362062242522975,0.9787694477076764
12,14,13,-0.18279442232704912,0.08728403388853388,-2.094248102217555,0.12726052081771977,0.9327221140485742
12,14,15,-0.03396610595177245,0.18534039070438627,-0.18326337730540537,0.8606274379723786,0.9970118974932134
12,14,16,0.08202962209131552,0.19538224317727915,0.4198417458871454,0.6920313279536007,0.996297741304507
12,14,17,0.09531576846538939,0.12096118150696529,0.78798642074369,0.47477643508394196,0.9844454813806669
12,14,18,0.1894912799789742,0.17910936136135439,1.0579641317329933,0.34973084348758565,0.9787437974965071
12,14,19,0.06593047230203518,0.15943641054911276,0.41352205606330084,0.6963622909893995,0.996297741304507
12,14,20,-0.16599203160372944,0.20198974395789812,-0.821784454746902,0.44859749825642264,0.9809403935722025
12,15,1,0.052405771472180895,0.15412568210443714,0.3400197212838947,0.7454292106254968,0.996297741304507
12,15,2,-0.005682360267919628,0.0981453765583528,-0.05789738108023108,0.9560729793015272,0.9981155951445632
12,15,3,0.10346404345008672,0.2774341844018444,0.37293184930611584,0.7244862795182944,0.996297741304507
12,15,4,-0.25858185932142647,0.0866281234143863,-2.9849643409855844,0.024478999042507547,0.8413471823780126
12,15,5,0.012733718149431849,0.19227664305033557,0.06622602697526864,0.9493494477670746,0.9977648266713631
12,15,6,0.052757071027771184,0.1809379646277724,0.29157546419852814,0.7804292948073983,0.996297741304507
12,15,7,-0.0397180424588955,0.12066509497991275,-0.3291593353088418,0.7553757341711769,0.996297741304507
12,15,8,0.1490953464139608,0.1577637583668903,0.9450544786482864,0.3811158972100387,0.9787437974965071
12,15,9,-0.03704163503843815,0.08871236389974074,-0.4175476045242534,0.6908075077926825,0.996297741304507
12,15,10,-0.00022330743428372872,0.1074155235164295,-0.002078912125280424,0.9984216634636555,0.9999842973802364
12,15,11,0.08502032304929687,0.069160531082084,1.229318539314861,0.27364329955169564,0.9670747067692197
12,15,12,0.27326730325787185,0.10327928152344752,2.6459063156165157,0.038237259726908786,0.8473514992757766
12,15,13,-0.08184242273995165,0.192937218623052,-0.424191990138646,0.6932449300236072,0.996297741304507
12,15,14,-0.042579655997603494,0.10227430196929536,-0.41632800397865694,0.6916522603606493,0.996297741304507
12,15,16,0.08776429298762499,0.06115528024133338,1.4351057282355826,0.2107294902454916,0.9354813819309207
12,15,17,-0.18984349697696815,0.10273810810069714,-1.8478391366623979,0.12389243887923354,0.9272249539364997
12,15,18,-0.15630165073115476,0.25131731954157566,-0.6219294834738825,0.5676823074384765,0.9921578326135176
12,15,19,0.04484872284151586,0.06228717907659148,0.7200313693071179,0.5037485987244463,0.9870199575036301
12,15,20,0.04744243947674853,0.1576096814643506,0.30101221597341044,0.7755207328977493,0.996297741304507
12,16,1,-0.10716091777380474,0.10813175995193007,-0.9910216741173181,0.36717990718553345,0.9787437974965071
12,16,2,-0.0474976957886832,0.1168290824946645,-0.40655712408291683,0.7051457909103527,0.996297741304507
12,16,3,-0.17654388915205546,0.09279923789414689,-1.9024282220025446,0.11550284599410274,0.9266880947092055
12,16,4,-0.10093154525581356,0.12840916408175204,-0.7860151257644602,0.46745573778663047,0.9831823609235607
12,16,5,-0.10803883976451457,0.1339530253704061,-0.8065427373884216,0.4565627493107345,0.9823636982311391
12,16,6,0.10711419366243714,0.09486698659295156,1.1290987255756937,0.310097072181218,0.9723653007063686
12,16,7,0.13000527535311115,0.14862467607292115,0.8747220097452101,0.4217467591322277,0.9787437974965071
12,16,8,-0.09994776269190836,0.11716977689762487,-0.8530165827522487,0.4326031238511864,0.9787437974965071
12,16,9,-0.03346366795167374,0.12121847364704398,-0.27606079291870145,0.7935481029324475,0.996297741304507
12,16,10,0.07590667060031443,0.11188285831155047,0.6784477242104887,0.5276114372509909,0.9900419620498572
12,16,11,0.046059127236227806,0.09015845315304861,0.5108686498594779,0.6311930416681348,0.996297741304507
12,16,12,-0.05964840683202406,0.08672731176165482,-0.6877695805360928,0.5221962321316075,0.9900419620498572
12,16,13,0.280928708400124,0.05811630175527988,4.833905460437658,0.016881392705123403,0.8007238270101881
12,16,14,-0.01764497485059891,0.08994848593985191,-0.19616755819772047,0.8522027146700627,0.9970118974932134
12,16,15,-0.15350983636813395,0.02148979850801807,-7.143381837838752,0.0008349527074315625,0.6579150864527538
12,16,17,-0.1275733201037103,0.12139639552826322,-1.0508822732958172,0.3526077288186203,0.9787437974965071
12,16,18,0.1705208046424431,0.1123980689122141,1.5171150740508477,0.20383674364862608,0.9327221140485742
12,16,19,-0.02684192771003977,0.062089875992256904,-0.4323076392189101,0.6878035309523638,0.996297741304507
12,16,20,0.0501526273009348,0.07401526434053482,0.6775984352296756,0.5281066814090298,0.9900419620498572
12,17,1,0.09516282416132694,0.07250832799397092,1.312439919562444,0.2463862587815163,0.9659348365379999
12,17,2,-0.08388199104134765,0.09557033680971422,-0.87769902085292,0.42966376485809976,0.9787437974965071
12,17,3,-0.08743667884683044,0.19490526667014182,-0.44861116551745056,0.6769413586850029,0.996297741304507
12,17,4,-0.25206801919693556,0.16625771488676092,-1.5161282552638498,0.1899271793271655,0.9327221140485742
12,17,5,-0.0648087200609211,0.062379720966857566,-1.0389389220627507,0.3464408515149996,0.977783785791819
12,17,6,-0.12604217692552616,0.12805391408078412,-0.9842899206113049,0.3701741528268903,0.9787437974965071
12,17,7,0.31563889697044806,0.1612457260211619,1.9575024080146226,0.12190329732824666,0.9272249539364997
12,17,8,-0.21305146923941148,0.1322466124576042,-1.611016458407211,0.16809245140210632,0.9327221140485742
12,17,9,-0.06418647719661262,0.1434893262884459,-0.4473257966737958,0.673352708901929,0.996297741304507
12,17,10,0.18164043498213292,0.12556658581950356,1.4465666466538039,0.2215604084695995,0.944676581588624
12,17,11,0.011981307474148564,0.11266439585996937,0.1063451091410794,0.9204285317749261,0.9971125104614714
12,17,12,0.05495785332093893,0.12589436769426315,0.43653941258093903,0.6806525775311555,0.996297741304507
12,17,13,-0.27853230316201794,0.19545851247184734,-1.4250200701834923,0.22727714728241905,0.9522085553177425
12,17,14,-0.06453222894170757,0.14316896512644695,-0.45074174339572765,0.6710493262932625,0.996297741304507
12,17,15,0.08501895366720351,0.09415674110943179,0.9029513199430828,0.40794504845164914,0.9787437974965071
12,17,16,-0.04668244875287763,0.09370110407554905,-0.49820596259720096,0.6444868725741816,0.996297741304507
12,17,18,-0.00349535879682646,0.2251884401940631,-0.015521928185117781,0.9885903608331231,0.9999842973802364
12,17,19,-0.0447716904574311,0.06903851554816937,-0.6485030870274813,0.5520089674166371,0.9921578326135176
12,17,20,-0.14253632335137834,0.1496872229689842,-0.9522277220679028,0.3949036619346397,0.9787437974965071
12,18,1,0.10254160239145296,0.05374482484840316,1.9079344416654416,0.15243555695522062,0.9327221140485742
12,18,2,-0.09324710668811287,0.12989587485999024,-0.7178604154127486,0.5246952304422756,0.9900419620498572
12,18,3,-0.17447738468894963,0.10416126736831749,-1.6750697173289673,0.16923113113006202,0.9327221140485742
12,18,4,0.056188794181145675,0.12018068418593807,0.4675359818533351,0.6644509644582401,0.996297741304507
12,18,5,0.4831911615760149,0.3020204079029505,1.5998626216334393,0.18487906146045904,0.9327221140485742
12,18,6,-0.20958693479979199,0.23234822473701802,-0.9020380294969316,0.41804247805823325,0.9787437974965071
12,18,7,0.2920358424009877,0.23029253803330893,1.268108141469526,0.2735445565663088,0.9670747067692197
12,18,8,-0.10830172311612453,0.26311581976345927,-0.41161235844000565,0.7082641699811748,0.996297741304507
12,18,9,-0.22937710641487383,0.22227982392531342,-1.0319294948286137,0.3604107188588802,0.9787437974965071
12,18,10,-0.02635118194879824,0.1374136736390835,-0.19176535530094155,0.8572673210358518,0.9970118974932134
12,18,11,-0.0004326197025311303,0.10105984191827731,-0.004280827025998023,0.9967893919879753,0.9999842973802364
12,18,12,-0.1781319827373754,0.17099224448067604,-1.0417547490375476,0.3563466893274585,0.9787437974965071
12,18,13,0.2024029082575089,0.22336278164655884,0.906162193918581,0.4316506843027627,0.9787437974965071
12,18,14,0.05176848102819915,0.3461191449301558,0.14956838356484461,0.888343465174473,0.9970118974932134
12,18,15,-0.16755017761841212,0.13688103180497915,-1.2240569449820096,0.2880969507241567,0.9710602551597926
12,18,16,-0.18638745844630433,0.0939655242050456,-1.9835728052514012,0.11831699722890669,0.9266880947092055
12,18,17,0.11006061325062326,0.14855931561896873,0.7408529905466888,0.5125012154931662,0.9870199575036301
12,18,19,0.02903554022184889,0.4345524116731641,0.06681711904436582,0.9509310540011269,0.9977648266713631
12,18,20,0.14485021314527183,0.363837176312173,0.3981182313832382,0.7108773508822845,0.996297741304507
12,19,1,-0.03589206653009668,0.13288177972015183,-0.2701052514905733,0.7978731973235559,0.996297741304507
12,19,2,-0.18208356250624308,0.07548073251427095,-2.4123184346336948,0.07337036871548423,0.8921703470566514
12,19,3,-0.10816308307725662,0.14864246290823016,-0.72767283964682,0.5071212488400842,0.9870199575036301
12,19,4,0.13376885119806858,0.1263906724015598,1.0583759754992754,0.3383128160236132,0.977783785791819
12,19,5,-0.3172096863817421,0.11357729478493098,-2.792897004455114,0.03831354270024066,0.8473514992757766
12,19,6,0.08654428783203605,0.07031044212673589,1.2308881186496803,0.2731041824698487,0.9670747067692197
12,19,7,0.1813009501276764,0.17510765899087302,1.0353684765786906,0.35898360858454004,0.9787437974965071
12,19,8,-0.0523694425361732,0.23660454135201187,-0.2213374360301836,0.8335850091925601,0.996297741304507
12,19,9,-0.13753922733768267,0.04905843015737181,-2.8035798718726763,0.037833509323615226,0.8473514992757766
12,19,10,0.02203743662552041,0.13487849828417953,0.16338732196532682,0.8781362811711383,0.9970118974932134
12,19,11,0.05306671187883458,0.21854554846732036,0.24281762886845967,0.8200896673994305,0.996297741304507
12,19,12,-0.1255607199229787,0.07486527399783927,-1.6771556853572116,0.15435641371270872,0.9327221140485742
12,19,13,0.08150253211132184,0.10768156790576716,0.7568847082714133,0.50413603150918,0.9870199575036301
12,19,14,-0.11172714476222027,0.06852351516558933,-1.6304934808232976,0.16392595642030813,0.9327221140485742
12,19,15,0.05022730778302437,0.10692124114820904,0.4697598647674876,0.6583006389277635,0.996297741304507
12,19,16,-0.13567178415669195,0.10366172431382656,-1.30879343415752,0.26073260627021316,0.9659348365379999
12,19,17,0.19009448082042535,0.05856351695780991,3.245953977697864,0.03149599682688289,0.8473514992757766
12,19,18,0.11531924720631934,0.06061440188815139,1.9025057348121566,0.15325266585653333,0.9327221140485742
12,19,20,-0.09273714330303423,0.12072621098478628,-0.7681608040689081,0.48523011699906,0.9853788426768277
12,20,1,0.14982716020475428,0.08798739928877866,1.7028251933133274,0.149331910377253,0.9327221140485742
12,20,2,0.03655138727086164,0.14088639873559083,0.2594387222516787,0.8081021065098912,0.996297741304507
12,20,3,-0.13644917815648502,0.1453728241418629,-0.9386154459129975,0.3910202959687313,0.9787437974965071
12,20,4,0.2597332027552068,0.08867214239026908,2.929140942700183,0.0326652877033863,0.8473514992757766
12,20,5,-0.10981026319701782,0.08816677938844214,-1.245483434434801,0.2809288205052871,0.9710602551597926
12,20,6,-0.2756296708387652,0.05154469181136764,-5.34739196505644,0.003070700547369049,0.7168717760835697
12,20,7,0.015153178311309879,0.12636894927919662,0.11991219676687258,0.9092219640387273,0.9970118974932134
12,20,8,0.15311716682013884,0.1373449886955892,1.1148362111586916,0.31561780335291517,0.9738435620968914
12,20,9,-0.16067063804530277,0.11891089911365292,-1.3511851246737732,0.23455487435682695,0.9551865621300482
12,20,10,-0.25639710473269106,0.2029731624548841,-1.2632069266222257,0.2622148489884571,0.9659348365379999
12,20,11,-0.38526499269050063,0.17966710847496353,-2.1443267827847445,0.08485161035318338,0.896144186594051
12,20,12,0.10849173397405014,0.14145485123448948,0.7669707544595737,0.4777309621629368,0.9844454813806669
12,20,13,-0.05635828584897934,0.1971205634292661,-0.2859076946019221,0.7935543232823014,0.996297741304507
12,20,14,0.26448832296138813,0.18227002217931476,1.4510796662971657,0.20646243406477358,0.9327221140485742
12,20,15,-0.20907643681262741,0.11454508572233077,-1.8252763572731983,0.12754036908218455,0.9327221140485742
12,20,16,0.25051670396161874,0.20861047596865212,1.2008826632372143,0.28357758596966604,0.9710602551597926
12,20,17,-0.05018107682970355,0.22226507470660223,-0.22577130885596206,0.8324459340742243,0.996297741304507
12,20,18,-0.09560026161319435,0.08739669692368938,-1.0938658436436568,0.33546749055581193,0.977783785791819
12,20,19,0.3091585707859694,0.06450109022318029,4.7930751203034925,0.008692003846708481,0.7296406661547277
13,1,2,0.12500904515618874,0.08570894502783992,1.4585297382218956,0.20450068225531282,0.9327221140485742
13,1,3,-0.0047753534040269555,0.03755834235505788,-0.12714494582204922,0.9037807478618126,0.9970118974932134
13,1,4,-0.16810345818050426,0.07672214507027646,-2.1910682766277283,0.07097023823017247,0.8921703470566514
13,1,5,0.07810105874828764,0.07127628901002726,1.0957509128485141,0.31520995734645696,0.9738435620968914
13,1,6,-0.07680330624122955,0.10537028616830599,-0.7288896047774244,0.49352618795588865,0.9870199575036301
13,1,7,-0.12304172575118773,0.02638331548389136,-4.663618786715744,0.005514115825304257,0.7225393150398682
13,1,8,0.18830916272645598,0.06919650895563054,2.7213679644515048,0.0345799106951793,0.8473514992757766
13,1,9,0.018417396588853524,0.05864152538998158,0.31406748828682274,0.7641029305370636,0.996297741304507
13,1,10,0.00795974847216073,0.03376645388155475,0.23572947576449804,0.8229938516905078,0.996297741304507
13,1,11,0.014356585715084873,0.06357103694492933,0.22583532383302068,0.8302705680984855,0.996297741304507
13,1,12,0.03807888614551841,0.1288145719925186,0.2956100816562459,0.7774913330249046,0.996297741304507
13,1,13,-0.16525987297727773,0.049777906299845416,-3.3199442334614826,0.02938006230012247,0.8442257097777721
13,1,14,-0.07716725172346278,0.052902808496597765,-1.4586607765250654,0.19493821293249086,0.9327221140485742
13,1,15,0.05754325941990112,0.11420403173036887,0.5038636425310673,0.6323190503222658,0.996297741304507
13,1,16,0.030536909653780066,0.04048165258976894,0.7543395019585594,0.4846356646239622,0.9853788426768277
13,1,17,0.10553923734106607,0.10407882061254187,1.0140318339400378,0.3570956313630695,0.9787437974965071
13,1,18,0.01887927191482757,0.03989494565730112,0.4732246554871363,0.6607217516187214,0.996297741304507
13,1,19,0.023019608958778644,0.04219122424951955,0.5456018252064628,0.6087882435019226,0.996297741304507
13,1,20,0.08441510363764561,0.043105167577736976,1.9583522899766224,0.10751443676511638,0.9243322617815436
13,2,1,-0.20462830100390642,0.056857038636731645,-3.59899681563982,0.015559700558935113,0.7936491560262205
13,2,3,-0.0010792215570219266,0.03144965346878235,-0.0343158489189355,0.9742694253551587,0.9998192749453514
13,2,4,0.1476709687664257,0.08165357301418501,1.8085059026010228,0.1303227771872444,0.9327221140485742
13,2,5,-0.02893793122722081,0.10889561948051302,-0.26574008545985217,0.8010485531164914,0.996297741304507
13,2,6,0.045304747352503436,0.10246340656091693,0.44215538866674836,0.676846854952427,0.996297741304507
13,2,7,-0.03153555589233099,0.052272224990068915,-0.6032946923097126,0.5788513232730949,0.9921673560837891
13,2,8,-0.07057009058607261,0.14459904395383238,-0.4880398144825646,0.6461694753023042,0.996297741304507
13,2,9,-0.0683210844333534,0.08536633131917758,-0.8003282251536176,0.4598404676909929,0.9831823609235607
13,2,10,-0.036734684416760456,0.015596288750474637,-2.3553478011419333,0.07805817665286689,0.8921703470566514
13,2,11,-0.004922756291457977,0.04953779501987881,-0.09937374663896872,0.9256226263794046,0.9971125104614714
13,2,12,0.020425207768910596,0.09850350704614157,0.20735513263639993,0.843913130326675,0.9970118974932134
13,2,13,0.31868927851744644,0.1800405490109468,1.770097237907775,0.17484943892381832,0.9327221140485742
13,2,14,0.1622826724270287,0.13556500142862374,1.1970838396020302,0.284928908911519,0.9710602551597926
13,2,15,-0.097451184782801,0.13862907680167688,-0.7029635270637483,0.5134512014322923,0.9870199575036301
13,2,16,-0.05049292824790891,0.05008926922297364,-1.0080587924357673,0.37045505078740226,0.9787437974965071
13,2,17,-0.1413743031095101,0.23877183715990552,-0.5920895227448437,0.5856371207185278,0.9941572743937483
13,2,18,-0.019534531371588053,0.03638785143565896,-0.53684212176122,0.6286363920530066,0.996297741304507
13,2,19,-0.07313486397192161,0.08289346237213431,-0.8822754156740898,0.42745859070749676,0.9787437974965071
13,2,20,0.015371627097244222,0.040713078564410365,0.37755993009833166,0.7249365860627763,0.996297741304507
13,3,1,-0.0024549920487059937,0.07058141412115909,-0.034782415161830074,0.9739197615937901,0.9998192749453514
13,3,2,-0.046303067565928786,0.06954541533689801,-0.6657961181331307,0.5419716220169308,0.9909681566538422
13,3,4,0.07966426142230314,0.04207464240290431,1.8934031728077314,0.11684844241484729,0.9266880947092055
13,3,5,-0.11418585796944113,0.033240769383814386,-3.4351147726925193,0.01853285900474457,0.8283502304415695
13,3,6,0.04759352629326713,0.0617458077400026,0.7707976951714962,0.4756531109473438,0.9844454813806669
13,3,7,-0.018557058504564083,0.05422264896539417,-0.3422381395653554,0.7460884314084876,0.996297741304507
13,3,8,0.044179584372903896,0.060690281686566656,0.7279515458560604,0.4992898928049134,0.9870199575036301
13,3,9,-0.06318054862712051,0.07206037660176387,-0.87677239012233,0.42073220889963014,0.9787437974965071
13,3,10,-0.08687707311740667,0.082053486029474,-1.0587858885744503,0.3381431538566547,0.977783785791819
13,3,11,0.03240818272045192,0.05069269836689199,0.6393067199788044,0.5507591082833634,0.9921578326135176
13,3,12,0.0676074168188244,0.0455613086607068,1.4838778517274425,0.19795904519892696,0.9327221140485742
13,3,13,-0.09990266846263754,0.04791283485641918,-2.0850919959115686,0.12837675803585372,0.9327221140485742
13,3,14,0.029047623039454875,0.03543912719313414,0.8196483756592859,0.44970749240530467,0.981074365092707
13,3,15,-0.002909579620638938,0.03535008529390828,-0.08230757002043287,0.9375955209657507,0.9971125104614714
13,3,16,0.024787763212751734,0.04801363429160976,0.516265089655316,0.6276815240712034,0.996297741304507
13,3,17,0.12158308934541333,0.05480377373575245,2.2185167380887387,0.09076183927962,0.9113969002834877
13,3,18,-0.00041560007299970233,0.04408176491485297,-0.009427936331338711,0.992929178687721,0.9999842973802364
13,3,19,-0.0020666148239561356,0.06918099992501107,-0.029872578109110526,0.977599730664598,0.9998328560154682
13,3,20,-0.06150494492925726,0.04758532514027356,-1.292519169442648,0.25268206991893555,0.9659348365379999
13,4,1,0.10993297677987816,0.07235855264755035,1.5192810352886539,0.1794980869503939,0.9327221140485742
13,4,2,-0.14823803857846837,0.09228424557163943,-1.6063201000195226,0.16911265224140917,0.9327221140485742
13,4,3,0.007239911780846485,0.03060148106261894,0.23658697321855346,0.8223641359007472,0.996297741304507
13,4,5,-0.2924810975872971,0.08108477556799164,-3.6071025113516804,0.011270039334684982,0.7296406661547277
13,4,6,0.10280858888142959,0.10772948804276053,0.9543217066033765,0.3767706630843584,0.9787437974965071
13,4,7,-0.0327846272016909,0.026273644090631678,-1.2478142387615356,0.2673510938024024,0.9659348365379999
13,4,8,0.3341331697321809,0.07072517435005869,4.724388066880448,0.003243268779582304,0.7168717760835697
13,4,9,0.017915362445596834,0.0737754118807988,0.2428364950954174,0.8162205005541093,0.996297741304507
13,4,10,0.03508771995001906,0.030751205239225456,1.141019341385717,0.3055475881923346,0.9723653007063686
13,4,11,0.07365027412709797,0.03300242293415411,2.231662634946898,0.07600613072562704,0.8921703470566514
13,4,12,0.02432327151106808,0.08156591722915191,0.29820386182179365,0.7756046956835774,0.996297741304507
13,4,13,0.11946386982323959,0.038915989077405726,3.0697888619135587,0.03730064370955671,0.8473514992757766
13,4,14,-0.14668889121528303,0.053676025489452085,-2.732856799193825,0.034056717854473735,0.8473514992757766
13,4,15,-0.21516600697686053,0.055025228306169106,-3.9103155697189007,0.007889528120397941,0.7296406661547277
13,4,16,-0.03423318711582717,0.02495158971247231,-1.3719842105829183,0.22842417011746505,0.9532557270404519
13,4,17,-0.1680393013394158,0.10331246631167397,-1.6265152438704427,0.16476858371385156,0.9327221140485742
13,4,18,0.08004789689487705,0.046780657008140755,1.7111323784793364,0.1622254724085993,0.9327221140485742
13,4,19,-0.17186311317927908,0.12770168671589216,-1.3458170960599012,0.23616193115300263,0.9577538296493169
13,4,20,0.04018523670359868,0.045370437200833405,0.8857141165475656,0.41632989709081586,0.9787437974965071
13,5,1,-0.20079074592281312,0.12367340036062796,-1.6235564424984654,0.15559663178689803,0.9327221140485742
13,5,2,0.2157382872904062,0.19009810743579253,1.1348786697528748,0.3078838304317369,0.9723653007063686
13,5,3,0.043047305100471125,0.053792759925255916,0.8002434743910584,0.4598852879642992,0.9831823609235607
13,5,4,-0.07219597846165537,0.13549950201644617,-0.5328136073323709,0.6133092507843227,0.996297741304507
13,5,6,0.054411231114724054,0.03763129112485189,1.445903913654047,0.20783589519251874,0.9327221140485742
13,5,7,0.01929102843358005,0.01767982465325182,1.0911323393097538,0.32498145650173144,0.97468787269659
13,5,8,0.13648162544853448,0.13023125372657546,1.0479944064274607,0.33500999378500623,0.977783785791819
13,5,9,0.15168011175370866,0.08091545907557153,1.8745504689057186,0.1099828104599911,0.9266880947092055
13,5,10,-0.027529748219655578,0.050786299284641304,-0.5420703734449697,0.6110447816669095,0.996297741304507
13,5,11,0.0057624407501777886,0.027001772300179253,0.21340972310643938,0.8394363548205002,0.9967052234147373
13,5,12,0.018046282563382306,0.06268556471830368,0.2878857779169859,0.7831195658099802,0.996297741304507
13,5,13,0.16339045365705304,0.07951336312847714,2.054880427972755,0.10908428807550544,0.9266880947092055
13,5,14,-0.15091028446532237,0.06862909699673371,-2.198925689934486,0.07020601413892816,0.8921703470566514
13,5,15,-0.14810324264178326,0.05115931211767949,-2.8949420253777656,0.027515465831351445,0.8413471823780126
13,5,16,0.01580191668721571,0.023204981847918377,0.6809708703974817,0.5261419696222995,0.9900419620498572
13,5,17,-0.15387179399968873,0.12966887691941206,-1.186651705899573,0.2886694288709801,0.9710602551597926
13,5,18,-0.06413360784226996,0.027339088270669363,-2.3458575942610933,0.07887154846336267,0.8921703470566514
13,5,19,-0.030741477477527018,0.05139324040070996,-0.5981618834936158,0.5757937844535701,0.9921578326135176
13,5,20,-0.063622043456503,0.06435321343121836,-0.9886381745880416,0.3682377886137585,0.9787437974965071
13,6,1,0.10070620159579909,0.10332405514139435,0.9746636584966829,0.3673684754891745,0.9787437974965071
13,6,2,-0.004274786251767911,0.10036186137615173,-0.042593732251573244,0.9676739970696207,0.9985828574077232
13,6,3,-0.029089817599519986,0.025828556193610016,-1.1262657262116162,0.31118693394036384,0.9723653007063686
13,6,4,0.018950224789746076,0.1209282394417293,0.15670636467605864,0.880616300456434,0.9970118974932134
13,6,5,-0.12377193122960159,0.0389456935142225,-3.1780646345718173,0.01912262273261784,0.8394596075808679
13,6,7,0.06850127427589549,0.028457274980197827,2.4071621165819765,0.06107779236578412,0.8872441397771501
13,6,8,-0.014879689262043229,0.12244069380794836,-0.12152568561283154,0.907242521773292,0.9970118974932134
13,6,9,0.06110569990907652,0.05449954375574708,1.1212148890973348,0.30505520498364946,0.9723653007063686
13,6,10,-0.028165480335953178,0.044352335711881526,-0.6350393927004142,0.5533224356701824,0.9921578326135176
13,6,11,-0.010583658327895783,0.019934796441408054,-0.5309137897882299,0.6182057661935019,0.996297741304507
13,6,12,-0.04908660016518686,0.10215851674327077,-0.48049444852516143,0.6478930397621403,0.996297741304507
13,6,13,0.056418687361671646,0.05107051708388368,1.1047212869981096,0.3312593561872893,0.977783785791819
13,6,14,-0.04033754455490371,0.08165879443887822,-0.4939767336952601,0.6388834735829365,0.996297741304507
13,6,15,-0.09361681949209574,0.06664048599159876,-1.4048039731056736,0.20967815759766167,0.933394762406013
13,6,16,-0.09534931739305241,0.03519504344035984,-2.7091689076025296,0.04231813977866976,0.8473514992757766
13,6,17,0.007988062239936347,0.07098550110229968,0.11253089878610481,0.9147807564531535,0.9970118974932134
13,6,18,-0.03230517208953588,0.0258518418130497,-1.2496274858056338,0.2795621811145562,0.9710602551597926
13,6,19,0.13263044308215757,0.0489635504769489,2.7087586947333135,0.04233886492727928,0.8473514992757766
13,6,20,0.009355157503289767,0.0392385213365598,0.23841768711949007,0.8210202323043044,0.996297741304507
13,7,1,-0.10112279103730573,0.03662189006367949,-2.7612663043526275,0.03977489604981501,0.8473514992757766
13,7,2,0.006684465083171094,0.0280944566231094,0.2379282565456271,0.8236275454222742,0.996297741304507
13,7,3,-0.005575514996286217,0.02691868298429993,-0.20712436040540913,0.8440838972928756,0.9970118974932134
13,7,4,0.023352546532504268,0.029471899845335336,0.7923665136710902,0.46406511579726056,0.9831823609235607
13,7,5,-0.028912237311999323,0.050953980244780504,-0.5674186230896759,0.5949573944827007,0.996297741304507
13,7,6,0.1007015371042616,0.04556961738080637,2.2098394256974077,0.07812026502007324,0.8921703470566514
13,7,8,0.015949261296196535,0.032494356641926105,0.4908317303050414,0.6443274534883627,0.996297741304507
13,7,9,-0.09165381372597162,0.03511589903535872,-2.610037511244522,0.04766763074402151,0.8473514992757766
13,7,10,3.872655118703493e-05,0.0407280558638616,0.0009508568568932484,0.9992780968826581,0.9999842973802364
13,7,11,0.020708204919511367,0.04737498385920819,0.43711265381358516,0.6802636182563584,0.996297741304507
13,7,12,-0.06316163250634167,0.04324259580254826,-1.4606346203934168,0.20394966690440883,0.9327221140485742
13,7,13,-0.046646348354621704,0.07341480305466437,-0.6353806918102557,0.5703310942703932,0.9921578326135176
13,7,14,0.16421910482276675,0.02365447182328668,6.942412666942688,0.0009522455198658278,0.6579150864527538
13,7,15,0.0498852431025212,0.048392276971126205,1.0308513304975284,0.3498709860893885,0.9787437974965071
13,7,16,0.009644561065397203,0.04644611675437208,0.20765053656033983,0.84369455135249,0.9970118974932134
13,7,17,0.042485445663530685,0.057899805240498696,0.7337752775907435,0.5037752881457533,0.9870199575036301
13,7,18,0.07373297929924136,0.054409408725069115,1.3551512693412853,0.24684418389659138,0.9659348365379999
13,7,19,0.00898936416790406,0.033308085489902176,0.2698853457176165,0.8005999389944117,0.996297741304507
13,7,20,0.07001176076909983,0.02607676287657756,2.6848332784933344,0.043567240140641415,0.8473514992757766
13,8,1,-0.0835020029715568,0.10420204753072634,-0.8013470459506372,0.45348759070835576,0.9823636982311391
13,8,2,0.005501311109349293,0.09654166509749551,0.05698380179932306,0.9567652096059492,0.9981155951445632
13,8,3,0.016824788036594897,0.054353667782543774,0.30954282797616106,0.7693932517824209,0.996297741304507
13,8,4,0.17930156663039568,0.08194669336161302,2.1880268656721586,0.07126834738267578,0.8921703470566514
13,8,5,-0.16465011381779712,0.15667387676028252,-1.0509098084594386,0.3337727354702345,0.977783785791819
13,8,6,0.087585642190656,0.08974509036206722,0.9759379798529914,0.3667856719358171,0.9787437974965071
13,8,7,0.004544566062778963,0.09155266089435765,0.049638820088181664,0.9623321046425275,0.9981155951445632
13,8,9,0.10386917815528099,0.12316425017828372,0.843338696123949,0.4313693062500426,0.9787437974965071
13,8,10,0.05333708667601149,0.024531123812414977,2.174261851258678,0.08170235847703998,0.8921703470566514
13,8,11,-0.014618939359053366,0.051848295132604,-0.28195602808892584,0.7892750738296331,0.996297741304507
13,8,12,-0.006897848004943742,0.10438191450327422,-0.06608278874460853,0.9494588122456181,0.9977648266713631
13,8,13,0.2401283772480293,0.1015187714351263,2.365359370006891,0.07721037846730402,0.8921703470566514
13,8,14,-0.08363097580983117,0.13946920324720966,-0.5996375820760611,0.5706825355537813,0.9921578326135176
13,8,15,0.07657589005462616,0.07385263401975235,1.0368741896613813,0.33976358180174876,0.977783785791819
13,8,16,0.042157246697928016,0.0488013106826384,0.8638548044583988,0.4271556214554575,0.9787437974965071
13,8,17,-0.15194861718849015,0.05455808455107757,-2.785079762898383,0.038669087426246106,0.8473514992757766
13,8,18,0.13765027607066424,0.0783089128726462,1.7577855574724568,0.15361336023679417,0.9327221140485742
13,8,19,-0.12998068763091794,0.16550286582822604,-0.7853681987902154,0.4678021104648852,0.9831823609235607
13,8,20,0.012931651277705744,0.04278367584245204,0.3022566673565733,0.7746256840332224,0.996297741304507
13,9,1,0.3372141651766377,0.08921173658618455,3.779930512249206,0.009181102519393058,0.7296406661547277
13,9,2,-0.027769980819398486,0.10476883185424306,-0.2650595633037858,0.8015439804189692,0.996297741304507
13,9,3,0.002713873858412414,0.05882415061945778,0.046135368378248824,0.9649883140636725,0.9981155951445632
13,9,4,0.17485996820662927,0.10447559960545236,1.6736919325211512,0.14521623676058926,0.9327221140485742
13,9,5,-0.22111025873735612,0.09302051729606908,-2.377005258218693,0.054992378736951494,0.8737966532283991
13,9,6,-0.1740949165858261,0.14376441358835051,-1.2109736494534162,0.27143521042877494,0.9663965643755636
13,9,7,0.038339355752932895,0.03949870748648179,0.9706483627365192,0.37630324201561555,0.9787437974965071
13,9,8,0.15313340808308512,0.21279636406410346,0.7196241757036558,0.4988154317063468,0.9870199575036301
13,9,10,-0.12675143878629963,0.03630183171387387,-3.49159898546844,0.017440552948994357,0.8082207464168117
13,9,11,0.0057054983061127044,0.05911565918589254,0.09651416197652347,0.9268613631849294,0.9971125104614714
13,9,12,0.24190247466713768,0.16843141816484503,1.4362075514257666,0.200963433148515,0.9327221140485742
13,9,13,0.09893777408863319,0.1612617525816513,0.6135228751028532,0.5727028797693973,0.9921578326135176
13,9,14,-0.08328645870913896,0.10473819420425899,-0.795187078993549,0.4567995058571584,0.9823636982311391
13,9,15,-0.012682054482374963,0.13220666000096382,-0.09592598801139504,0.9267030701121725,0.9971125104614714
13,9,16,-0.012552571332202611,0.02090361372088541,-0.6004976698866414,0.5743536336435802,0.9921578326135176
13,9,17,-0.02559208898772968,0.08476283424401851,-0.30192582888099595,0.774863594895704,0.996297741304507
13,9,18,0.000963419756270588,0.06376962384960722,0.015107816199882041,0.9886696766147278,0.9999842973802364
13,9,19,0.17069881062258682,0.14921140813528422,1.1440064319122087,0.30441675717727223,0.9723653007063686
13,9,20,-0.03574696176027804,0.06499218505249318,-0.5500193866517298,0.6059724232683912,0.996297741304507
13,10,1,-0.015962492915624595,0.0212079546061616,-0.7526653659582196,0.48555616016025654,0.9853788426768277
13,10,2,0.013782526750843632,0.04994638229259177,0.27594644732881807,0.7962590288445274,0.996297741304507
13,10,3,-0.10951036896825293,0.03538169434410116,-3.0951137585477277,0.02700234332952962,0.8413471823780126
13,10,4,0.1484180312900038,0.035186069182435886,4.218090702779404,0.008343092457714613,0.7296406661547277
13,10,5,-0.08565031264593143,0.05552706836179944,-1.5424965727762634,0.18359580930475705,0.9327221140485742
13,10,6,-0.021809661158386638,0.03317629460779869,-0.6573868907169186,0.5399847588635305,0.9909681566538422
13,10,7,-0.023730568983802318,0.032730632882433074,-0.7250262794586467,0.5009334527586713,0.9870199575036301
13,10,8,-0.056797480798648894,0.061081541289046554,-0.9298632549061796,0.39512096374649647,0.9787437974965071
13,10,9,0.021369684855457545,0.05640939743505416,0.3788320001056965,0.7203660557391907,0.996297741304507
13,10,11,-0.08245881025209607,0.03658134749630293,-2.2541217285168513,0.07389407047648253,0.8921703470566514
13,10,12,-0.06448873798374095,0.02881288747394177,-2.23819074155015,0.07538565115981188,0.8921703470566514
13,10,13,-0.07276762372735468,0.048627492299910764,-1.4964297002416427,0.2314426104196684,0.9551865621300482
13,10,14,0.06577999455351126,0.035407032391865885,1.8578228704296942,0.12231255153197249,0.9272249539364997
13,10,15,-0.0493666232211247,0.04237015144694357,-1.1651273723148494,0.29652527108879634,0.9723653007063686
13,10,16,-0.07223877436392336,0.04967915301285313,-1.454106400400575,0.2056632723566218,0.9327221140485742
13,10,17,0.16281352113223435,0.02960029437411464,5.500402092930327,0.005326722972261255,0.7168717760835697
13,10,18,-0.10655648808102,0.0519504620025993,-2.05111723690999,0.10955124290620896,0.9266880947092055
13,10,19,0.16409893462643219,0.025226208211762264,6.505097129239282,0.0028816129004529917,0.7168717760835697
13,10,20,-0.018334012115143423,0.03531119288257724,-0.5192124824440674,0.6257683201675578,0.996297741304507
13,11,1,-0.06989247288666538,0.061382345156716284,-1.1386412934709988,0.3064504798026924,0.9723653007063686
13,11,2,-0.1549334409192873,0.04474309264915071,-3.462734284612877,0.0257534912824541,0.8413471823780126
13,11,3,-0.16397790376929802,0.0530622084922618,-3.0902954932628,0.027150339260345425,0.8413471823780126
13,11,4,-0.051638544346259245,0.029247933616264345,-1.7655450474551908,0.13773582087110145,0.9327221140485742
13,11,5,-0.03950106639251263,0.07275374613054508,-0.5429420269451317,0.6104873535104252,0.996297741304507
13,11,6,0.0694474460963318,0.07889244778791339,0.8802800273373076,0.4190009865247866,0.9787437974965071
13,11,7,-0.020939170535757872,0.0640799824516831,-0.32676617149855547,0.7570802689644454,0.996297741304507
13,11,8,-0.05255897430654647,0.06955786868793164,-0.7556150770173021,0.483935151191599,0.9853788426768277
13,11,9,-0.04984342419111448,0.03231205760911044,-1.5425642276497575,0.18357983176928033,0.9327221140485742
13,11,10,0.01319822720601636,0.04678957883674231,0.2820762129914739,0.7891880471529268,0.996297741304507
13,11,12,-0.12304211471789382,0.0729249544878511,-1.6872429414639498,0.15236207699223156,0.9327221140485742
13,11,13,-0.010164353707103908,0.07322268862912194,-0.13881426504902405,0.8983913597328058,0.9970118974932134
13,11,14,-0.05289423796309067,0.0402099550642948,-1.3154513074485796,0.2454472225078293,0.9659348365379999
13,11,15,0.07450092374940803,0.06863111883970695,1.0855268718891924,0.3387329338430394,0.977783785791819
13,11,16,0.09062634501413397,0.052396573347992026,1.7296235082112938,0.14426143035240496,0.9327221140485742
13,11,17,0.035937554732088234,0.06329127109451434,0.5678121818386934,0.6005169405316817,0.996297741304507
13,11,18,0.05150846211251709,0.06497997849372562,0.7926820430803619,0.4723261742351815,0.9844454813806669
13,11,19,0.013547782898147466,0.08863351031765189,0.1528517019064345,0.8859158184029008,0.9970118974932134
13,11,20,0.034890526400729274,0.08710346168337697,0.40056417650950027,0.7052834575879505,0.996297741304507
13,12,1,-0.045807222120585876,0.1460781083787774,-0.31358033471719904,0.7644551748068418,0.996297741304507
13,12,2,0.01356907403173555,0.15267478566973208,0.08887567106856438,0.9326307960984102,0.9971125104614714
13,12,3,-0.051488120575580824,0.02373716396417321,-2.169093184473233,0.08223712741263701,0.8927460367287492
13,12,4,0.14697158749704464,0.05606279366690129,2.6215530458160723,0.03950395450903609,0.8473514992757766
13,12,5,0.20195326450263673,0.06676414319484736,3.024876151113371,0.02325069712943764,0.8413471823780126
13,12,6,-0.08267723539038892,0.0809282644549956,-1.0216113733088186,0.34637685810425617,0.977783785791819
13,12,7,0.08778322232167284,0.016818130856971165,5.219558764466794,0.0034111427005971695,0.7168717760835697
13,12,8,0.037632293090930156,0.18072987097259136,0.20822398028729333,0.8419424661615121,0.9967052234147373
13,12,9,0.06645603978109972,0.0436695767263255,1.5217926245553917,0.188549443688949,0.9327221140485742
13,12,10,0.011091027304204254,0.05574170534547857,0.19897179742285942,0.8501227931020428,0.9970118974932134
13,12,11,-0.02037787539181927,0.036982328195161056,-0.551016563471377,0.6053378760569167,0.996297741304507
13,12,13,-0.030413425439295618,0.057983642890423244,-0.5245173280375987,0.6276429835072717,0.996297741304507
13,12,14,-0.030402807958050795,0.09962702066744723,-0.3051662867569785,0.7705487649726573,0.996297741304507
13,12,15,-0.10917723410478994,0.07124709609344104,-1.5323745119389973,0.17631686480844827,0.9327221140485742
13,12,16,-0.0753690230375594,0.037723524581702826,-1.9979316320860954,0.10220911186367795,0.9127958286297914
13,12,17,0.10222803776996292,0.08794086205750555,1.1624634484700906,0.29751057012334187,0.9723653007063686
13,12,18,0.01658346349531594,0.011454914305564888,1.4477160676629284,0.2212595270170274,0.944676581588624
13,12,19,-0.09396288886083866,0.14390295426039593,-0.6529601101180837,0.5426098334297387,0.9909681566538422
13,12,20,-0.025593410174738214,0.030218399361842185,-0.8469479096966648,0.4356765096591842,0.9807883511284952
13,13,1,-0.267599238563033,0.16971078428355943,-1.576795721563227,0.18997389100592738,0.9327221140485742
13,13,2,-0.0756060200722312,0.2115125652015426,-0.3574540358859131,0.7444198353308478,0.996297741304507
13,13,3,-0.008710748730352286,0.053230670658823254,-0.16364153639955678,0.8804163970897803,0.9970118974932134
13,13,4,0.27577515002480035,0.1297482623279559,2.1254631474417494,0.10072070740931774,0.9122920172343513
13,13,5,0.00806169707171701,0.13445374501979643,0.0599588882442068,0.9550644827342282,0.9981155951445632
13,13,6,0.008797344247028903,0.07787757770538514,0.1129637632053316,0.915501661522265,0.9970118974932134
13,13,7,-0.21737853639807156,0.05358664004099627,-4.0565808236476535,0.026995754156565646,0.8413471823780126
13,13,8,-0.058159864736847026,0.01768624607616775,-3.2884233592073073,0.04613262515195033,0.8473514992757766
13,13,9,-0.06820092672209112,0.13280185747896273,-0.5135540120918967,0.6346290889622965,0.996297741304507
13,13,10,0.023829003635286884,0.08737175318670448,0.2727312062068162,0.8027555457194248,0.996297741304507
13,13,11,-0.043387975010661654,0.042083563286014126,-1.0309957527776654,0.3783831596769028,0.9787437974965071
13,13,12,0.040716514700199845,0.12266330927910409,0.33193719408974104,0.7566011851573285,0.996297741304507
13,13,14,0.10001682381695554,0.044549732290049986,2.245060041293421,0.11044226299441726,0.9266880947092055
13,13,15,-0.12250101510398138,0.11725992740958706,-1.0446963238774878,0.35513788701221904,0.9787437974965071
13,13,16,-0.038493023167173734,0.08610912557893496,-0.4470260603382939,0.6851588131454357,0.996297741304507
13,13,17,-0.2181417766660182,0.13183298670818205,-1.6546828082354657,0.17333138359630773,0.9327221140485742
13,13,18,0.04304698773369696,0.061828890133201184,0.6962277284981564,0.5363791080974089,0.9909681566538422
13,13,19,-0.00626330942223518,0.059806844984824144,-0.10472562837447379,0.9261500078332344,0.9971125104614714
13,13,20,0.09273836176435386,0.06176264694965441,1.501528291662235,0.23021734294665194,0.9551865621300482
13,14,1,-0.20343207755900464,0.12621204176787298,-1.6118277995339112,0.15812577082515386,0.9327221140485742
13,14,2,-0.13729458548638354,0.08344822095765557,-1.645266776321165,0.16083407083761966,0.9327221140485742
13,14,3,0.03436870288425065,0.04610129906173146,0.7455040006027618,0.4895078319098897,0.9869113698394234
13,14,4,0.03443362360045785,0.11214703209338875,0.3070399898900287,0.7691902256407603,0.996297741304507
13,14,5,-0.3237053084871044,0.15451127036260565,-2.0950271635547404,0.08103296142205879,0.8921703470566514
13,14,6,-0.17874165816395615,0.10890147987660345,-1.6413152361643522,0.1616553672113234,0.9327221140485742
13,14,7,-0.028483007326509026,0.05506178576825525,-0.5172917465094826,0.6322420817376323,0.996297741304507
13,14,8,-0.2786787386069199,0.10545201577581362,-2.6427066050281676,0.045826676108595504,0.8473514992757766
13,14,9,-0.05267131933218858,0.03521231870533264,-1.495820816898266,0.1949471452360113,0.9327221140485742
13,14,10,0.02056409079378784,0.05188073638516896,0.3963723768437119,0.7081810270075136,0.996297741304507
13,14,11,-0.04165014797766252,0.06556673070925267,-0.6352329531530185,0.553205999038986,0.9921578326135176
13,14,12,0.3305276801515141,0.08431182309022735,3.9203004754609028,0.007799296218584418,0.7296406661547277
13,14,13,-0.20546701820595073,0.014105671689275614,-14.566269704660625,0.0007016260248247781,0.6579150864527538
13,14,15,-0.14561893491978464,0.17609428834401875,-0.8269372975600194,0.4399131080245502,0.9809403935722025
13,14,16,-0.043313372725053916,0.05862184606748424,-0.7388606062397559,0.493194116564331,0.9870199575036301
13,14,17,0.07736021867296554,0.12646998570901602,0.611688364149462,0.5738024310632064,0.9921578326135176
13,14,18,-0.08763294864477436,0.04165929461932759,-2.1035629489994774,0.10323731317881406,0.915792646053843
13,14,19,0.18926314777828332,0.1396647134858935,1.3551250208668082,0.23338186734780952,0.9551865621300482
13,14,20,-0.013767682596296245,0.06345866434821963,-0.21695512720739368,0.8368180556743275,0.9967052234147373
13,15,1,0.039636827003025545,0.15475983871381938,0.25611830131243235,0.8064144724230238,0.996297741304507
13,15,2,0.05534720497453091,0.09573925885745782,0.5781035453424278,0.5882533345109527,0.9945980265218507
13,15,3,-0.011875736587867307,0.08294088104326852,-0.1431831497127309,0.8917369821797259,0.9970118974932134
13,15,4,-0.13595450108233387,0.12477148795362057,-1.0896279535576314,0.31769324197899795,0.9738435620968914
13,15,5,-0.17521765557891444,0.17855100650608086,-0.9813310997603689,0.3643272314759155,0.9787437974965071
13,15,6,-0.12702257258354646,0.17468059530690147,-0.7271704814129446,0.494504684864841,0.9870199575036301
13,15,7,0.009930891720856691,0.03596564611438436,0.27612159917818735,0.7935039866186209,0.996297741304507
13,15,8,0.14889496903770205,0.15779529771898296,0.9435957293348812,0.38180341258328276,0.9787437974965071
13,15,9,0.07968879766368471,0.08390578111064752,0.9497414434131592,0.37891341738884105,0.9787437974965071
13,15,10,0.03386850066466125,0.03167512226021315,1.0692460911550747,0.3338380778812581,0.977783785791819
13,15,11,-0.03712947512676574,0.023273178508117026,-1.5953762015025432,0.1715137823639818,0.9327221140485742
13,15,12,0.12301727039150359,0.14349299281788397,0.8573050709645124,0.42419042095419035,0.9787437974965071
13,15,13,-0.0019259714223630515,0.16856003903649494,-0.01142602620028246,0.9914307134221566,0.9999842973802364
13,15,14,-0.01921412496641176,0.10344406162849476,-0.18574410810773193,0.8587657560482368,0.9970118974932134
13,15,16,-0.002134617476978924,0.021428307386036426,-0.09961670972996742,0.9245194078527265,0.9971125104614714
13,15,17,-0.16869297279875045,0.11103695019360822,-1.519250776458573,0.1891664896434368,0.9327221140485742
13,15,18,-0.025275752061113668,0.05411092941024811,-0.4671099228219792,0.6647307427421416,0.996297741304507
13,15,19,0.011041182791711925,0.06572404763676253,0.16799304346812752,0.8731724829409073,0.9970118974932134
13,15,20,0.0726692795450676,0.046895783358365445,1.5495909085940238,0.1819277588923343,0.9327221140485742
13,16,1,-0.017162735798057997,0.03487763562579598,-0.4920842680308328,0.6435020045873169,0.996297741304507
13,16,2,-0.0018022844187169681,0.03797239428585237,-0.04746301760963739,0.9644194334421339,0.9981155951445632
13,16,3,-0.015322429775254071,0.03592897140861498,-0.4264644707071582,0.6875069648938286,0.996297741304507
13,16,4,0.011713213006495846,0.0401370990994418,0.29183008411205574,0.7821369382317626,0.996297741304507
13,16,5,0.030639108237683167,0.041991603290245205,0.7296484496001868,0.498338226079591,0.9870199575036301
13,16,6,-0.0439570019189343,0.031338869257565856,-1.4026352245277494,0.219663297948505,0.9442500906546168
13,16,7,-0.004561100416193392,0.04706107655672285,-0.09691874367980013,0.9265559168544774,0.9971125104614714
13,16,8,-0.046924255116478984,0.036980213785553585,-1.2689016723191893,0.2603374964757119,0.9659348365379999
13,16,9,0.027188905417296128,0.036016760100492186,0.7548959245828911,0.4843300020894659,0.9853788426768277
13,16,10,-0.0021879696208317602,0.03447763917596308,-0.0634605406014486,0.9518586775842043,0.9979015067966054
13,16,11,-0.027967937336632265,0.02727131737708677,-1.0255440523421595,0.35213736343196067,0.9787437974965071
13,16,12,-0.015243725338681726,0.026756896623878534,-0.5697120092958811,0.5935145604565415,0.996297741304507
13,16,13,0.07747746082377288,0.03801980019545624,2.037818726648501,0.134328388037861,0.9327221140485742
13,16,14,-0.03416067880737513,0.026626235033334555,-1.2829706777291234,0.25575195830630343,0.9659348365379999
13,16,15,-0.010606822391329077,0.021212926749906238,-0.5000169243914419,0.6382877720514321,0.996297741304507
13,16,17,0.07935590556113734,0.043678792912840846,1.81680628669551,0.14340825071391963,0.9327221140485742
13,16,18,0.021579614061100892,0.029005103637130207,0.743993689191038,0.49820942403135116,0.9870199575036301
13,16,19,0.002004743981683354,0.020233034609873215,0.09908271399911542,0.9258395633838251,0.9971125104614714
13,16,20,0.04081295363424605,0.022806017683362177,1.7895694986780188,0.13353901091308332,0.9327221140485742
13,17,1,0.03174024238914834,0.08348416647783076,0.3801947570165508,0.7194159287645485,0.996297741304507
13,17,2,-0.10750219177762828,0.09155563427106117,-1.1741734152393208,0.30546016590094804,0.9723653007063686
13,17,3,-0.04480745759652077,0.06362201233078796,-0.7042760194828555,0.5201018279696445,0.9888160523190818
13,17,4,0.02961081376552088,0.2018878359828471,0.14666962782190612,0.8891230823445294,0.9970118974932134
13,17,5,-0.06293353358702881,0.06330645200409604,-0.9941093141969602,0.36581322485445317,0.9787437974965071
13,17,6,0.12866466463145002,0.1286386795959837,1.0002020001647072,0.36312872590225476,0.9787437974965071
13,17,7,0.002443959136938716,0.07186441635355084,0.03400791742162324,0.9745002056098793,0.9998192749453514
13,17,8,-0.03247590074953868,0.16352813277977826,-0.19859519091479547,0.8504020445855486,0.9970118974932134
13,17,9,-0.2600802261422883,0.09052711789247088,-2.872953786602834,0.034873989425131854,0.8473514992757766
13,17,10,-0.014079528311793254,0.04935921898581565,-0.28524617286902454,0.7896159993735935,0.996297741304507
13,17,11,0.027722097038515473,0.03593554438615595,0.7714394622730102,0.4834892618143792,0.9853788426768277
13,17,12,-0.08299084411431973,0.12375146613418356,-0.6706251384824987,0.5321848423467889,0.9909681566538422
13,17,13,-0.290852356609407,0.1446499477060811,-2.0107325389317703,0.11470307877667563,0.9266880947092055
13,17,14,0.21705265046601088,0.11053053013500216,1.963734817872842,0.10677642102813323,0.9221599997884233
13,17,15,0.12581142029520268,0.08541001545759626,1.4730288903435638,0.20073386499165025,0.9327221140485742
13,17,16,0.024232245858441442,0.03075686855878332,0.7878645321561356,0.4748401696623534,0.9844454813806669
13,17,18,0.03721685263551084,0.04969453227289103,0.748912424215816,0.5082817851523496,0.9870199575036301
13,17,19,0.03480474536188004,0.07174827988643394,0.48509518857435036,0.6529783313111326,0.996297741304507
13,17,20,0.027407662876736207,0.0528050686489502,0.5190346983245907,0.631130835967316,0.996297741304507
13,18,1,-0.044929094955784676,0.017644612833787265,-2.5463349848745134,0.08421195353648508,0.8940435645605651
13,18,2,-0.1373975486465334,0.031028620059268753,-4.428090852240863,0.02139556933375636,0.8394596075808679
13,18,3,-0.011458931584583353,0.02793422044484387,-0.4102112534981532,0.7026712528188123,0.996297741304507
13,18,4,0.016211311718695578,0.02537506521747018,0.6388677853287082,0.5576572144705012,0.9921578326135176
13,18,5,-0.05308767492284059,0.0795174599404075,-0.6676228712783114,0.5409188521881987,0.9909681566538422
13,18,6,-0.015183589631490396,0.05240424570225364,-0.2897396847856487,0.7864138558067185,0.996297741304507
13,18,7,-0.09507218190544008,0.05606302331207939,-1.695809042878712,0.16516422246286316,0.9327221140485742
13,18,8,0.05082795639737517,0.059679012862596525,0.8516889599623322,0.4569743940403087,0.9823636982311391
13,18,9,-0.08471247422438422,0.0514248934093619,-1.6473048091396727,0.17484074920783527,0.9327221140485742
13,18,10,-0.04478188766951925,0.028381543256202645,-1.577852453747544,0.18973734955678234,0.9327221140485742
13,18,11,-0.18162535788714806,0.02077774663151043,-8.741340487950861,0.0009437721080684025,0.6579150864527538
13,18,12,-0.028607578395896983,0.03963889456440786,-0.7217047475602989,0.5104094505615251,0.9870199575036301
13,18,13,-0.030414193591188833,0.0556277072569205,-0.5467454096242361,0.622596288441139,0.996297741304507
13,18,14,0.06746517392146863,0.07136010978118437,0.9454185836792511,0.39797802141366456,0.9787437974965071
13,18,15,-0.10770956370976188,0.03299490906597129,-3.264429778883125,0.0309512206241981,0.8473514992757766
13,18,16,0.0031919687339374988,0.02720939188172446,0.11731128529793107,0.9122678828812776,0.9970118974932134
13,18,17,-0.005235462246547914,0.0356556998672525,-0.14683380962631223,0.8925755300890258,0.9970118974932134
13,18,19,0.08470293973319999,0.09596440032992952,0.8826496017388238,0.4424236876667889,0.9809403935722025
13,18,20,0.03387113914745015,0.07627183035357683,0.4440845196711298,0.6799478796742225,0.996297741304507
13,19,1,-0.10028874377462309,0.12713492966388187,-0.7888370571248726,0.4659470405009958,0.9831823609235607
13,19,2,-0.18548944463283942,0.07662135151658707,-2.420858428609989,0.07269553892213276,0.8921703470566514
13,19,3,-0.05557080113693414,0.05038054470020835,-1.1030210464477432,0.3319152761657004,0.977783785791819
13,19,4,0.08189716004364452,0.13599771210613537,0.6021951308940264,0.5733084655010131,0.9921578326135176
13,19,5,-0.08200772726003586,0.17932584291818085,-0.45731126046899645,0.6666309860903521,0.996297741304507
13,19,6,0.09572902516526731,0.06857176981592637,1.3960413362648456,0.2215208260096848,0.944676581588624
13,19,7,0.056188888908605114,0.0628042028319867,0.8946676555711806,0.42153393823496904,0.9787437974965071
13,19,8,-0.26707930506778355,0.2075650013061035,-1.286726102116924,0.2545405110265824,0.9659348365379999
13,19,9,-0.15316245126376296,0.03985100239170447,-3.8433776333767313,0.012082133205230302,0.7296406661547277
13,19,10,-0.011536314241679151,0.04310340449872571,-0.2676427622266488,0.8022082792028253,0.996297741304507
13,19,11,-0.0069800368476650165,0.0701203110416528,-0.09954372340731914,0.9254959285691602,0.9971125104614714
13,19,12,-0.105396746501333,0.08162805730456366,-1.2911828356614496,0.25310966266287765,0.9659348365379999
13,19,13,-0.021249920191212857,0.10176806976449237,-0.20880734242262597,0.8479726673218817,0.9970118974932134
13,19,14,-0.14164633914667218,0.057302347453803075,-2.471911630817481,0.05639777246129789,0.8801295086362709
13,19,15,0.13868151419613184,0.09090210076179676,1.5256139630701429,0.18762547138984997,0.9327221140485742
13,19,16,0.01696014398870778,0.039458696243182614,0.42982018168449265,0.689468922920776,0.996297741304507
13,19,17,0.18360800911845684,0.06685212975332062,2.746479578036036,0.05156067648300503,0.8613675014085445
13,19,18,0.05172756134341335,0.019868898312959495,2.6034438611561366,0.08013707395727195,0.8921703470566514
13,19,20,-0.05208439459303716,0.04119132242483729,-1.2644506543049752,0.27472556472562437,0.9670747067692197
13,20,1,0.05238090284945276,0.03261290363161016,1.6061404234205097,0.16915180496273413,0.9327221140485742
13,20,2,0.09922137751518258,0.04524984380859082,2.192745193391195,0.09340545072814271,0.9122920172343513
13,20,3,0.036516257345796256,0.046491637103244936,0.7854371155809896,0.46776520261611887,0.9831823609235607
13,20,4,0.012958516325945763,0.043092432986244426,0.3007144277460859,0.775734970287162,0.996297741304507
13,20,5,0.01042266651717481,0.02135444993458104,0.48807937215036573,0.6510399011285313,0.996297741304507
13,20,6,0.08328288683205869,0.039398959308761645,2.113834687288915,0.08819205385733178,0.9038873468295585
13,20,7,0.0511914198787853,0.03731771212969831,1.3717727308549068,0.22848574293646995,0.9532557270404519
13,20,8,0.04359117622476268,0.04525542717468861,0.9632253841187921,0.3796729900655326,0.9787437974965071
13,20,9,0.07233209307636154,0.04096956579294134,1.7655079245935812,0.13774240828919018,0.9327221140485742
13,20,10,0.009900665916808316,0.06874400872676108,0.1440222369925614,0.8911077535371568,0.9970118974932134
13,20,11,0.11579521853350115,0.07340541853502029,1.5774750807623286,0.1755138946011199,0.9327221140485742
13,20,12,0.011234035981474315,0.044098274091727244,0.2547500148838489,0.8090622383080354,0.996297741304507
13,20,13,-0.03134606002125781,0.04408741187492454,-0.7109979626265023,0.5283795372730203,0.9900419620498572
13,20,14,0.0254883024282217,0.06407412274607181,0.3977940131749445,0.7071976944603778,0.996297741304507
13,20,15,0.0888859389877079,0.04360212023979458,2.0385691910584045,0.09704552023063935,0.9122920172343513
13,20,16,-0.033556529912671045,0.06982590154955985,-0.48057424490786244,0.6511091368470128,0.996297741304507
13,20,17,0.0795420744059232,0.07124351608406303,1.1164815940716892,0.3267546729787574,0.9769219176390858
13,20,18,0.061292154031782335,0.020480525759558096,2.9927041301752264,0.04023054380232033,0.8473514992757766
13,20,19,-0.1368544896305027,0.05334954563312074,-2.565241896699018,0.062291486191538764,0.8885715236277543
14,1,2,0.15259360186262969,0.0750900960302199,2.0321401879574963,0.09784388219857221,0.9122920172343513
14,1,3,0.11625018084669562,0.10512285004358363,1.105850733664401,0.3191395100296103,0.9738435620968914
14,1,4,-0.127397648043032,0.08883161503144812,-1.434147606080297,0.20152472430320828,0.9327221140485742
14,1,5,0.1076730349612441,0.06453441962120493,1.6684590268507826,0.14626773005731866,0.9327221140485742
14,1,6,0.05860548524859156,0.10730138680685193,0.5461764008096027,0.6046432638862006,0.996297741304507
14,1,7,0.00039783179618476294,0.08238168699970194,0.0048291290293845665,0.9963336777289276,0.9999842973802364
14,1,8,0.0842143535461654,0.09755103134272791,0.8632851174010677,0.4211437492674181,0.9787437974965071
14,1,9,0.05296080713333429,0.05502624173113517,0.9624645526609775,0.3729846173582946,0.9787437974965071
14,1,10,0.0675208506145995,0.10101919847679937,0.6683962220254432,0.5334928125291605,0.9909681566538422
14,1,11,0.09340373918298692,0.1940556603037834,0.48132447688610164,0.6506118150535551,0.996297741304507
14,1,12,0.06323510320921776,0.12715507822952735,0.49730694274415765,0.6366683294626232,0.996297741304507
14,1,13,-0.15032449514416768,0.0855098403897254,-1.7579788999404125,0.1535786945384783,0.9327221140485742
14,1,14,-0.041611578161496174,0.059182631728133955,-0.7031045586472621,0.5083399939767704,0.9870199575036301
14,1,15,0.1371651044273701,0.10226788610475822,1.341233398385918,0.22838261887351097,0.9532557270404519
14,1,16,0.04974174042673573,0.12443112111046238,0.3997532127206206,0.7058435944466173,0.996297741304507
14,1,17,-0.03169831455715779,0.1124262084661253,-0.2819477325558545,0.7892810808081097,0.996297741304507
14,1,18,0.21253869933192013,0.08651653376869115,2.4566252260834056,0.06994481078890179,0.8921703470566514
14,1,19,-0.05321789916258762,0.035888048686786925,-1.4828863955676206,0.19821108751244507,0.9327221140485742
14,1,20,-0.04464452865313816,0.13310678175490545,-0.3354038619535435,0.7509355068928781,0.996297741304507
14,2,1,-0.12551145558525492,0.09089315417011858,-1.380868083298801,0.22585164213674197,0.9500760958990208
14,2,3,0.13965394033471573,0.05822442407361663,2.3985456714135007,0.07447371879693174,0.8921703470566514
14,2,4,-0.07179105362897388,0.0990580743296896,-0.7247370203191198,0.5010961788498671,0.9870199575036301
14,2,5,-0.03211194236109876,0.10778398634375552,-0.2979286946985445,0.7777401991871427,0.996297741304507
14,2,6,-0.06883600465366009,0.09888491000941113,-0.6961224381598028,0.5173761466872824,0.9873220114034699
14,2,7,-0.1277207519045691,0.13695543075573402,-0.9325716490310783,0.4038337537544596,0.9787437974965071
14,2,8,-0.10776886577204733,0.1386143385342735,-0.7774727124973666,0.47204459735051035,0.9844454813806669
14,2,9,-0.008121372731288342,0.08983098321227881,-0.09040725639177732,0.9314735844631681,0.9971125104614714
14,2,10,0.019605839286736742,0.04400829046626994,0.44550331491104145,0.6790047621593078,0.996297741304507
14,2,11,-0.12393055654810667,0.12910723042213984,-0.959904074635735,0.3914620261930256,0.9787437974965071
14,2,12,0.08907716707230694,0.08963789988313474,0.9937444673229447,0.36597449831731244,0.9787437974965071
14,2,13,-0.09826515209800483,0.2984701093082997,-0.32922945726593433,0.7636279786088509,0.996297741304507
14,2,14,0.2307968027495994,0.11222376806952575,2.0565768439049186,0.09484547113742813,0.9122920172343513
14,2,15,-0.16222063708405898,0.12449636996185219,-1.3030149966016127,0.24934669881193036,0.9659348365379999
14,2,16,0.11859944279538225,0.13210250503357643,0.8977834505435011,0.4200550038949698,0.9787437974965071
14,2,17,-0.33682798477536297,0.1766400224486116,-1.9068610845056173,0.1292125308144931,0.9327221140485742
14,2,18,-0.05957647344537319,0.10949924493955905,-0.5440811347851201,0.6242173808104848,0.996297741304507
14,2,19,0.05582767393584256,0.08429610196625112,0.6622806112378897,0.544001688008884,0.9909681566538422
14,2,20,-0.04755104050505858,0.11526989023382374,-0.4125191791905873,0.7011106384527113,0.996297741304507
14,3,1,-0.3091654116706634,0.13318134104223028,-2.321386834288665,0.08101335427514895,0.8921703470566514
14,3,2,0.16958428796897998,0.18229140986848164,0.9302922616616998,0.40488027944765675,0.9787437974965071
14,3,4,-0.08784164018354443,0.12536728809791575,-0.7006743267369451,0.5147623008506799,0.9870199575036301
14,3,5,0.05313315483588443,0.10103773869725292,0.5258743467583481,0.6214562775427057,0.996297741304507
14,3,6,-0.28739652285588757,0.14371138406440664,-1.9998173751154342,0.10196325594541239,0.9127452829035738
14,3,7,-0.059287372355872406,0.167221219417468,-0.3545445521929059,0.7373939713606238,0.996297741304507
14,3,8,0.20557635616306458,0.1657104409667995,1.2405757595142224,0.2697978559004855,0.9659348365379999
14,3,9,0.4577707589998162,0.09337020041358012,4.902750095504063,0.004463788234071915,0.7168717760835697
14,3,10,0.4096942829293332,0.17909404127357556,2.2875930433733194,0.07086218029099463,0.8921703470566514
14,3,11,-0.0682076604249471,0.1553209710580731,-0.4391400591939753,0.6788888746281025,0.996297741304507
14,3,12,-0.10222014797568013,0.13472037694099356,-0.7587578827788833,0.482212303927457,0.9853788426768277
14,3,13,0.028568872296733203,0.15022388102205375,0.1901753043668799,0.861312661587246,0.9970118974932134
14,3,14,-0.0932261466867236,0.10250420680135792,-0.909486055206264,0.40480123206673074,0.9787437974965071
14,3,15,0.14891109344340658,0.08802826980554586,1.691628084598948,0.1515031553469088,0.9327221140485742
14,3,16,0.10364939065929575,0.14257673676978272,0.7269726675392385,0.49983945317716405,0.9870199575036301
14,3,17,-0.13113952236159296,0.14422516816164208,-0.9092693323380806,0.41464025018442696,0.9787437974965071
14,3,18,0.25809249923198363,0.07920596428346147,3.2584982906724855,0.031124894568542442,0.8473514992757766
14,3,19,-0.34178963457709227,0.10388618686604778,-3.290039271674398,0.030214393823625528,0.8442257097777721
14,3,20,0.1548741861764542,0.13145470608957385,1.1781562698085837,0.2917477337172541,0.9723653007063686
14,4,1,0.018943675687935303,0.08479480709971868,0.22340608270308507,0.830631515493954,0.996297741304507
14,4,2,-0.16747652914434588,0.08417013010496624,-1.9897382709697702,0.10328453607798696,0.915792646053843
14,4,3,-0.17268346107171603,0.056271474780313746,-3.068756625675992,0.0278231495618925,0.8424539309577013
14,4,5,-0.035323040683663945,0.14361169628532772,-0.24596214373262582,0.8139094562211511,0.996297741304507
14,4,6,-0.12515338699597195,0.10371442236542515,-1.2067115078152053,0.27295657150672,0.9670747067692197
14,4,7,0.04286603401013516,0.0797682189089944,0.5373823635012157,0.614047909788792,0.996297741304507
14,4,8,0.10142838472158398,0.14796934067109205,0.685468923906032,0.5186404042558047,0.9878864842967708
14,4,9,0.019765170461261562,0.0736966366123996,0.2681963705473614,0.7975304768813137,0.996297741304507
14,4,10,0.07543875648576676,0.08989859030656479,0.8391539425442884,0.43964802678916787,0.9809403935722025
14,4,11,-0.18497808554776732,0.061448608954978494,-3.0102892268933994,0.029745736056887417,0.8442257097777721
14,4,12,0.04474886435600559,0.08011153931085886,0.5585820062925871,0.5966606738694232,0.996297741304507
14,4,13,0.06693704004984449,0.07719363262261511,0.8671316243947182,0.4347913077268848,0.9796661543801732
14,4,14,-0.06939766180996645,0.07526429904328918,-0.9220528549549034,0.39206880680803613,0.9787437974965071
14,4,15,-0.05713205946870221,0.1009942164955696,-0.5656963482720099,0.5921103567066149,0.9962450101771693
14,4,16,0.03018730265310268,0.07673277407369496,0.39340820160779105,0.710233391325241,0.996297741304507
14,4,17,-0.09635794920158539,0.11912025294331724,-0.8089132353221908,0.4553170617475822,0.9823636982311391
14,4,18,0.1228168404705135,0.14848839076084042,0.8271140918181182,0.45465942915148927,0.9823636982311391
14,4,19,0.009485864787975699,0.14772862450713461,0.06421142022786087,0.9512899913237759,0.9977648266713631
14,4,20,0.02626696916384873,0.1411812921944394,0.18605134402288206,0.8597171678811485,0.9970118974932134
14,5,1,-0.24479715686122425,0.10966762723315877,-2.2321733681585108,0.06706510328703867,0.8921703470566514
14,5,2,0.06773339604709633,0.20919974072362935,0.32377380494105934,0.7592137901439964,0.996297741304507
14,5,3,0.03785397426692002,0.16711257366689855,0.226517810336324,0.8297679991856586,0.996297741304507
14,5,4,-0.13373876106261598,0.12746691685460643,-1.0492037021191487,0.3344963316818657,0.977783785791819
14,5,6,-0.10133954963334789,0.10841204875520861,-0.9347627943203527,0.3928211599028481,0.9787437974965071
14,5,7,-0.03546548127277287,0.05287776557005287,-0.6707068819902614,0.5321369145858325,0.9909681566538422
14,5,8,-0.14035391801513353,0.12954348322092338,-1.0834502402154078,0.3202151396947542,0.9738435620968914
14,5,9,0.07687190143861228,0.09693763803276109,0.7930036567616761,0.4579775476876461,0.9831823609235607
14,5,10,0.008651990029615532,0.15853296281886275,0.05457533799735127,0.958590337721965,0.9981155951445632
14,5,11,-0.09541881289318603,0.07271680466321558,-1.312197549573328,0.24646198080464296,0.9659348365379999
14,5,12,0.023975093089659054,0.06235348498269172,0.384502856511222,0.7138646334129819,0.996297741304507
14,5,13,0.09544122285451874,0.12579741484599477,0.7586898583774734,0.4902857182432583,0.9869113698394234
14,5,14,-0.0956895949741516,0.08354353288345479,-1.1453860241521683,0.2956712469724441,0.9723653007063686
14,5,15,-0.061578720682987025,0.075106903395923,-0.8198809682987115,0.4436264994988468,0.9809403935722025
14,5,16,0.025192926278910475,0.071576236948548,0.35197332735818776,0.7392069183614464,0.996297741304507
14,5,17,-0.04717969035785251,0.14402070879283846,-0.327589627581884,0.7564935837461944,0.996297741304507
14,5,18,0.018896276057182592,0.09342965779731606,0.2022513675258604,0.8495904343582962,0.9970118974932134
14,5,19,0.011157879734592459,0.05251481202955604,0.21247109726109623,0.8401299309024073,0.9967052234147373
14,5,20,0.2238928258149321,0.17421948841937857,1.2851192931682562,0.25505819966697846,0.9659348365379999
14,6,1,-0.02429210084229982,0.11076009548843843,-0.21932177590634347,0.8336701608137702,0.996297741304507
14,6,2,-0.006638783047806761,0.0994886714762553,-0.06672903506731911,0.9493834924122657,0.9977648266713631
14,6,3,0.04353800368247714,0.07826399862278549,0.556296693857466,0.6019844792648122,0.996297741304507
14,6,4,0.17500221244093297,0.09787336048568422,1.7880474479543615,0.12398761381597273,0.9272249539364997
14,6,5,-0.0411675060153932,0.06154311336706301,-0.6689214074885678,0.5284286108041427,0.9900419620498572
14,6,7,-0.0015811949545792357,0.08885500207119633,-0.01779522725456115,0.9864904809758596,0.9999842973802364
14,6,8,-0.1483519114360243,0.10658600078810745,-1.3918517472998677,0.21337219022030152,0.9400745772024878
14,6,9,0.11718231573419366,0.03610958392352313,3.2451859866103736,0.017572135775532502,0.8093832236002849
14,6,10,0.02024217123235405,0.13819394585968464,0.14647654140189673,0.8892678026371117,0.9970118974932134
14,6,11,-0.01747862943143648,0.06175363828924392,-0.28303805112318087,0.7884916995016434,0.996297741304507
14,6,12,0.1562591889677969,0.08227062372798694,1.899331521814403,0.10626827569206992,0.9198620674939993
14,6,13,0.05977414540357416,0.06203224473165264,0.9635979749111053,0.3898150451190299,0.9787437974965071
14,6,14,-0.05784730909731971,0.07988508114265155,-0.7241315683625217,0.49623759437261356,0.9870199575036301
14,6,15,-0.09782310021014055,0.06562580153428425,-1.4906195112534382,0.1866503864147384,0.9327221140485742
14,6,16,-0.04489097247432496,0.10804720742460136,-0.41547554577230306,0.6950221285626771,0.996297741304507
14,6,17,0.06755830758774867,0.06367083682332339,1.0610557510678136,0.337204968330469,0.977783785791819
14,6,18,0.03194159711579109,0.08734964273826855,0.3656751889774078,0.7331249332682583,0.996297741304507
14,6,19,0.0977495029822575,0.0624914482800658,1.5642060741273376,0.17853790855480234,0.9327221140485742
14,6,20,0.023612493829563257,0.12206633962780454,0.1934398450987164,0.8542271841706383,0.9970118974932134
14,7,1,0.17758785017005418,0.08227301886346583,2.1585187054167445,0.08334281809891816,0.8936049968041163
14,7,2,-0.1328432277753797,0.046738099439600334,-2.8422898955104237,0.04675909854152872,0.8473514992757766
14,7,3,0.04241336164663854,0.08188542553411811,0.5179598368020786,0.626581027906732,0.996297741304507
14,7,4,-0.11952583226433261,0.07490992103985533,-1.5955941563353682,0.17146563597692083,0.9327221140485742
14,7,5,0.30896507487992975,0.07888043039778138,3.916878664555346,0.011217125322420234,0.7296406661547277
14,7,6,-0.13610298342176208,0.12861551147917655,-1.058215932552891,0.3383790770558841,0.977783785791819
14,7,8,-0.12279999774328862,0.08531643554365095,-1.439347494528418,0.20958826838663347,0.933394762406013
14,7,9,0.02059087989057692,0.10926200641468274,0.18845416230267434,0.8579307634168202,0.9970118974932134
14,7,10,0.013561079793096058,0.12702862780396146,0.1067560913427925,0.919133587777358,0.9971125104614714
14,7,11,-0.1813108669947725,0.12372578202527793,-1.4654251040115807,0.20270091603856297,0.9327221140485742
14,7,12,0.24027872997347882,0.0817616540499081,2.9387704145988973,0.03230263806029211,0.8473514992757766
14,7,13,-0.3016978702510994,0.15258379834331037,-1.977260190956239,0.14243654787411889,0.9327221140485742
14,7,14,0.10255874710614739,0.05789471416881051,1.7714699619266308,0.13668853089072394,0.9327221140485742
14,7,15,0.15375425394268552,0.13455333175500434,1.1427012020891438,0.30491042985860456,0.9723653007063686
14,7,16,0.005097914852409103,0.14501003731086995,0.03515559989440681,0.9733159937038093,0.9998192749453514
14,7,17,0.19717275117756924,0.1352668079866503,1.457658047165354,0.21867411417433794,0.9441880781319402
14,7,18,-0.07948590879636822,0.18261449274912578,-0.4352661587770583,0.6858255389814202,0.996297741304507
14,7,19,0.07187735728680322,0.08933120951164017,0.804616412102119,0.46614286370006136,0.9831823609235607
14,7,20,-0.08474324785787293,0.07206728168699615,-1.175890721461583,0.2925735551358274,0.9723653007063686
14,8,1,-0.0992138519338401,0.10188031689896022,-0.9738274767172306,0.3677512948169513,0.9787437974965071
14,8,2,0.09032867441960644,0.08682019620940716,1.0404108532615677,0.3458196211238019,0.977783785791819
14,8,3,-0.16338630843874047,0.1531849098351215,-1.0665953233483147,0.33492461366020976,0.977783785791819
14,8,4,0.08551152451987584,0.10418604494123551,0.8207579486032558,0.44316375822935694,0.9809403935722025
14,8,5,-0.16122172097285642,0.15726698771155026,-1.025146620519842,0.34483588789502945,0.977783785791819
14,8,6,0.005884486316289344,0.0965761384018081,0.06093105826768326,0.9533930157492428,0.9981155951445632
14,8,7,-0.2550222810096076,0.2621376695122549,-0.972856291440832,0.3753056425435348,0.9787437974965071
14,8,9,-0.03024453768988953,0.12967309261764462,-0.2332368040209825,0.8233308995490501,0.996297741304507
14,8,10,0.033399072513185336,0.0751280051220395,0.4445622169587309,0.6752191739697081,0.996297741304507
14,8,11,-0.10598011721152345,0.15480323144565958,-0.6846117889214796,0.5240264004202715,0.9900419620498572
14,8,12,-0.11850772585385504,0.09253557999681877,-1.2806719951033805,0.24758376189264078,0.9659348365379999
14,8,13,-0.054392746538557586,0.1835587988382218,-0.296323286502871,0.7817315121126718,0.996297741304507
14,8,14,0.09243441771904401,0.13853998589502106,0.6672038915062338,0.5294513553602145,0.9901157236067003
14,8,15,-0.0035711998540154197,0.08018352016282748,-0.044537828305852616,0.9659209706048698,0.9981155951445632
14,8,16,0.10923534595803064,0.14433924188910913,0.7567958964423244,0.48328732296903215,0.9853788426768277
14,8,17,-0.03164872031790692,0.08524258233894003,-0.3712782913086158,0.7256429076707281,0.996297741304507
14,8,18,0.4324917128770244,0.1599637496500183,2.7036857651846824,0.053888236915399616,0.8737966532283991
14,8,19,-0.23434315126922567,0.1388153620465393,-1.6881643919854599,0.15218118811087875,0.9327221140485742
14,8,20,-0.08553574690908176,0.1279982301561759,-0.6682572626515837,0.5335744276757494,0.9909681566538422
14,9,1,0.22489623773225342,0.13594574499305045,1.6543087666487524,0.14914795432030523,0.9327221140485742
14,9,2,0.005431565928569822,0.10458379620902551,0.05193506188723666,0.9605914627896154,0.9981155951445632
14,9,3,0.18156614047958933,0.16475583907051192,1.1020315971974803,0.3206466142354247,0.9743662532341827
14,9,4,0.16180411451855226,0.10792461808696652,1.4992326809687662,0.18447351270638013,0.9327221140485742
14,9,5,-0.13793811500510678,0.11674739059354643,-1.1815091909347584,0.28210363383935144,0.9710602551597926
14,9,6,-0.19202149346483247,0.13990831541667736,-1.3724809200337966,0.2190075130965669,0.9441880781319402
14,9,7,0.03669601822470797,0.12223797890464429,0.3002014476452829,0.7761040759007466,0.996297741304507
14,9,8,0.20137398042502036,0.20599033381264123,0.9775894659562168,0.36603145925467184,0.9787437974965071
14,9,10,0.1292120232863314,0.09751730939165011,1.325016287786034,0.24248650683333128,0.9655449183178495
14,9,11,-0.015419924537877498,0.1844597352361738,-0.08359507031738356,0.936622058120301,0.9971125104614714
14,9,12,0.09850843685487096,0.1910618324419482,0.5155840682323926,0.6245845796729838,0.996297741304507
14,9,13,0.1541200905921214,0.18355393978229959,0.8396446884990468,0.4483613975175913,0.9809403935722025
14,9,14,-0.20843680755939623,0.06989428311612973,-2.9821724791152824,0.02456751587774695,0.8413471823780126
14,9,15,0.10019799062474342,0.1258258049921529,0.7963230644953626,0.45618745008586853,0.9823636982311391
14,9,16,0.10648391434501395,0.044638614436491225,2.3854663879437057,0.06273879069481714,0.8885715236277543
14,9,17,0.054929137777112745,0.08117470885042727,0.676677977098121,0.5286437801081458,0.9900419620498572
14,9,18,0.31323442579118355,0.15313289520256537,2.0455071091994252,0.11025146415696772,0.9266880947092055
14,9,19,-0.1593774390024425,0.1501309354329085,-1.0615895953875845,0.336984639560197,0.977783785791819
14,9,20,-0.32185931490153014,0.14305650755837349,-2.2498753841585795,0.07428853460674403,0.8921703470566514
14,10,1,-0.07430510627611817,0.057280708782617186,-1.2972099656938971,0.25118638459139436,0.9659348365379999
14,10,2,0.1849200919060441,0.11090181904051578,1.6674216302693807,0.1707572963972632,0.9327221140485742
14,10,3,-0.024763783625374194,0.10992283085580255,-0.22528335044094883,0.8306770971825361,0.996297741304507
14,10,4,0.023242599006460776,0.10937566893065717,0.2125024626910743,0.8401067514752188,0.9967052234147373
14,10,5,-0.164401227092638,0.15702289265614047,-1.0469889091370141,0.3430547962749464,0.977783785791819
14,10,6,-0.12189494905428726,0.08808986121427746,-1.3837568520671815,0.22502101877968572,0.9497866821310842
14,10,7,0.04298047055306004,0.10037756860069787,0.42818800207851454,0.6863319374685981,0.996297741304507
14,10,8,-0.1284361267623354,0.1818726011284841,-0.7061873309377446,0.5116087284032633,0.9870199575036301
14,10,9,0.3299347463653775,0.096194131787192,3.429884341509048,0.018637880184935313,0.8283502304415695
14,10,11,-0.1388706344162719,0.09586652912101973,-1.4485831049491338,0.2071238462754758,0.9327221140485742
14,10,12,-0.03990907834483646,0.0881801161960477,-0.4525859124029214,0.6698074949434397,0.996297741304507
14,10,13,0.028725844809537764,0.1524815698666901,0.18838896290524482,0.8625949985547897,0.9970118974932134
14,10,14,0.11391401196379372,0.09812178853600055,1.1609451240367281,0.2980734402851719,0.9723653007063686
14,10,15,0.08283244423750584,0.12700885158767544,0.6521785151302909,0.5430741915748912,0.9909681566538422
14,10,16,0.05788247389525574,0.15294804160496173,0.3784453418787649,0.7206357418093688,0.996297741304507
14,10,17,-0.07962128326544625,0.07574597849676314,-1.051161854986104,0.3524937548683679,0.9787437974965071
14,10,18,-0.1845571244447925,0.15273038092643573,-1.2083851511669972,0.2934492690776663,0.9723653007063686
14,10,19,0.03097850377229779,0.0712618277378486,0.43471385389978934,0.6861945659897462,0.996297741304507
14,10,20,-0.1426492727578283,0.08992953464465797,-1.586233858763949,0.17354536347990096,0.9327221140485742
14,11,1,-0.09892551757973737,0.1864905517629396,-0.5304586030983363,0.6184989635360206,0.996297741304507
14,11,2,-0.1254296762300256,0.1131255280983166,-1.108765442579033,0.3297039339807622,0.977783785791819
14,11,3,0.0039416796401041876,0.16567732128753176,0.023791304744960478,0.9819393676302796,0.9999842973802364
14,11,4,-0.1241612410884802,0.07250761089198628,-1.7123890797026717,0.1475020996195639,0.9327221140485742
14,11,5,0.15677129982350288,0.2160841374083916,0.7255104502487612,0.5006611597691819,0.9870199575036301
14,11,6,-0.36469664886679165,0.18461704625628617,-1.9754224014533457,0.10519198250331778,0.9198620674939993
14,11,7,-0.09425943519101786,0.19559886269970642,-0.48190175489541553,0.6502292830073548,0.996297741304507
14,11,8,-0.0499219462170985,0.21604388418870699,-0.23107317480582928,0.8264158990942817,0.996297741304507
14,11,9,0.13193657908675155,0.08184266579787801,1.6120757773332486,0.1678631744637742,0.9327221140485742
14,11,10,0.10622362158922562,0.1381616468618281,0.7688358093667504,0.47671750429164966,0.9844454813806669
14,11,12,0.06582874684998045,0.2257970250503926,0.29153947814413184,0.7823466800463799,0.996297741304507
14,11,13,-0.0600897886615634,0.2283385244866205,-0.2631609746817874,0.8094656319453519,0.996297741304507
14,11,14,0.08853935802938406,0.11914844638512978,0.7431012381181249,0.4908388079958021,0.9869113698394234
14,11,15,0.15080128837408402,0.1835178863343001,0.8217252900273679,0.45738944955849814,0.9825211465925907
14,11,16,-0.24057415857997028,0.12325776042926438,-1.951797255930835,0.10842038230582753,0.9266880947092055
14,11,17,0.13978025994953497,0.16909254738483606,0.8266494420394755,0.4548943148345303,0.9823636982311391
14,11,18,-0.047373079158587614,0.22193725836723396,-0.21345257442077223,0.8414121963417875,0.9967052234147373
14,11,19,0.0002583330838163328,0.25622813946545625,0.0010082151178018922,0.999243838821781,0.9999842973802364
14,11,20,0.09372791856218132,0.26873108830152304,0.348779589120956,0.7414614692815432,0.996297741304507
14,12,1,-0.13083974617868543,0.1372419641654023,-0.9533508717497343,0.3772240514892884,0.9787437974965071
14,12,2,0.2617712776339912,0.09617274180519857,2.7218863964749667,0.04168113788663578,0.8473514992757766
14,12,3,0.03632452037013518,0.07231716619344708,0.5022945765389294,0.6367949908178132,0.996297741304507
14,12,4,0.01042800817325605,0.08200622310656219,0.12716118092133463,0.9029674325294269,0.9970118974932134
14,12,5,0.1339923996998588,0.09089908361430826,1.4740786636191479,0.19089814617650788,0.9327221140485742
14,12,6,-0.09605812280723998,0.0784268922977138,-1.224811030907256,0.26654651253917255,0.9659348365379999
14,12,7,-0.09850307254895863,0.028586920247929644,-3.4457392293822484,0.01832159496408907,0.8239297143614018
14,12,8,0.21424963970877003,0.15889881059894778,1.3483401096574377,0.22621916624650942,0.9500760958990208
14,12,9,0.21900513779905964,0.09487313937529589,2.3083998193674002,0.0690449343273073,0.8921703470566514
14,12,10,0.12536252915556914,0.16477694658676076,0.7608013848514945,0.4810944499599196,0.9853788426768277
14,12,11,-0.1026629741988161,0.10595785261065577,-0.9689038770451902,0.37709297414953813,0.9787437974965071
14,12,13,-0.07005583088086564,0.061465957553002055,-1.1397500936891254,0.3180065551269026,0.9738435620968914
14,12,14,-0.009887589798646122,0.10031602038413832,-0.09856441434463994,0.9246945479260233,0.9971125104614714
14,12,15,-0.14655926933322483,0.059015449605430884,-2.483405113586635,0.04758532063651205,0.8473514992757766
14,12,16,-0.12687223941677772,0.10322579595143748,-1.2290749443601832,0.2737270552091093,0.9670747067692197
14,12,17,-0.04532581496917185,0.09616506102087805,-0.4713335018719532,0.657251545935249,0.996297741304507
14,12,18,-0.03904998161237112,0.0341598015656828,-1.1431559851465258,0.316744275670051,0.9738435620968914
14,12,19,-0.19985326043439364,0.11877662737640449,-1.682597534945775,0.1532772926532686,0.9327221140485742
14,12,20,0.022429372279831383,0.0938222466617815,0.23906240873177603,0.8205471158552363,0.996297741304507
14,13,1,0.07237707637723849,0.2524727917928943,0.2866727771455207,0.7885988314633872,0.996297741304507
14,13,2,-0.001537304277311944,0.25488473843951126,-0.006031370441077793,0.9955663441034652,0.9999842973802364
14,13,3,0.08550078467989092,0.1604795429826482,0.5327830768349264,0.6311233823274908,0.996297741304507
14,13,4,0.06389678119252049,0.22115577595103406,0.2889220546804932,0.7869961336215383,0.996297741304507
14,13,5,0.1622273092847921,0.13646615364797288,1.1887732228614263,0.30027925973789754,0.9723653007063686
14,13,6,-0.08147959079677444,0.08255168885471284,-0.9870130087730579,0.3795128742092331,0.9787437974965071
14,13,7,0.011923083478344249,0.1688827663395912,0.07059976418374501,0.9481591448075005,0.9977648266713631
14,13,8,0.023395033434978233,0.05412606896578159,0.4322322659222915,0.6947571525937148,0.996297741304507
14,13,9,0.09699562395704406,0.15437786898193795,0.6283000574892256,0.5638975491521889,0.9921578326135176
14,13,10,-0.00019352237321639438,0.2755879980655774,-0.0007022162596850197,0.9994837972368328,0.9999842973802364
14,13,11,0.14298944530606034,0.10394507491039437,1.3756250156916858,0.26265324901577486,0.9659348365379999
14,13,12,0.006947540193032436,0.1467056331230308,0.04735701039617686,0.9644988272712617,0.9981155951445632
14,13,14,0.10399804833610832,0.127044601375761,0.8185947864694676,0.47298983636352226,0.9844454813806669
14,13,15,-0.262518436938423,0.08454659807503284,-3.1050147837094513,0.03604548907171936,0.8473514992757766
14,13,16,-0.15482710131453933,0.25647424439133276,-0.6036750461293799,0.5886503812808128,0.9945980265218507
14,13,17,-0.059470530554344425,0.19973394444267586,-0.2977487413067881,0.7807191724583553,0.996297741304507
14,13,18,0.25443645866248965,0.12827226515216963,1.9835656473257692,0.14156590129079336,0.9327221140485742
14,13,19,0.13113245586381506,0.14278877024147607,0.9183667289880927,0.4553752710527463,0.9823636982311391
14,13,20,-0.18389338590781157,0.16333819347326564,-1.1258443723193525,0.3421657017146517,0.977783785791819
14,14,1,0.016973222840706983,0.15092679905395356,0.11245996699715938,0.9141268665258492,0.9970118974932134
14,14,2,-0.032144439690113415,0.10171782922576883,-0.31601578537869585,0.7647564387453679,0.996297741304507
14,14,3,-0.07210100234501901,0.14029346339346385,-0.5139298767063171,0.6291997088641074,0.996297741304507
14,14,4,-0.010332151766906574,0.1129459009487895,-0.09147876709133312,0.9300898831224228,0.9971125104614714
14,14,5,0.03530669786347133,0.2028057162238457,0.17409123628609985,0.8675191663526145,0.9970118974932134
14,14,6,-0.09140148592570481,0.12756054007292214,-0.7165341717175003,0.5057261953156921,0.9870199575036301
14,14,7,-0.020064828519856658,0.15886012804555893,-0.12630500029545508,0.9055847709962674,0.9970118974932134
14,14,8,-0.029204626189471127,0.16135046157084268,-0.1810011939536195,0.8634748525244275,0.9970118974932134
14,14,9,-0.02572328465231158,0.040401229915126895,-0.6366955834194458,0.5523266652481892,0.9921578326135176
14,14,10,0.02347807427915866,0.16165693070505732,0.1452339480690074,0.890199256087011,0.9970118974932134
14,14,11,0.14971627543727567,0.1934740888693987,0.7738311435469024,0.4740107522684778,0.9844454813806669
14,14,12,0.14008724249846538,0.14847839776548308,0.9434856828047488,0.3818553170510177,0.9787437974965071
14,14,13,-0.07149799508305407,0.13481007732048453,-0.5303609084990824,0.6326105796345645,0.996297741304507
14,14,15,-0.13715656367521392,0.17722308650798252,-0.7739204094510687,0.4683653701500955,0.9833085119173276
14,14,16,-0.08758671973849219,0.1788065821991292,-0.4898405789137045,0.6449810552119997,0.996297741304507
14,14,17,-0.08295811130263575,0.1228047334936022,-0.6755286131237125,0.5363793722001056,0.9909681566538422
14,14,18,0.09647266297405774,0.13471897991415518,0.7161029799573554,0.5135101065148315,0.9870199575036301
14,14,19,0.060928913066074654,0.15962340555951085,0.3817041294923219,0.7183642500054142,0.996297741304507
14,14,20,0.08190114138520914,0.1947349832030815,0.42057744344464837,0.691528006592349,0.996297741304507
14,15,1,0.009633334169711957,0.15555380523398177,0.06192927363724536,0.9526305959527087,0.9979015067966054
14,15,2,0.08435500260822555,0.09050506787843109,0.932047282927863,0.3940944721556964,0.9787437974965071
14,15,3,-0.058641042891612566,0.25765160667754494,-0.22759820382092616,0.8289726085846674,0.996297741304507
14,15,4,0.1065467952153372,0.12944686691909324,0.8230928855242815,0.4419334246233526,0.9809403935722025
14,15,5,-0.20310380772836423,0.17355730750092788,-1.1702406003625525,0.28627786596802596,0.9710602551597926
14,15,6,-0.23278737986484793,0.1554695173973849,-1.497318469628608,0.1849552486775416,0.9327221140485742
14,15,7,0.09396742557936615,0.10414374950176906,0.9022857927433048,0.40826630589490964,0.9787437974965071
14,15,8,-0.029945971932584085,0.16865600121912974,-0.17755651572397127,0.8649139004175518,0.9970118974932134
14,15,9,0.06858070705933683,0.08552589278639304,0.8018706946423829,0.4532068424927652,0.9823636982311391
14,15,10,0.006170807549766013,0.09886703333565079,0.06241521912318214,0.9526504163719635,0.9979015067966054
14,15,11,-0.07821317433838458,0.06369881016194287,-1.227859266732199,0.27414538923446263,0.9670747067692197
14,15,12,-0.11293028046406119,0.1448685781795254,-0.7795360586982163,0.4652914701413469,0.9831823609235607
14,15,13,0.11924164407683734,0.18979247346583,0.6282738292974361,0.5639130961135184,0.9921578326135176
14,15,14,0.0671207363042309,0.10005667595816115,0.6708271653120549,0.5272952644252705,0.9900419620498572
14,15,16,-0.07624794370939637,0.05756892407124237,-1.3244635875722464,0.24265668341935429,0.9655449183178495
14,15,17,-0.02648747145322064,0.13258009618526836,-0.19978467518990992,0.8495201340516606,0.9970118974932134
14,15,18,0.1518924493769853,0.16963951796301968,0.8953836417361282,0.42119370982739257,0.9787437974965071
14,15,19,0.009682333642707885,0.06520945770799634,0.14848051161407072,0.8877660451663314,0.9970118974932134
14,15,20,0.1034382416325984,0.13893325339614288,0.7445175226475016,0.49005396618386404,0.9869113698394234
14,16,1,0.13532352955204943,0.0905422090158341,1.4945905453542594,0.1952553533162739,0.9327221140485742
14,16,2,0.049297255407431385,0.10697024394630107,0.46085017279868684,0.6688488937703088,0.996297741304507
14,16,3,0.1532161615063551,0.08883214273089693,1.724782908465629,0.1451643260803638,0.9327221140485742
14,16,4,-0.05865701883799342,0.12255199918073463,-0.47862963664109504,0.6523991566785293,0.996297741304507
14,16,5,0.16960334233471575,0.10695357056285214,1.5857660612972353,0.1736499501055053,0.9327221140485742
14,16,6,-0.03863054175565996,0.09631849775730288,-0.4010708498859443,0.7049336030207172,0.996297741304507
14,16,7,-0.0785376614414302,0.14268893339994626,-0.5504117212842616,0.6057227165607586,0.996297741304507
14,16,8,0.054669963378903834,0.11285263856257954,0.4844367316064441,0.648550931629451,0.996297741304507
14,16,9,0.0296127646517443,0.1116798373071752,0.26515766288259607,0.8014725563617704,0.996297741304507
14,16,10,-0.007593220418100178,0.10760282781616849,-0.07056710843140729,0.946477801577811,0.9976607232147003
14,16,11,-0.04728485135082834,0.08248724391179953,-0.5732383470202373,0.5913001846440674,0.9954207234136121
14,16,12,0.08570719839636692,0.07423737612699495,1.1545019889791968,0.30047247908526675,0.9723653007063686
14,16,13,-0.14350574728837842,0.0866987292630713,-1.655223190772283,0.1964543061040473,0.9327221140485742
14,16,14,0.035600084868138294,0.081601789836855,0.4362659806712162,0.6808381479293202,0.996297741304507
14,16,15,0.09592432420228099,0.05046870975477714,1.9006692397421665,0.11576384289300591,0.9266880947092055
14,16,17,-0.03953613561789438,0.12471283241404824,-0.3170173818706713,0.7670872407934672,0.996297741304507
14,16,18,-0.011765574213114303,0.09945487828180707,-0.11830062452701465,0.9115322756937834,0.9970118974932134
14,16,19,-0.0314296976659303,0.05634052616525634,-0.5578523987011376,0.6066908502741495,0.996297741304507
14,16,20,-0.09077971297468423,0.05850576824100653,-1.5516369702074155,0.18144943461530197,0.9327221140485742
14,17,1,-0.07297034937786419,0.07736690136822107,-0.9431727015875296,0.38889863697863797,0.9787437974965071
14,17,2,-0.07358705676109253,0.09733267083694325,-0.7560365510118731,0.49170920545877367,0.9869113698394234
14,17,3,-0.022103681130051806,0.18359077204059507,-0.12039647137081545,0.9099742979465678,0.9970118974932134
14,17,4,0.2032670306228297,0.17883677602262588,1.1366064360049544,0.30722492156091913,0.9723653007063686
14,17,5,-0.051346017107973006,0.06474473320279495,-0.7930531885327686,0.46369962813733384,0.9831823609235607
14,17,6,0.19449285887574266,0.10935982867911744,1.778467113775784,0.1354621040499981,0.9327221140485742
14,17,7,-0.2070322106279307,0.1801245013045072,-1.1493839490319289,0.3144480358257016,0.9738435620968914
14,17,8,0.06321996471966333,0.1603123576963886,0.39435490580831967,0.7095775993670714,0.996297741304507
14,17,9,-0.12353373237434885,0.1353007229216731,-0.9130308375732086,0.4031038866968151,0.9787437974965071
14,17,10,-0.1265014693091085,0.12790670330952897,-0.9890136015935859,0.3786436498478452,0.9787437974965071
14,17,11,0.06409695850367995,0.09881803348988966,0.6486362482571488,0.5519311860581683,0.9921578326135176
14,17,12,-0.024969461012036842,0.12761931495177833,-0.1956558144923128,0.8525824257351428,0.9970118974932134
14,17,13,-0.2097776468878416,0.2181722912282636,-0.9615228666567901,0.39073953217347346,0.9787437974965071
14,17,14,0.22274931866348874,0.10654684088802813,2.0906233991065877,0.09082793037151549,0.9113969002834877
14,17,15,0.041872401480497826,0.09966998304048068,0.42011045053625984,0.691847474999103,0.996297741304507
14,17,16,0.09400369997687928,0.07547554663475586,1.2454855137457974,0.2809281331879002,0.9710602551597926
14,17,18,-0.020516171713631175,0.1562983218585442,-0.13126290461434262,0.9038755139678889,0.9970118974932134
14,17,19,0.09003053762432282,0.056652267096643345,1.5891780194630194,0.18722120661331415,0.9327221140485742
14,17,20,0.0737993251678539,0.14812584874967352,0.4982204374880811,0.6444775333679855,0.996297741304507
14,18,1,-0.0010210988845434563,0.05565152278740145,-0.018348085252327857,0.9865132361730327,0.9999842973802364
14,18,2,-0.07454814712029804,0.08789855919058041,-0.8481156893347442,0.45868058360559955,0.9831823609235607
14,18,3,-0.028497945406936925,0.09488645791146366,-0.3003373298350683,0.7788821348049968,0.996297741304507
14,18,4,-0.041141683240467894,0.0846977406433263,-0.4857471158910291,0.6525545767080109,0.996297741304507
14,18,5,-0.18096293155393012,0.2577095160214075,-0.702197320250276,0.521266729765022,0.9891695626336177
14,18,6,0.08271562540427141,0.17518600622074798,0.47215886238979116,0.6614195323146709,0.996297741304507
14,18,7,-0.09976842808550528,0.1859957629660609,-0.5364016174022945,0.6201229189518433,0.996297741304507
14,18,8,-0.022162090548855543,0.18780419420121458,-0.11800636638068336,0.9135202343784591,0.9970118974932134
14,18,9,0.046666561604190374,0.17508982741498588,0.2665292569700121,0.8030073061189176,0.996297741304507
14,18,10,0.0373679076752272,0.09567966509962826,0.39055224154397494,0.7160357837871182,0.996297741304507
14,18,11,-0.015428789299733962,0.07095066606924512,-0.21745799094343382,0.8384935536030127,0.9967052234147373
14,18,12,0.08164257965879941,0.12989086967385463,0.628547486541346,0.5637508980343993,0.9921578326135176
14,18,13,-0.023542137939263626,0.1749336918979799,-0.13457749438489333,0.9014673908853019,0.9970118974932134
14,18,14,-0.06418042896940096,0.24300286856694658,-0.26411387383048657,0.8047415318496088,0.996297741304507
14,18,15,-0.009431495680045763,0.11323501416491046,-0.08329133660218259,0.9376216192501337,0.9971125104614714
14,18,16,0.12270550049737308,0.07050346266000622,1.7404180711997648,0.15676142153705094,0.9327221140485742
14,18,17,-0.11182771150222211,0.09208663033774014,-1.214375106254453,0.3114751280962315,0.9723653007063686
14,18,19,-0.022696148090835897,0.30240718799148425,-0.07505161580815324,0.944898109417089,0.9976607232147003
14,18,20,-0.11995563756248982,0.25502571603832863,-0.47036682976704575,0.6625937232813777,0.996297741304507
14,19,1,0.09915428999137688,0.12610742135607933,0.786268475910047,0.4673201422390684,0.9831823609235607
14,19,2,-0.028644937727406884,0.11703392648304087,-0.24475755524884488,0.8186873925855276,0.996297741304507
14,19,3,-0.07929057271896475,0.14014402161254014,-0.5657792020384266,0.601773893228236,0.996297741304507
14,19,4,0.125875662293094,0.12780640751861877,0.9848932047774803,0.3699049998007457,0.9787437974965071
14,19,5,0.06638401427017153,0.1790485138883023,0.37075992884930503,0.7260056619506777,0.996297741304507
14,19,6,-0.027337040534154644,0.07921870793620484,-0.3450831406619784,0.7440745717974544,0.996297741304507
14,19,7,0.0433575823129674,0.18026002973365332,0.24052798824448604,0.821745779757674,0.996297741304507
14,19,8,-0.21374911183880413,0.21736583246283767,-0.9833611355380094,0.37058884106720363,0.9787437974965071
14,19,9,-0.03848674253295613,0.07666850663389468,-0.5019889420337214,0.6369951916100024,0.996297741304507
14,19,10,-0.15542722934024608,0.0974030799764716,-1.5957116487096188,0.18578536519647323,0.9327221140485742
14,19,11,-0.27159904139816565,0.15049710289781718,-1.804679533138709,0.14544441010735673,0.9327221140485742
14,19,12,0.06161035761331433,0.08931036941808125,0.6898455130580975,0.5209954500383779,0.989149492953203
14,19,13,-0.033523846324303344,0.11941731516305781,-0.28072852147318533,0.7971657147291187,0.996297741304507
14,19,14,-0.08500501437310015,0.07568684518099617,-1.123114778647433,0.3124030271437309,0.9734575671555371
14,19,15,0.01268031179058313,0.10896798373274148,0.11636731594086312,0.911890870933244,0.9970118974932134
14,19,16,0.1852864040934406,0.06655234862807548,2.7840701028617407,0.049611650218580786,0.8593166597525345
14,19,17,0.029293157401432568,0.11033764750189021,0.26548651402654977,0.8037558196953781,0.996297741304507
14,19,18,-0.08072220889533835,0.04189946290549484,-1.9265690606937493,0.14966920460026928,0.9327221140485742
14,19,20,-0.00921204481658635,0.11898974383759989,-0.07741881375155958,0.9420082793952114,0.9976607232147003
14,20,1,-0.12320741644258137,0.08563937006287685,-1.4386772853499878,0.20976819134071978,0.933394762406013
14,20,2,-0.02227157282565457,0.1303366781309527,-0.17087724763943157,0.8726157368387102,0.9970118974932134
14,20,3,0.14012393587116762,0.13094813148814458,1.0700720527866692,0.33350013448631133,0.977783785791819
14,20,4,-0.1940041689179238,0.10284851061203176,-1.8863099500571847,0.11791734880641641,0.9266880947092055
14,20,5,-0.01109837718581786,0.07313951297287405,-0.15174256341824807,0.8867357345539466,0.9970118974932134
14,20,6,0.2147529570290882,0.07688267042148453,2.7932556953209464,0.038297315841508604,0.8473514992757766
14,20,7,-0.13439239214247856,0.09982835983255894,-1.3462346007341728,0.23603657308107984,0.9577538296493169
14,20,8,-0.18947854149272378,0.11308448764305994,-1.6755484809651222,0.15467657282509822,0.9327221140485742
14,20,9,0.12661696660629837,0.1147129321277526,1.1037723843043676,0.3199589060225083,0.9738435620968914
14,20,10,0.21832240102640282,0.1911622917486739,1.1420788013584549,0.3051460852301822,0.9723653007063686
14,20,11,0.32153004204202035,0.17849413429346067,1.8013479452024692,0.13152913868747584,0.9327221140485742
14,20,12,-0.010577205413793395,0.13761554863128495,-0.07686054024357504,0.9417152970840582,0.9976607232147003
14,20,13,-0.13232581554231979,0.11619434029382428,-1.1388318502137411,0.33747986329718943,0.977783785791819
14,20,14,-0.031641271935753855,0.19957035746448262,-0.15854695225079446,0.8802305596948445,0.9970118974932134
14,20,15,0.03873039719046792,0.13504130943538936,0.2868040701924007,0.7857673528096855,0.996297741304507
14,20,16,-0.10915627176389381,0.21249620274548753,-0.5136857522772751,0.6293585408049303,0.996297741304507
14,20,17,-0.030702231214169477,0.20538301535949685,-0.14948768358610198,0.8884031525781225,0.9970118974932134
14,20,18,0.08463834993525257,0.05619533483884753,1.5061454865686892,0.2064952426370416,0.9327221140485742
14,20,19,-0.19626959101866426,0.11897666356820615,-1.649647797565768,0.17435994693148074,0.9327221140485742
15,1,2,-0.07801377464172356,0.10368302925820308,-0.7524256881682392,0.48568804535097326,0.9853788426768277
15,1,3,-0.1332989485711878,0.0980415758919146,-1.3596165438709682,0.23205131510859392,0.9551865621300482
15,1,4,0.025650794068014304,0.10240323349333824,0.2504881261335611,0.8105666739208838,0.996297741304507
15,1,5,-0.01702280235079498,0.07777301918509509,-0.2188779930230413,0.8340005175234899,0.996297741304507
15,1,6,0.07675803246734306,0.10537578316019963,0.7284219406457146,0.49379224473775163,0.9870199575036301
15,1,7,0.0147267243741603,0.0803328434762892,0.18332133828082,0.8617479784674683,0.9970118974932134
15,1,8,-0.012202363053691594,0.1033121345714797,-0.11811161490551625,0.9098341052759501,0.9970118974932134
15,1,9,-0.05860567557011759,0.054064075964040906,-1.0840040178993051,0.31998840015542673,0.9738435620968914
15,1,10,-0.1367775295548663,0.08306624381956618,-1.6466078549347125,0.16055628155857138,0.9327221140485742
15,1,11,-0.19442925646141598,0.17366070066723902,-1.119592721400181,0.31376723807851464,0.9738435620968914
15,1,12,-0.09206366082959125,0.1241863154044079,-0.7413349895199659,0.48648169401375596,0.9854106808380985
15,1,13,0.07847889687045081,0.10841541897282679,0.7238720987592814,0.5092135019029332,0.9870199575036301
15,1,14,0.10776836289120735,0.0430755288486353,2.501846541858993,0.046412150203922906,0.8473514992757766
15,1,15,-0.13036192991658227,0.10374034689542332,-1.2566174474694838,0.25559911389062945,0.9659348365379999
15,1,16,0.10735646301628428,0.11397390830789131,0.9419389455815407,0.3894721043323045,0.9787437974965071
15,1,17,-0.18113769286643025,0.09145306740423054,-1.9806628471389065,0.10448952187026851,0.9180663567179747
15,1,18,-0.09995223274230791,0.10979171926731594,-0.9103804313150277,0.41411954126125394,0.9787437974965071
15,1,19,0.006041545387367406,0.046348891766849476,0.13034929546164908,0.9013719996484048,0.9970118974932134
15,1,20,-0.20581326894329183,0.09418084846035912,-2.185298521999764,0.08057279822402524,0.8921703470566514
15,2,1,0.10854185577593403,0.10444704681354665,1.0392046408804454,0.34632863516926626,0.977783785791819
15,2,3,-0.052391941479582115,0.09141550996391105,-0.5731187355372436,0.5972439097076269,0.996297741304507
15,2,4,0.08316299722227513,0.10592900072211776,0.7850824293117851,0.46795517484619004,0.9831823609235607
15,2,5,-0.04589042355588647,0.11542318929224366,-0.39758408892425817,0.7073428564501768,0.996297741304507
15,2,6,-0.07239004699462048,0.10686278346720289,-0.6774112057090502,0.5282159023358959,0.9900419620498572
15,2,7,0.043925891049712756,0.15652297432457654,0.2806354226207358,0.7929069188644787,0.996297741304507
15,2,8,0.1780867455271138,0.13671578459506126,1.3026055919825692,0.24947603632169676,0.9659348365379999
15,2,9,-0.030077071112710553,0.09599198885639827,-0.3133289712060431,0.7666797587608789,0.996297741304507
15,2,10,0.012982522640741144,0.04670985866040464,0.2779396686864378,0.7948334360521431,0.996297741304507
15,2,11,0.16151161179414708,0.1261547081792889,1.280266223305192,0.26965364145980425,0.9659348365379999
15,2,12,-0.18722837100727643,0.06460294122666359,-2.8981400451641273,0.03386398910579484,0.8473514992757766
15,2,13,-0.3124116926494106,0.3448739549353668,-0.9058720966825522,0.43178214978398616,0.9787437974965071
15,2,14,-0.04218493878210844,0.16330017127707017,-0.2583275844228923,0.8064505914080362,0.996297741304507
15,2,15,0.1252313493065876,0.14490533377557685,0.8642287074102897,0.4269686363239036,0.9787437974965071
15,2,16,-0.13113919439639404,0.1365264193225458,-0.9605407879746344,0.3911777141952139,0.9787437974965071
15,2,17,0.30744656346780624,0.2548586981142066,1.206341261810997,0.2941541883431332,0.9723653007063686
15,2,18,0.029933227429807932,0.11095755994623266,0.26977186091730093,0.8048280677604457,0.996297741304507
15,2,19,-0.12407776642908665,0.08875590038067822,-1.3979663988029338,0.23466410932417783,0.9551865621300482
15,2,20,-0.04228234336740061,0.12127587801018956,-0.34864594724681697,0.7449326823871294,0.996297741304507
15,3,1,0.34196447030222626,0.1277199275709465,2.6774558739832726,0.055374827694069435,0.8737966532283991
15,3,2,0.07117208535652354,0.20725264369396396,0.3434073702880006,0.7485823308301832,0.996297741304507
15,3,4,-0.14073087768008533,0.11207826313879714,-1.255648274139913,0.26472571018926455,0.9659348365379999
15,3,5,0.04730343203975699,0.09932438238674036,0.47625196253518975,0.6539783376861317,0.996297741304507
15,3,6,0.33838287783826304,0.11261953584288355,3.0046552341268673,0.029938726683464725,0.8442257097777721
15,3,7,0.16947401146303354,0.1472976818022739,1.1505545055989248,0.301950664056691,0.9723653007063686
15,3,8,0.10983129383347613,0.17878753600604666,0.6143118043147442,0.5658827243810548,0.9921578326135176
15,3,9,-0.13303005802251233,0.21195703584730333,-0.627627469359976,0.557793029861939,0.9921578326135176
15,3,10,0.06321720435042422,0.24907820397352526,0.2538046418420852,0.80975283891825,0.996297741304507
15,3,11,0.01096752175056788,0.15479106877514895,0.07085371163389638,0.9462608600633579,0.9976607232147003
15,3,12,0.12757154717630756,0.1269627568545442,1.0047950307305946,0.36111577313066945,0.9787437974965071
15,3,13,0.07992795898767868,0.14047684737034796,0.5689760304514138,0.6091820567704781,0.996297741304507
15,3,14,-0.1128519670247255,0.09578578833127174,-1.1781702587575185,0.2917426409923034,0.9723653007063686
15,3,15,-0.17483505524731,0.0744965858470254,-2.346886817121756,0.06581425981015125,0.8921703470566514
15,3,16,0.21057237195232253,0.11246366137957364,1.8723592080089937,0.12004911644720449,0.9272249539364997
15,3,17,-0.1234239421793373,0.15379135967753516,-0.8025414590086606,0.4672133533682346,0.9831823609235607
15,3,18,0.04284153446547273,0.13155824001229163,0.3256469109129489,0.7610146238416974,0.996297741304507
15,3,19,-0.04035528956079494,0.2082082586335945,-0.19382175243883326,0.8557602777586201,0.9970118974932134
15,3,20,-0.24717029459191847,0.09442153959470091,-2.6177320942897686,0.047226829225239235,0.8473514992757766
15,4,1,0.029355982892502398,0.08429911586029162,0.34823595232962634,0.7395558316258753,0.996297741304507
15,4,2,0.12728163740753978,0.1073109088795993,1.1861015691252892,0.28886789245584527,0.9710602551597926
15,4,3,0.031159847395277825,0.09244468363041972,0.3370647848124318,0.7497563210293444,0.996297741304507
15,4,5,0.08175442105028871,0.1404218937695214,0.5822056579289013,0.5816292439407781,0.9927843962825581
15,4,6,-0.058394903032648396,0.11313229362801996,-0.5161647586155658,0.6242027210333975,0.996297741304507
15,4,7,0.10895682949127618,0.06378497655027893,1.7081895358804755,0.14830278873757333,0.9327221140485742
15,4,8,-0.053006575549421626,0.15212252566299936,-0.34844659144366236,0.7394055067423664,0.996297741304507
15,4,9,0.09372763224454454,0.06349928986384953,1.476042211559095,0.1903892372174052,0.9327221140485742
15,4,10,0.09245154668822222,0.08435926076732128,1.0959264678969278,0.3230685655454802,0.97468787269659
15,4,11,0.003116597757223312,0.10081443752557646,0.030914200720523997,0.9765340102525452,0.9998192749453514
15,4,12,0.03520523880608903,0.08090138543189268,0.43516237228460825,0.6786615935121358,0.996297741304507
15,4,13,-0.02108057764086765,0.08455420719623115,-0.2493143551295454,0.8153967466570069,0.996297741304507
15,4,14,-0.020743705886416698,0.0799729359967492,-0.2593840732194766,0.8040091512064297,0.996297741304507
15,4,15,0.1310895263863811,0.08876804963048343,1.4767647473453949,0.19020228910369402,0.9327221140485742
15,4,16,-0.06104391625476778,0.07117227193681108,-0.8576923932975855,0.43024646866223853,0.9787437974965071
15,4,17,-0.02996343200134779,0.13591505939957724,-0.22045704231374183,0.834234222512085,0.996297741304507
15,4,18,-0.03168413440555381,0.14056148933541704,-0.22541120299118086,0.8327076106985284,0.996297741304507
15,4,19,-0.1404053107302272,0.1464444011332257,-0.9587618894459249,0.38171102615315505,0.9787437974965071
15,4,20,-0.19317365483475304,0.10839389954636415,-1.7821450805019081,0.13482193122342404,0.9327221140485742
15,5,1,0.2590741487346902,0.10405780936719224,2.489713653475031,0.04718051337263748,0.8473514992757766
15,5,2,-0.18916031796391172,0.21161719268436377,-0.8938797248159258,0.4123411575714666,0.9787437974965071
15,5,3,-0.029636381875728986,0.16380427996836125,-0.18092556483427855,0.8635311575837772,0.9970118974932134
15,5,4,0.008536197398085737,0.1386242406399785,0.06157795605310868,0.9528989200829966,0.9979015067966054
15,5,6,0.020223959366945023,0.11460917978536955,0.17646020506073157,0.866857185143931,0.9970118974932134
15,5,7,0.07548021688697643,0.042165453694599744,1.7900961633635477,0.13344847721160158,0.9327221140485742
15,5,8,0.06325741389175908,0.13927598972968896,0.45418750219673026,0.6656610450556361,0.996297741304507
15,5,9,-0.1261618352049117,0.0879146512898061,-1.4350490316749442,0.20127892771012987,0.9327221140485742
15,5,10,0.07278823647872129,0.15170154822689288,0.4798120871474267,0.6516145747695589,0.996297741304507
15,5,11,0.07504953015868736,0.07535520853952661,0.995943500286714,0.36500334621231967,0.9787437974965071
15,5,12,-0.017690102945115523,0.0627024829745949,-0.2821276304480777,0.7873245802432889,0.996297741304507
15,5,13,-0.04170211234099014,0.13465377908904932,-0.30969878916730564,0.7722532686200885,0.996297741304507
15,5,14,0.016667331282840037,0.09197448079762525,0.18121691080086166,0.8621639630835262,0.9970118974932134
15,5,15,0.08115716348825162,0.07193948362230138,1.128131026255582,0.30234490353090854,0.9723653007063686
15,5,16,-0.05190079881455298,0.0669850198380552,-0.7748120242295209,0.47348057012119,0.9844454813806669
15,5,17,-0.008934514421715988,0.15688158783773906,-0.05695068838097119,0.9567903008677824,0.9981155951445632
15,5,18,0.0659738757570724,0.07579887431030792,0.8703806798781206,0.43320950585536516,0.9787437974965071
15,5,19,0.021946023347535,0.05602028100916598,0.39175139702623885,0.7113817612502455,0.996297741304507
15,5,20,-0.19005187872443663,0.1772809353761125,-1.0720378833750945,0.3326969844143499,0.977783785791819
15,6,1,-0.03989620925559871,0.11000393343946681,-0.3626798425093608,0.7292773421971648,0.996297741304507
15,6,2,-0.12821152913359682,0.09070815642391641,-1.4134509418645695,0.2166483296252961,0.9425722664941841
15,6,3,-0.09361624937144603,0.06688497870187822,-1.3996603002195094,0.2204995179193154,0.944676581588624
15,6,4,-0.04149700168254445,0.11998537593806423,-0.34585049517717154,0.7412591174745549,0.996297741304507
15,6,5,0.08158646242936927,0.05441161314217792,1.4994310537106088,0.18442365670250527,0.9327221140485742
15,6,7,0.07045373873062132,0.08102803287570015,0.8694983233497761,0.42434006191933554,0.9787437974965071
15,6,8,0.006084451321798508,0.12256612076716897,0.04964219544246741,0.9620188082368729,0.9981155951445632
15,6,9,-0.007991326969279088,0.059848762770321966,-0.13352534955172593,0.898143863292042,0.9970118974932134
15,6,10,0.0014048429804861217,0.13549717300601652,0.010368061187618828,0.9921285984545809,0.9999842973802364
15,6,11,-0.07274741766703194,0.05148391315067468,-1.4130125939089693,0.2167697566960813,0.9425722664941841
15,6,12,0.012092186837929163,0.10398833849761499,0.11628406619930962,0.9112218795320555,0.9970118974932134
15,6,13,0.07368868335043838,0.05920558440104779,1.244623866053582,0.2812130886549328,0.9710602551597926
15,6,14,-0.055832945806848895,0.08012360354065888,-0.6968351813809712,0.5119861279523013,0.9870199575036301
15,6,15,0.09947175068093561,0.06521145761095481,1.52537229382065,0.1780114942073983,0.9327221140485742
15,6,16,0.16756353957610698,0.07710778041327551,2.173108066084142,0.08182141209190606,0.8921703470566514
15,6,17,0.03380921413296921,0.07446316115413754,0.45403946875866097,0.668829536813806,0.996297741304507
15,6,18,-0.1114698569915441,0.054808318292008724,-2.0338127580492293,0.1117269585957373,0.9266880947092055
15,6,19,-0.07803717859160808,0.07444945225304091,-1.0481900971591425,0.34255194279618045,0.977783785791819
15,6,20,-0.05283827917655778,0.117523610420711,-0.44959714041253257,0.671820681218355,0.996297741304507
15,7,1,-0.04016739091132485,0.11043023577681206,-0.3637354446307846,0.7309294449564325,0.996297741304507
15,7,2,0.07244708591715197,0.07683943594006279,0.942837294806799,0.39914878691472466,0.9787437974965071
15,7,3,-0.15250969401026968,0.04594820088098333,-3.3191657362599805,0.02102752317017225,0.8394596075808679
15,7,4,-0.020831725262350966,0.08955487379865036,-0.2326140876369846,0.8252829503846235,0.996297741304507
15,7,5,-0.13200701306714102,0.1440383307592379,-0.9164714168124882,0.4014618312932411,0.9787437974965071
15,7,6,0.06881725810949006,0.1357731401336683,0.5068547287131518,0.6338121158475635,0.996297741304507
15,7,8,-0.012051752134059011,0.09912548556561049,-0.12158076265826165,0.907966184071113,0.9970118974932134
15,7,9,0.09597924174582209,0.0983197712588606,0.9761947217324941,0.37380135437772394,0.9787437974965071
15,7,10,0.09628715459604015,0.11673754215458454,0.8248173879462984,0.4470249976155368,0.9809403935722025
15,7,11,0.14768642169517782,0.12878422852535537,1.1467741305369092,0.30337225699099474,0.9723653007063686
15,7,12,-0.21362039499984029,0.09124622209877963,-2.3411423518032555,0.06628594385157316,0.8921703470566514
15,7,13,0.28662846302462497,0.1547433547783086,1.852282855269668,0.1610590028099808,0.9327221140485742
15,7,14,-0.07332578306665509,0.06439708094456886,-1.1386507274861284,0.3064468933115552,0.9723653007063686
15,7,15,-0.008053861840960092,0.14779697330585315,-0.05449273865871951,0.9586529364787622,0.9981155951445632
15,7,16,0.1697633860165535,0.11987633925611456,1.416154239181759,0.2159009115661971,0.9425722664941841
15,7,17,-0.28696226042767214,0.1003173335129548,-2.860545135878774,0.045904221030155304,0.8473514992757766
15,7,18,0.08567164898439078,0.1588441381859898,0.5393441014709585,0.6182695692034306,0.996297741304507
15,7,19,0.0037429696510697225,0.10069679853653533,0.03717069167471603,0.9721300029080371,0.9998192749453514
15,7,20,0.146964856991663,0.0450212240697451,3.264346095093428,0.022337893277934014,0.8413471823780126
15,8,1,0.08086042819199284,0.10454869235099357,0.7734236208306909,0.4686379869618009,0.9833375761760593
15,8,2,0.05483917866629064,0.10028566100718472,0.5468297074076721,0.6080047990431681,0.996297741304507
15,8,3,-0.031002774439591842,0.16547335886940043,-0.1873581019399828,0.8587455239941783,0.9970118974932134
15,8,4,0.05486720245604759,0.10757183934856644,0.5100517271788076,0.6282290084184398,0.996297741304507
15,8,5,-0.05252209093823296,0.16913077205117216,-0.3105413065934054,0.7666539846571253,0.996297741304507
15,8,6,0.03782110690810999,0.09536412227901543,0.39659681234266236,0.7053858571325797,0.996297741304507
15,8,7,0.103296844776025,0.2758567195842923,0.3744583236229147,0.723419282525369,0.996297741304507
15,8,9,0.061329129923966066,0.12783070643165784,0.4797683720560107,0.6483801203732359,0.996297741304507
15,8,10,0.008305635832182814,0.0748517207111854,0.11096118770761548,0.9159636174533445,0.9970118974932134
15,8,11,-0.23820982041900804,0.11722419421317001,-2.032087505620178,0.09785045271978965,0.9122920172343513
15,8,12,-0.11302569259767571,0.09367165725080719,-1.2066157033374696,0.27299085322871147,0.9670747067692197
15,8,13,0.042505328572873265,0.18672094082574073,0.22764092974614006,0.8310877673837342,0.996297741304507
15,8,14,-0.02942429881836211,0.14308406628486195,-0.20564343453572584,0.843869224560514,0.9970118974932134
15,8,15,-0.07035202841197616,0.07487737481578961,-0.9395632336752443,0.3837089530382707,0.9787437974965071
15,8,16,0.17427191698527508,0.12709771430364813,1.3711648391060147,0.22866281878873743,0.9532557270404519
15,8,17,0.11546692385610902,0.0775411709934456,1.4891047217275077,0.19663539731545893,0.9327221140485742
15,8,18,0.060193517184593995,0.2348633714718393,0.2562916337576081,0.8103671134755871,0.996297741304507
15,8,19,-0.12894344208948824,0.17843949539951223,-0.7226171638743498,0.5022898591691373,0.9870199575036301
15,8,20,-0.08921664825479898,0.12446771991132312,-0.7167854309345788,0.5055839330240308,0.9870199575036301
15,9,1,-0.23532885094262015,0.13297000004527204,-1.7697890566347927,0.127161111703667,0.9327221140485742
15,9,2,-0.04904408923976168,0.11063355624512422,-0.443302112883855,0.6760711024044208,0.996297741304507
15,9,3,-0.30905878759699407,0.11485856120492853,-2.690777111885341,0.04325844531861676,0.8473514992757766
15,9,4,0.014805689561489593,0.12639073248491545,0.11714220869112764,0.9105701941418108,0.9970118974932134
15,9,5,-0.018485567806541134,0.12939920663460616,-0.14285688673963282,0.8910799267241892,0.9970118974932134
15,9,6,0.2280896287990609,0.13057143494538734,1.746857028052993,0.13125989321361844,0.9327221140485742
15,9,7,0.016611469707733934,0.1204416597085575,0.13792129523781174,0.8956848679200057,0.9970118974932134
15,9,8,0.05028390274272678,0.2208374662908797,0.22769643026182348,0.8274430338748517,0.996297741304507
15,9,10,-0.04503211525271447,0.10906009338735018,-0.4129110277978619,0.6967817360317292,0.996297741304507
15,9,11,0.11328011995451344,0.1733504057426944,0.6534747897965851,0.5423041970010228,0.9909681566538422
15,9,12,-0.37219054935298485,0.12261447256163635,-3.035453658725768,0.02293650077647405,0.8413471823780126
15,9,13,0.2678190969180394,0.15071394868906066,1.777002721020882,0.15020811090084404,0.9327221140485742
15,9,14,-0.0056330237650217925,0.11009498755539313,-0.05116512468050765,0.9608547844767267,0.9981155951445632
15,9,15,-0.13372355859574142,0.12052001764823181,-1.1095547545050808,0.30967069545786347,0.9723653007063686
15,9,16,0.007354890638962362,0.06377683555207384,0.11532228865199443,0.9126779152765832,0.9970118974932134
15,9,17,0.019485476897754348,0.09102140568527088,0.21407576328711234,0.8389442998348119,0.9967052234147373
15,9,18,0.06545524159831213,0.19002349378484373,0.34445867873622044,0.7478492546924673,0.996297741304507
15,9,19,-0.15194369419018872,0.16579317734169097,-0.9164653010788516,0.40146474538361815,0.9787437974965071
15,9,20,-0.14167619329584932,0.18817392588436624,-0.7529002364661144,0.4854269451020856,0.9853788426768277
15,10,1,0.05666548254842967,0.059629915332375036,0.9502861480119165,0.3856054516898962,0.9787437974965071
15,10,2,0.01384597118367145,0.150864911278101,0.09177727986102957,0.9312875621306544,0.9971125104614714
15,10,3,-0.0003414214759998462,0.10809275847036058,-0.003158597123694522,0.9976019555877121,0.9999842973802364
15,10,4,0.042012752545737414,0.10584048554207169,0.3969440647420345,0.7077855182178544,0.996297741304507
15,10,5,-0.01489093187227449,0.1695072392176912,-0.08784835350343255,0.9334071068279606,0.9971125104614714
15,10,6,-0.04877989599349044,0.09897975945947227,-0.49282698058051727,0.6430128161460443,0.996297741304507
15,10,7,-0.03410707656659447,0.09882352649372633,-0.34513114211133294,0.7440406133640837,0.996297741304507
15,10,8,0.03108404947933685,0.18608869681999207,0.16703889064921626,0.8738848273435584,0.9970118974932134
15,10,9,-0.025707909408024646,0.17194963698016288,-0.14950836686465904,0.8869959862353055,0.9970118974932134
15,10,11,-0.0015333167082409204,0.11175576365781513,-0.013720247243104715,0.9895837968780604,0.9999842973802364
15,10,12,-0.13829199534912112,0.0626373316958494,-2.2078206654527253,0.07831897926235078,0.8921703470566514
15,10,13,0.1751344084203833,0.1108886646174082,1.5793716068550248,0.21237234324455123,0.9367555476834529
15,10,14,-0.007625053850404867,0.10811651203959274,-0.07052626565997626,0.9465087175462146,0.9976607232147003
15,10,15,0.0363357396146109,0.12841893065063553,0.2829469100095495,0.7885576738828454,0.996297741304507
15,10,16,0.06523285269637012,0.14894218306668322,0.43797432905039807,0.6796791608461187,0.996297741304507
15,10,17,-0.06073633369065593,0.08419346870980741,-0.7213900866737846,0.5105832532276003,0.9870199575036301
15,10,18,0.09892298208757892,0.14909315075549878,0.6634978306222896,0.5432981881924109,0.9909681566538422
15,10,19,-0.025154493327452822,0.07523281456193871,-0.3343553404666115,0.7549075158621492,0.996297741304507
15,10,20,-0.04152185508127166,0.10626729491945772,-0.39073032876531993,0.7120899200374315,0.996297741304507
15,11,1,0.05794308929591336,0.18572717657974744,0.31197959481563436,0.7676464118657957,0.996297741304507
15,11,2,0.20301672322026088,0.08944017661193282,2.2698604912068694,0.08574085440677261,0.896144186594051
15,11,3,0.14103338702750026,0.1493346355643756,0.9444117668587256,0.38832338561572455,0.9787437974965071
15,11,4,0.10907572002728803,0.07486400961696803,1.456984745859897,0.20490603710631083,0.9327221140485742
15,11,5,-0.020562011146525002,0.22207607330046744,-0.09258994380097917,0.929824755633953,0.9971125104614714
15,11,6,0.08349938273786778,0.23811008632403508,0.3506755384729311,0.7401227080673535,0.996297741304507
15,11,7,0.1608654281435337,0.18206979839144583,0.8835371355593706,0.4173983798127021,0.9787437974965071
15,11,8,0.21622743903347377,0.1892262728659055,1.1426924800530203,0.3049137311225374,0.9723653007063686
15,11,9,0.05084202606414395,0.09606072628093996,0.5292696404868071,0.6192651840000974,0.996297741304507
15,11,10,0.14417603918149446,0.1275766153127479,1.1301133740452651,0.30970754422078056,0.9723653007063686
15,11,12,0.16633869312003569,0.21000337128257704,0.7920762990772231,0.46421964836977,0.9831823609235607
15,11,13,0.327075188133313,0.12410925806692913,2.6353810604064187,0.07796416090769537,0.8921703470566514
15,11,14,-0.05806083196642461,0.12006789933844124,-0.4835666509187617,0.6491267269074883,0.996297741304507
15,11,15,-0.18953361550509837,0.18461912184424897,-1.0266196351208343,0.36262404629088263,0.9787437974965071
15,11,16,0.12014744935067617,0.15078680973617306,0.7968034442806873,0.4617072701840731,0.9831823609235607
15,11,17,-0.27869262941054485,0.1311751793386459,-2.1245835592794484,0.10082046286679597,0.9122920172343513
15,11,18,-0.048314171590081105,0.1949902987440642,-0.2477773094406528,0.8165061981223413,0.996297741304507
15,11,19,-0.2716144960170528,0.23104493326502504,-1.1755916573349652,0.30495325045198096,0.9723653007063686
15,11,20,-0.18596800577439257,0.25277521217609594,-0.7357050723949238,0.494951936162553,0.9870199575036301
15,12,1,0.18035811649167674,0.1275422356416125,1.4141050263307302,0.20706160590706058,0.9327221140485742
15,12,2,-0.22944240428023957,0.12709387172358902,-1.8052987226436743,0.13086189702559134,0.9327221140485742
15,12,3,-0.08028511000227391,0.06300599098371862,-1.274245651048424,0.2585869429124563,0.9659348365379999
15,12,4,-0.06475131765397472,0.07774545492345857,-0.8328630621158547,0.43681215234980025,0.9809403935722025
15,12,5,-0.1525951004690549,0.08587254108341479,-1.7769952832658138,0.12589918307082368,0.9325865412653606
15,12,6,0.003328750691008296,0.08767434787544141,0.03796721357653519,0.970945549596138,0.9998192749453514
15,12,7,0.02049903020585396,0.05055578188823609,0.4054735074766679,0.7018970850179151,0.996297741304507
15,12,8,0.03081060403622072,0.18094502373708063,0.1702760507015618,0.8703896081208851,0.9970118974932134
15,12,9,0.013793167405446892,0.13327008636382814,0.10349784998028712,0.9215909560546105,0.9971125104614714
15,12,10,0.1163878987976698,0.1621441515535229,0.7178050992393208,0.505006885735079,0.9870199575036301
15,12,11,0.05962656750418516,0.1097910128409149,0.543091515059068,0.6103917848917791,0.996297741304507
15,12,13,0.1304225306588121,0.029679008765387795,4.394436879122419,0.011741942992412683,0.7296406661547277
15,12,14,0.07787625388544249,0.09523031560091454,0.817767466097496,0.4447431300086751,0.9809403935722025
15,12,15,0.05928432813933351,0.08047973681482087,0.7366367049013419,0.4891329703534876,0.9869113698394234
15,12,16,0.10333037364166009,0.10557699295327902,0.9787205597568794,0.37266649654819034,0.9787437974965071
15,12,17,-0.04272861308367689,0.10422067710246008,-0.4099821098001513,0.6987940173188177,0.996297741304507
15,12,18,0.038498478546935166,0.02879492063444612,1.3369885277455535,0.2521972499858965,0.9659348365379999
15,12,19,-0.06946069317062963,0.15722423222752258,-0.441793813753021,0.6770915526279124,0.996297741304507
15,12,20,-0.0892634857448369,0.08324154958067381,-1.072342912805276,0.33257251098693213,0.977783785791819
15,13,1,-0.15626196002668294,0.24620250793457982,-0.6346887419504667,0.5601193008881736,0.9921578326135176
15,13,2,0.0001458503037251605,0.3265157519006218,0.0004466868837896211,0.9996716381662406,0.9999842973802364
15,13,3,-0.06826581014627262,0.15947523502088606,-0.42806527381448256,0.6974747675379498,0.996297741304507
15,13,4,0.17152873545977182,0.20941662318209617,0.819078890933131,0.4587348863029646,0.9831823609235607
15,13,5,-0.01704027160315711,0.16054924486831315,-0.10613735129696726,0.9205832563422136,0.9971125104614714
15,13,6,-0.05933827404196252,0.08838297280293049,-0.6713767613768664,0.5387599914751003,0.9909681566538422
15,13,7,-0.15620366114862796,0.13861707462050715,-1.1268717189072186,0.341792691005092,0.977783785791819
15,13,8,-0.08756973303013169,0.020565179068470652,-4.258155629684276,0.023749894160457825,0.8413471823780126
15,13,9,-0.17253234973458156,0.13933452816890887,-1.238259834089295,0.2833262808259478,0.9710602551597926
15,13,10,-0.17501982338564004,0.24998487680507536,-0.7001216458442439,0.5342609263386582,0.9909681566538422
15,13,11,0.021415492783942138,0.1292828067758707,0.16564842083683373,0.878967430231903,0.9970118974932134
15,13,12,0.09733576265966247,0.14042156884534554,0.6931681753689196,0.5263486175963281,0.9900419620498572
15,13,14,0.08703368192866873,0.1279716729766587,0.680101149758846,0.5452217303214216,0.9915494497350573
15,13,15,0.06628202644324918,0.15460865879927496,0.4287083722061969,0.690213985771109,0.996297741304507
15,13,16,-0.15614502740174757,0.24997976499980787,-0.6246306672111759,0.57649467897428,0.9921578326135176
15,13,17,0.12677724266403412,0.19443585922456214,0.6520260366014159,0.5499537227451091,0.9921578326135176
15,13,18,-0.08185833074908355,0.1848624832640135,-0.4428066165904188,0.6878884411263072,0.996297741304507
15,13,19,-0.12962178167886682,0.18762385638257817,-0.6908598095002806,0.5610634533740557,0.9921578326135176
15,13,20,-0.07230836428270938,0.18597561027353174,-0.38880562981333894,0.7233728516846459,0.996297741304507
15,14,1,0.04127192745079922,0.15014332724853727,0.27488352767223234,0.7926259112984508,0.996297741304507
15,14,2,0.18059204604721826,0.07579073264339507,2.38277213778291,0.06294844673480161,0.8885715236277543
15,14,3,-0.150206499150168,0.1237902033715413,-1.2133956893028763,0.2791668744926777,0.9710602551597926
15,14,4,-0.04419488588525363,0.1115752554487161,-0.3960993475401098,0.705733715677977,0.996297741304507
15,14,5,-0.06199521772150206,0.20173584653311644,-0.3073088833075473,0.7689953364331175,0.996297741304507
15,14,6,-0.01720898584519913,0.14421183588990577,-0.11933129995111832,0.9096592237672331,0.9970118974932134
15,14,7,0.2484522580974874,0.11084758823349987,2.241386231804003,0.08848581395278836,0.9038873468295585
15,14,8,-0.057998600198864964,0.17258976421037855,-0.33604889875063176,0.7504774659405583,0.996297741304507
15,14,9,0.08126486196049929,0.027025169532816088,3.0070065558261936,0.029858013022471652,0.8442257097777721
15,14,10,-0.25770671904586423,0.10880786924406516,-2.368456627575695,0.0640751997576747,0.8918892273962046
15,14,11,-0.2834384952461161,0.15510155258968547,-1.8274381559165502,0.1271861421004764,0.9327221140485742
15,14,12,-0.2567773003228772,0.11969744034577773,-2.1452196436194693,0.07560354643433652,0.8921703470566514
15,14,13,0.08334246745386298,0.17408206954458316,0.47875388701097593,0.6648420372920569,0.996297741304507
15,14,15,-0.04505505877644485,0.18494598399110765,-0.24361198769456663,0.8156469262453429,0.996297741304507
15,14,16,0.008005234133255015,0.17905691959737993,0.0447077619296174,0.9660708313004482,0.9981155951445632
15,14,17,0.11561534289027806,0.1471228785300246,0.7858420392848527,0.47589868187025036,0.9844454813806669
15,14,18,-0.06175732305245671,0.12212251712380118,-0.505699722757473,0.6396625286608493,0.996297741304507
15,14,19,-0.013373591048007737,0.1744838599309821,-0.07664657953590136,0.9418771660885218,0.9976607232147003
15,14,20,0.07525579381857271,0.1909258208366962,0.3941624736161107,0.7097108761202348,0.996297741304507
15,15,1,-0.1453917178302345,0.14383785404591587,-1.0108028849124222,0.3511225367423265,0.9787437974965071
15,15,2,-0.20236390062111345,0.054638732028884855,-3.703671243879338,0.01394615781443839,0.7512456407908799
15,15,3,0.1656820807372779,0.24231315706819986,0.683751896682863,0.5245255232137985,0.9900419620498572
15,15,4,0.0021941174260228387,0.13655667636512378,0.01606744894801162,0.9877015387978854,0.9999842973802364
15,15,5,0.16439961049768986,0.18025757584440835,0.9120260811600034,0.3969184127584373,0.9787437974965071
15,15,6,0.33294587893639316,0.12135460012354526,2.743578558989057,0.03357609890533728,0.8473514992757766
15,15,7,0.07478472612752965,0.10466315102301968,0.7145277530423952,0.5068632240249543,0.9870199575036301
15,15,8,-0.07603193055300105,0.16622524363132668,-0.4574030327257389,0.6634761131173852,0.996297741304507
15,15,9,-0.008300433061135558,0.08992819998192385,-0.09230066945309366,0.9294638342380233,0.9971125104614714
15,15,10,-0.027145877546627076,0.0960045789928763,-0.28275607091989424,0.7886958232154534,0.996297741304507
15,15,11,0.052132762462081615,0.06716956106680733,0.7761367148052949,0.4727652379868519,0.9844454813806669
15,15,12,0.10858487720928496,0.1454212297338044,0.7466920573241226,0.4834706822445594,0.9853788426768277
15,15,13,0.05747088093472317,0.19941129657971507,0.2882027343494097,0.7875085391259372,0.996297741304507
15,15,14,-0.09741807308215719,0.0958148767418111,-1.0167322277484052,0.34851271885494767,0.9787437974965071
15,15,16,0.07388365937229821,0.05651415761297279,1.3073477955200188,0.24798168146865437,0.9659348365379999
15,15,17,0.027947715672249837,0.14296444977364536,0.19548716982651124,0.8527075690910829,0.9970118974932134
15,15,18,-0.17189586353431136,0.1392234682570209,-1.2346759184000442,0.2845229707998164,0.9710602551597926
15,15,19,0.06976541249871476,0.06317567032250927,1.1043082272251454,0.31974747456709285,0.9738435620968914
15,15,20,0.020773751459886445,0.14296745773830122,0.1453040558206402,0.8901466976437962,0.9970118974932134
15,16,1,-0.04765625945730491,0.10439973904768068,-0.4564787219926212,0.6671900698424099,0.996297741304507
15,16,2,0.10577735743493853,0.10191123315389745,1.037936193688922,0.3579213172172717,0.9787437974965071
15,16,3,-0.12164411649198853,0.09533550590830764,-1.2759581577896926,0.25802824821876763,0.9659348365379999
15,16,4,-0.09121254719327411,0.11563706854669534,-0.788782942518582,0.46597593828763295,0.9831823609235607
15,16,5,-0.10051473905780815,0.1201531376567405,-0.8365552578753884,0.44097831497403567,0.9809403935722025
15,16,6,0.009471817298590535,0.0956480797700183,0.09902778311144442,0.9249638927377584,0.9971125104614714
15,16,7,0.20807381676137046,0.10959932376181762,1.898495443381203,0.1160872306460171,0.9266880947092055
15,16,8,-0.047702698129806625,0.1109439629550983,-0.4299711030575236,0.685117354133876,0.996297741304507
15,16,9,-0.08051656607586986,0.103974434166134,-0.7743881149325927,0.47370964712825414,0.9844454813806669
15,16,10,-0.009430276295784887,0.10524646892334344,-0.08960183075181223,0.9320821118295637,0.9971125104614714
15,16,11,0.0067949027361327834,0.08325981903464819,0.08161082758567496,0.9381223708691447,0.9971125104614714
15,16,12,0.07760105019855063,0.07401110364948232,1.0485055129703487,0.34242000344275725,0.977783785791819
15,16,13,0.05540830120238779,0.11288648051872084,0.4908320371694834,0.6572065719169631,0.996297741304507
15,16,14,0.0819904344137887,0.07261157361966317,1.1291648194008643,0.3100716854771803,0.9723653007063686
15,16,15,-0.08865867669011969,0.05126225323536873,-1.729511894089344,0.1442821853975745,0.9327221140485742
15,16,17,-0.008761714249166599,0.13199958434929623,-0.06637683211119093,0.950263018226119,0.9977648266713631
15,16,18,0.12446254309667984,0.06179902085930819,2.0139889170415435,0.1142779591076097,0.9266880947092055
15,16,19,-0.040108851780864416,0.057798648502881154,-0.6939409972219528,0.5259122535900681,0.9900419620498572
15,16,20,-0.028964023796011328,0.06845888505871423,-0.4230864082981639,0.6898128777117422,0.996297741304507
15,17,1,0.16100199040176724,0.05487447851468615,2.9340049282790726,0.03248154350919147,0.8473514992757766
15,17,2,0.04607941403003096,0.12478572821160161,0.36926830247385284,0.7306447495188477,0.996297741304507
15,17,3,-0.015023479826790488,0.192228178196605,-0.07815440986673028,0.9414586631792233,0.9976607232147003
15,17,4,-0.2548102341459624,0.18383723496194104,-1.3860643312946286,0.22435960329033874,0.9494058936562219
15,17,5,-0.06184930906606948,0.06870557237897525,-0.9002080460666669,0.4092705389395759,0.9787437974965071
15,17,6,-0.3045644414825255,0.0643731651173595,-4.731232974525008,0.005190410466072806,0.7168717760835697
15,17,7,0.08450560347433425,0.21315003805216812,0.39646065394206115,0.7120058880835102,0.996297741304507
15,17,8,-0.05374131050827529,0.17385367905177274,-0.3091180514618979,0.7696979195830163,0.996297741304507
15,17,9,0.2538409586124766,0.10926945874729284,2.3230732678671973,0.06779351619182349,0.8921703470566514
15,17,10,0.2379155081568082,0.09013375968954793,2.639582648872437,0.0576055132472986,0.8826836026958972
15,17,11,-0.08271336225611003,0.10048072733330135,-0.8231763886513386,0.45665303367067994,0.9823636982311391
15,17,12,0.009662798894511803,0.13805001733546754,0.06999491257549637,0.9469109353938109,0.9976607232147003
15,17,13,-0.04357078675275572,0.24419008255012492,-0.1784297965648687,0.8670579072720825,0.9970118974932134
15,17,14,-0.18229402348574114,0.13447856478786688,-1.3555619348849026,0.23325212507411783,0.9551865621300482
15,17,15,0.08487830695418559,0.10253816570644134,0.8277728235977782,0.44549666951924494,0.9809403935722025
15,17,16,0.08162104852926695,0.08356738136645153,0.9767094193172522,0.3840169926200405,0.9787437974965071
15,17,18,0.16354320384521842,0.12084714726710911,1.3533062843625483,0.2689004133835704,0.9659348365379999
15,17,19,-0.1604108499311693,0.036793264023515355,-4.359788515209946,0.012064132593820604,0.7296406661547277
15,17,20,-0.026356599503678756,0.15912275573239587,-0.16563689701200396,0.8764773046983281,0.9970118974932134
15,18,1,0.034874073525778725,0.05059318168614881,0.6893038224286475,0.5401618209319301,0.9909681566538422
15,18,2,-0.024475403579373552,0.0947080102534596,-0.25843013187177644,0.812790812990467,0.996297741304507
15,18,3,-0.07011166568864398,0.07684692330206991,-0.9123548826039094,0.4131955730934237,0.9787437974965071
15,18,4,0.09652877366978033,0.059645450177603296,1.6183761440433932,0.18089233837294844,0.9327221140485742
15,18,5,0.18532081507913611,0.22186613355399254,0.8352821230969972,0.4505461282259692,0.9811902082295157
15,18,6,-0.09489801883403283,0.15118450103249195,-0.6276967426244972,0.5642552424060212,0.9921578326135176
15,18,7,0.17406629167225096,0.1454709804913986,1.1965705536806124,0.2975460943643097,0.9723653007063686
15,18,8,-0.25275062876813276,0.11236352857966235,-2.249400957417342,0.10999908595067326,0.9266880947092055
15,18,9,0.10197529598230272,0.14689699554022764,0.6941959269254262,0.5257683680305537,0.9900419620498572
15,18,10,0.09029886771136324,0.07298089045823822,1.2372946828018982,0.2836480786174768,0.9710602551597926
15,18,11,0.061458407740751085,0.05479801728703993,1.1215443693464586,0.32483269191124836,0.97468787269659
15,18,12,0.07842013630766335,0.11326169952647591,0.6923800069646631,0.5267939156013819,0.9900419620498572
15,18,13,0.28566528656859763,0.04763743231344067,5.99665583743064,0.009287276093140272,0.7296406661547277
15,18,14,-0.18276228010695225,0.19546699234194473,-0.9350032858043766,0.40271984170386493,0.9787437974965071
15,18,15,0.0405717062624344,0.09768308278720145,0.41534015004832353,0.6992055228910539,0.996297741304507
15,18,16,-0.072871280318745,0.07376563015804133,-0.9878757920407094,0.37913779748682536,0.9787437974965071
15,18,17,0.038739457954684496,0.10773879106197255,0.3595683372021648,0.7429906844542483,0.996297741304507
15,18,19,-0.24091490450255185,0.2614568565764238,-0.9214327275873564,0.4247814080163545,0.9787437974965071
15,18,20,0.029127987249466237,0.23016402758467033,0.1265531697329392,0.9054004904388674,0.9970118974932134
15,19,1,0.018124899350707997,0.14389427387879727,0.12595983746961822,0.9046719070390735,0.9970118974932134
15,19,2,0.08951616992110284,0.13664403395543714,0.6551048540446418,0.5481619411693059,0.9920487807726447
15,19,3,-0.09800510368194523,0.14423988820792455,-0.679459093451248,0.5341325763847529,0.9909681566538422
15,19,4,0.07136566031694165,0.14714626813934234,0.4849980989587577,0.6481795818610697,0.996297741304507
15,19,5,-0.032664754711631265,0.195129519282158,-0.16740037505156002,0.8736149369909293,0.9970118974932134
15,19,6,-0.05789686633484641,0.0824502515682912,-0.7022036347116525,0.5138861613274899,0.9870199575036301
15,19,7,-0.06511957322795388,0.18708996643779052,-0.34806555619998353,0.7453366371560667,0.996297741304507
15,19,8,0.12357543531544982,0.2499762141707853,0.49434877524198345,0.642011124564537,0.996297741304507
15,19,9,-0.01592309192654391,0.08441718991217859,-0.18862380923743727,0.8578046736231352,0.9970118974932134
15,19,10,-0.0940542193966516,0.1215524516433808,-0.7737747624525152,0.48225221491013814,0.9853788426768277
15,19,11,0.05706153559492303,0.2100955249400559,0.27159805336611587,0.7993724202169753,0.996297741304507
15,19,12,0.054992915986199126,0.0977202757174233,0.5627585020805591,0.5978957289696843,0.996297741304507
15,19,13,0.19036510167499895,0.1092564377499879,1.7423696543069624,0.1798050073171776,0.9327221140485742
15,19,14,-0.0008140002002783309,0.0913153405901203,-0.008914167050234777,0.9932323526613943,0.9999842973802364
15,19,15,0.00970359918522667,0.11756202583883972,0.08254025154726696,0.9374195841699248,0.9971125104614714
15,19,16,-0.1813237589092958,0.07756126720330339,-2.337813259699234,0.07956849950372857,0.8921703470566514
15,19,17,0.013624308968946243,0.13556600093944993,0.10049945321416534,0.9247835936217075,0.9971125104614714
15,19,18,-0.0026870362445406497,0.06129712555480766,-0.04383625202937536,0.9677894961196616,0.9985828574077232
15,19,20,0.014100811855216675,0.12435114708038202,0.1133951088202536,0.915180727880255,0.9970118974932134
15,20,1,0.10294260835737606,0.08836012619706742,1.165034646132359,0.2965595190572075,0.9723653007063686
15,20,2,-0.17482878957085168,0.10525762382723076,-1.6609608236658815,0.17205777238690834,0.9327221140485742
15,20,3,-0.1780505165478139,0.11761524600037036,-1.5138387462603222,0.19048681990402816,0.9327221140485742
15,20,4,0.0022252508944639727,0.13164580161934678,0.016903318351779814,0.9871675078440536,0.9999842973802364
15,20,5,-0.07887508543009591,0.05112668594751046,-1.542738082212698,0.1977621475683377,0.9327221140485742
15,20,6,-0.17780777963753452,0.09035932650494577,-1.9677855791215366,0.10622448284492551,0.9198620674939993
15,20,7,-0.014293391829622096,0.1138281578798365,-0.12556991253943903,0.9049651515339094,0.9970118974932134
15,20,8,0.13212785661714047,0.12499446105541817,1.0570696933322712,0.33885396504190557,0.977783785791819
15,20,9,-0.10291583247215251,0.11639466176596508,-0.8841971866218515,0.4170741950108156,0.9787437974965071
15,20,10,-0.23193752192248515,0.18261406248525333,-1.2700967207273248,0.2599450918538046,0.9659348365379999
15,20,11,-0.36751060690355086,0.15257297525493627,-2.408752967470573,0.06095788602721313,0.8872441397771501
15,20,12,0.09519656074105796,0.12781887096178327,0.7447770428888871,0.4899102484738759,0.9869113698394234
15,20,13,0.06112923829028934,0.1313995223462687,0.4652165943855882,0.6734651242561019,0.996297741304507
15,20,14,-0.034545772997244546,0.19513907289570356,-0.1770315523407825,0.8664314405405608,0.9970118974932134
15,20,15,-0.08907885899860159,0.1271102350648445,-0.7008000492836611,0.5146902357549487,0.9870199575036301
15,20,16,-0.01749432599866861,0.21317814424340506,-0.0820643507366856,0.9377794299607689,0.9971125104614714
15,20,17,0.03599836448760985,0.2146668858534751,0.16769407328158437,0.8749608864233959,0.9970118974932134
15,20,18,-0.08643524148199168,0.044353429499560726,-1.948783723272153,0.12312896898283338,0.9272249539364997
15,20,19,0.197037388594081,0.12773500521375053,1.5425480921444983,0.1978065016285904,0.9327221140485742
16,1,2,-0.0786756411251926,0.09517096556417703,-0.8266769246058793,0.446062926010318,0.9809403935722025
16,1,3,-0.17898793610565203,0.07013691099500612,-2.551979172790263,0.05114279727634137,0.8613675014085445
16,1,4,-0.05535480764312156,0.10042604324598083,-0.5511997272160349,0.6014036084657429,0.996297741304507
16,1,5,-0.056522506307084074,0.07459539377379533,-0.7577211332609411,0.4773120618995566,0.9844454813806669
16,1,6,0.16689014642846778,0.08627843259891142,1.9343205642407453,0.10123593940421007,0.9122920172343513
16,1,7,0.08353799317612301,0.06475637995549306,1.290034946861583,0.2534774883226642,0.9659348365379999
16,1,8,0.09064967277660842,0.09658495091961933,0.9385486239063374,0.3841895612094596,0.9787437974965071
16,1,9,-0.10543972529147638,0.04052701793658183,-2.601714378636756,0.04056883135556855,0.8473514992757766
16,1,10,-0.18385220881550993,0.04893460418136747,-3.757100152079234,0.01319685455051344,0.7391148165313298
16,1,11,-0.10206070361080141,0.17425785447253886,-0.5856878240532876,0.583522859025747,0.9929720478795291
16,1,12,-0.1754669633355962,0.10818233572154025,-1.621955767211605,0.15593950442909205,0.9327221140485742
16,1,13,0.0037329423621313444,0.12347104974372235,0.03023334109371582,0.9773293111023533,0.9998328560154682
16,1,14,0.023060958001433346,0.06084847169096087,0.3789899295774769,0.7177446137343774,0.996297741304507
16,1,15,0.03363026004660123,0.11578399043893772,0.2904569096195275,0.7812445197824165,0.996297741304507
16,1,16,0.1058521891558408,0.10448624915391352,1.0130729164074221,0.35751124444589993,0.9787437974965071
16,1,17,-0.06910098367302969,0.13128546580504566,-0.5263414594203132,0.6211545699861813,0.996297741304507
16,1,18,-0.12212502993180517,0.0978399442071744,-1.2482123831955514,0.28002814374288293,0.9710602551597926
16,1,19,0.07654312732874731,0.038147997027566174,2.006478276472285,0.10109976503018198,0.9122920172343513
16,1,20,-0.15983788148048675,0.09904273750889342,-1.6138273789587092,0.16748473880675624,0.9327221140485742
16,2,1,-0.006747136603792601,0.10678523213042512,-0.06318417321496865,0.9520679954133254,0.9979015067966054
16,2,3,-0.11218006863523668,0.0607835836424611,-1.8455652317779168,0.13870054334372697,0.9327221140485742
16,2,4,0.05813727925498609,0.10083305270745056,0.5765696633531928,0.589212897438806,0.9948917408153415
16,2,5,0.013751009485812572,0.10856244759683525,0.1266645123620699,0.9041419973998821,0.9970118974932134
16,2,6,-0.03736791778519822,0.10220876811205981,-0.36560383688279185,0.729618356036681,0.996297741304507
16,2,7,-0.051730833456792975,0.13501429418994532,-0.3831507898240176,0.7210998283420611,0.996297741304507
16,2,8,0.15099776696774206,0.13029464842196697,1.1588946191985408,0.2988350891600468,0.9723653007063686
16,2,9,-0.13440617082122178,0.06685651152227526,-2.0103676928227094,0.10059909371781611,0.9122920172343513
16,2,10,0.05419158202382037,0.030792167551392524,1.7599144955162385,0.1532321059156355,0.9327221140485742
16,2,11,0.04905917463849737,0.12794821485394492,0.38342992666303183,0.7209085276773005,0.996297741304507
16,2,12,-0.17221349480356957,0.06074869443611607,-2.8348509609837973,0.03646627382169201,0.8473514992757766
16,2,13,0.06203758527091622,0.32281008972866687,0.1921798210299709,0.8598743895556047,0.9970118974932134
16,2,14,0.03191360043355034,0.15180221135768654,0.210231459396485,0.841785523385933,0.9967052234147373
16,2,15,0.10332350560932517,0.13648188081423085,0.7570492507295127,0.4831484073934453,0.9853788426768277
16,2,16,-0.11399808953117549,0.11875835346796802,-0.9599163865215056,0.39145652688486343,0.9787437974965071
16,2,17,0.23623981919978412,0.2691038721049722,0.8778759567857637,0.4295783339434222,0.9787437974965071
16,2,18,0.041881721910465436,0.09293303763184539,0.4506655865046549,0.6828095059855118,0.996297741304507
16,2,19,-0.14089688588736898,0.08043810529361105,-1.751618656000446,0.15472343597611893,0.9327221140485742
16,2,20,0.101405316988868,0.09430437208086416,1.0752981516152784,0.34277754027299256,0.977783785791819
16,3,1,0.31891476402300634,0.15663027286017533,2.036099140973004,0.11143678367501628,0.9266880947092055
16,3,2,0.231067398215277,0.14178465285661693,1.6297066964456275,0.17849652831030405,0.9327221140485742
16,3,4,-0.1360211536101024,0.10253741442566275,-1.3265514287703053,0.2420144167232442,0.9655449183178495
16,3,5,0.12372091705979807,0.07622805292365692,1.62303656348251,0.1655089152209241,0.9327221140485742
16,3,6,0.2622028595295738,0.12985540466685758,2.0191909624419004,0.09947289050139196,0.9122920172343513
16,3,7,0.2797761790104192,0.08917565977105504,3.137360348390633,0.025742834465957157,0.8413471823780126
16,3,8,-0.004584359386915345,0.17196108226599835,-0.026659284336192766,0.9797627911458856,0.9999842973802364
16,3,9,-0.050011492249914545,0.20296325407303267,-0.2464066339401141,0.8151638558669538,0.996297741304507
16,3,10,-0.003079325336490246,0.23250446603507838,-0.013244155645648624,0.9899452125665926,0.9999842973802364
16,3,11,0.01409519065907684,0.14350555668288317,0.09822052180269228,0.9255732133665004,0.9971125104614714
16,3,12,-0.04125444377935305,0.1277784490396319,-0.32285916826424044,0.7598664009728631,0.996297741304507
16,3,13,0.1195513032470644,0.13444368045668786,0.8892296226946093,0.4393848102222846,0.9809403935722025
16,3,14,-0.11540233014072789,0.0861443800475205,-1.3396385240189546,0.2380243482949988,0.960693067998933
16,3,15,-0.06479237908432753,0.09588624644480562,-0.6757212998315438,0.5292024030043667,0.9900419620498572
16,3,16,0.032053701485237764,0.13529519277967586,0.23691678045944567,0.8221219774686523,0.996297741304507
16,3,17,-0.10833047996412797,0.16488322544382178,-0.6570133479125855,0.5470532991841596,0.9918684669151606
16,3,18,-0.03246883775687087,0.12639644573304984,-0.2568809397155708,0.8099428093202642,0.996297741304507
16,3,19,0.07560488618963813,0.21579580480919114,0.35035382757388817,0.7437445656773825,0.996297741304507
16,3,20,-0.18714841808347552,0.10571943756280801,-1.770236603562332,0.13690587254440575,0.9327221140485742
16,4,1,0.05862578999762656,0.08171376410188888,0.7174530587504037,0.5000603332215159,0.9870199575036301
16,4,2,-0.000974593814544445,0.11266808952899511,-0.008650131715289121,0.993432802543586,0.9999842973802364
16,4,3,-0.03228524881621094,0.08550251977128967,-0.3775941212281582,0.7212296127022445,0.996297741304507
16,4,5,0.044485012431059776,0.1431867758860454,0.3106782184002265,0.7665548742453185,0.996297741304507
16,4,6,-0.037165352031147535,0.11461689471490608,-0.32425718846481605,0.7567494048295743,0.996297741304507
16,4,7,-0.0031545152856750527,0.07443620261870146,-0.042378777727171815,0.9678370167980644,0.9985828574077232
16,4,8,0.10782184614195796,0.14721397204613187,0.7324158477799771,0.49152321841830526,0.9869113698394234
16,4,9,0.008326148781542779,0.07405910105867114,0.11242573380460298,0.914152878502882,0.9970118974932134
16,4,10,-0.0157408247031362,0.08685247064788199,-0.18123634924297716,0.8632997878331438,0.9970118974932134
16,4,11,0.0014251645353364404,0.09351421214658945,0.0152400849304827,0.9884300610560989,0.9999842973802364
16,4,12,-0.00966601154825514,0.08207332236729231,-0.11777288002160181,0.9100913021077924,0.9970118974932134
16,4,13,-0.0016830440865714415,0.09125527746019728,-0.01844325208793639,0.9861685410867839,0.9999842973802364
16,4,14,-0.016535460426964185,0.08013624052826614,-0.2063418537949176,0.8433476339369665,0.9970118974932134
16,4,15,0.04440794332745742,0.10205472174433719,0.43513854692849024,0.6786779517049074,0.996297741304507
16,4,16,0.038593314394700616,0.06856440355841069,0.5628768339136753,0.5978210095698051,0.996297741304507
16,4,17,-0.011229586122885925,0.15068998127052075,-0.0745211196400104,0.9434853246507804,0.9976607232147003
16,4,18,-0.04375421328032218,0.13345566514957902,-0.32785579563785455,0.7594635438595346,0.996297741304507
16,4,19,-0.03942409894137935,0.17501890494032155,-0.2252562313459625,0.8306970719783756,0.996297741304507
16,4,20,-0.09570489397920261,0.12122900572778318,-0.7894554063514815,0.4656169287735966,0.9831823609235607
16,5,1,0.15207943767733906,0.13475868767342952,1.1285316019458103,0.3021885475264548,0.9723653007063686
16,5,2,-0.10682267391589775,0.20591230505809954,-0.5187775149486002,0.6260504558999896,0.996297741304507
16,5,3,-0.014533671608126289,0.15228969750802981,-0.09543437176546059,0.9276766402681218,0.9971125104614714
16,5,4,-0.22294375272178987,0.1046175803322142,-2.131035262063017,0.0770990293400798,0.8921703470566514
16,5,6,0.1369344478903926,0.0872946458317553,1.5686465828928435,0.17752027168012066,0.9327221140485742
16,5,7,0.05420513014692024,0.04384249042978299,1.2363606541124168,0.27123197215030553,0.9663965643755636
16,5,8,0.041741861888266216,0.14062119537867074,0.2968390488757055,0.7765972111635924,0.996297741304507
16,5,9,0.057166940450499394,0.09918220955606609,0.5763830096727929,0.5853132678057533,0.9941572743937483
16,5,10,0.14168325642755789,0.129209203390421,1.0965415211047196,0.3228238575218079,0.97468787269659
16,5,11,0.010524653061336129,0.07636790164261424,0.13781514006305268,0.8957645501470556,0.9970118974932134
16,5,12,-0.0559240251820149,0.058843083752496285,-0.950392495000605,0.3786082627670728,0.9787437974965071
16,5,13,0.10899444931259455,0.13537655964436943,0.8051205437493382,0.4658830670631101,0.9831823609235607
16,5,14,-0.06528347163387443,0.08829090009512082,-0.7394133660751154,0.48756489043366164,0.9862060941886115
16,5,15,-0.0040602430393067495,0.07918515737788466,-0.05127530428309087,0.9607705747307312,0.9981155951445632
16,5,16,0.08118526627989354,0.0548215073023911,1.4809017532225288,0.1987165406792982,0.9327221140485742
16,5,17,-0.2022822108530025,0.14775489658376853,-1.3690389660754902,0.22928308803025604,0.9532557270404519
16,5,18,0.05636577575380271,0.07383812714977082,0.7633695209889174,0.4877827247440777,0.9862060941886115
16,5,19,-0.02815492171088014,0.06151118345157981,-0.4577203710051413,0.6663563413800629,0.996297741304507
16,5,20,-0.28561638408688983,0.13014281087357804,-2.1946381991253103,0.07962989450083065,0.8921703470566514
16,6,1,-0.12525044716603745,0.09874987271189103,-1.2683605935391444,0.251658001946683,0.9659348365379999
16,6,2,-0.20566409899657423,0.03804295094977362,-5.406102677541948,0.00292777999483583,0.7168717760835697
16,6,3,-0.048927623233079344,0.0698409152773428,-0.7005581619038642,0.5148288935602201,0.9870199575036301
16,6,4,-0.06645263895546288,0.11809952673602642,-0.5626833636974155,0.5940349923730749,0.996297741304507
16,6,5,0.03447112437970822,0.06222517437097992,0.5539739298059825,0.599618722878295,0.996297741304507
16,6,7,0.08808298928282461,0.07036069917243438,1.2518776862308598,0.26598639356962744,0.9659348365379999
16,6,8,-0.1300566259237452,0.11049661915195089,-1.1770190519921617,0.2837606355821505,0.9710602551597926
16,6,9,0.03620575942726944,0.05808650217836428,0.6233076199952671,0.556019271294307,0.9921578326135176
16,6,10,0.14757179627480188,0.1069551697211909,1.3797537478376223,0.22617282330210975,0.9500760958990208
16,6,11,-0.006975435928077529,0.05640147054233925,-0.12367471735896601,0.9063906837902727,0.9970118974932134
16,6,12,0.022344619301764717,0.1037050185997805,0.21546323990145397,0.8365437333923204,0.9967052234147373
16,6,13,0.047896015995777044,0.07074191267119938,0.6770528840196249,0.5355072509432707,0.9909681566538422
16,6,14,-0.012232553750677723,0.08315290427233613,-0.1471091582137345,0.8878645610280265,0.9970118974932134
16,6,15,0.12214234051272312,0.05843954504571483,2.090063165534334,0.0815911494007407,0.8921703470566514
16,6,16,0.13558032878992815,0.07918053010551353,1.7122937748401745,0.14752022229118092,0.9327221140485742
16,6,17,0.005540712893241157,0.08384605377010533,0.06608197576438085,0.9498734509990238,0.9977648266713631
16,6,18,-0.06137092438519544,0.06814418177138588,-0.9006040250095837,0.4187199043803244,0.9787437974965071
16,6,19,0.041822718757256634,0.08882427663713909,0.4708478395792409,0.6575752260388075,0.996297741304507
16,6,20,-0.06003954994744608,0.10789637613349164,-0.5564556669874384,0.6018836878937076,0.996297741304507
16,7,1,0.07027154817315828,0.09889960206253048,0.7105341852439173,0.5091316464152923,0.9870199575036301
16,7,2,0.08517788178668392,0.06037526863794909,1.4108074996081137,0.23112851649292768,0.9551865621300482
16,7,3,-0.1012982771795556,0.06136748642662103,-1.650683172416233,0.15971504912504655,0.9327221140485742
16,7,4,0.02909917365070022,0.08249204814375916,0.3527512566985395,0.7386582042000785,0.996297741304507
16,7,5,-0.038547037472138404,0.1433515032546249,-0.2688987321144529,0.7987504167522932,0.996297741304507
16,7,6,0.19491137968865482,0.09526651248042065,2.0459590113227604,0.09613627355890553,0.9122920172343513
16,7,8,-0.004282827742185832,0.09205679321086162,-0.04652375552914638,0.9646938247673761,0.9981155951445632
16,7,9,-0.00021251389556070798,0.09950513058791657,-0.00213570792081729,0.9983785434506747,0.9999842973802364
16,7,10,0.12931241373890578,0.09987314272536463,1.2947666430523743,0.25196443226375603,0.9659348365379999
16,7,11,0.26850208066671954,0.0600204300540416,4.473511443028488,0.006557923679684403,0.7296406661547277
16,7,12,-0.10967380641374858,0.11228849783272107,-0.9767145213408733,0.3735675779589651,0.9787437974965071
16,7,13,0.32301597826587314,0.13726826441874826,2.353173034068041,0.10001728070287547,0.9122920172343513
16,7,14,-0.02236901889330168,0.06627710689962839,-0.3375074733850459,0.7494421611971408,0.996297741304507
16,7,15,0.1623070469475152,0.11633856814400022,1.3951267368635782,0.22177964140032572,0.9448011629161858
16,7,16,-0.05708627773317567,0.12911086316771198,-0.4421492996958729,0.6768509753207768,0.996297741304507
16,7,17,-0.0782828275721114,0.17913014564942734,-0.4370164903727618,0.6846567404466259,0.996297741304507
16,7,18,0.12546704404836706,0.14423888846776228,0.8698558716052458,0.433464690704362,0.9787437974965071
16,7,19,-0.12083617094549676,0.08646177933829,-1.3975674785886152,0.23477480237617498,0.9551865621300482
16,7,20,0.030062379958159257,0.07265832006760732,0.4137500004097669,0.6962058483261448,0.996297741304507
16,8,1,0.1763131889245171,0.08269889323666191,2.1319897041164064,0.07699745591625777,0.8921703470566514
16,8,2,0.06434700957196722,0.09133177336584263,0.7045413353960776,0.5125488793469205,0.9870199575036301
16,8,3,-0.02156260171066477,0.15371556179032886,-0.14027598415791057,0.8939177511158877,0.9970118974932134
16,8,4,0.0948597419454237,0.10282853198954059,0.922504095985247,0.3918516297200277,0.9787437974965071
16,8,5,0.00013466077903556985,0.1704845338650565,0.0007898709400898965,0.9993953810840129,0.9999842973802364
16,8,6,0.14660051524206905,0.07583383057887999,1.933180931532221,0.1013960273072373,0.9122920172343513
16,8,7,0.036340365514259586,0.25891605637062404,0.14035578180636277,0.8938578777540024,0.9970118974932134
16,8,9,0.10523394315282279,0.1229710094309014,0.8557622128905024,0.4249791069703527,0.9787437974965071
16,8,10,-0.08170273450864395,0.05913408963427687,-1.3816520219143373,0.2256259472565861,0.9500039884487836
16,8,11,-0.019484037539837837,0.14665983670983174,-0.1328518971301897,0.8994915989889141,0.9970118974932134
16,8,12,-0.11972167813469788,0.09227477288308557,-1.2974475514027086,0.24212614151966713,0.9655449183178495
16,8,13,0.19500093890628167,0.1760784752783201,1.1074660806605925,0.3302029551271205,0.977783785791819
16,8,14,0.033213403443234306,0.14294576918160928,0.23234967801533948,0.8239889261948827,0.996297741304507
16,8,15,-0.06734952185977655,0.0753361099870354,-0.893987250874418,0.4057581517750572,0.9787437974965071
16,8,16,-0.047438599154851165,0.136647380982819,-0.3471606906280082,0.7426054216455145,0.996297741304507
16,8,17,0.055226556087973104,0.09983849893852022,0.553158918399084,0.6039759360456999,0.996297741304507
16,8,18,-0.1660070062373104,0.21061531490812646,-0.7882000713430404,0.4746647348549844,0.9844454813806669
16,8,19,-0.1227682586655403,0.1996098057116985,-0.6150412211825032,0.5654376535529506,0.9921578326135176
16,8,20,-0.17279739901801222,0.0934108812015607,-1.8498637074550504,0.12357037557041894,0.9272249539364997
16,9,1,-0.0240345252657883,0.163751912371359,-0.14677401269754745,0.8881178981522289,0.9970118974932134
16,9,2,-0.03548746925727691,0.10340115432779763,-0.34320186740307507,0.7454059895652172,0.996297741304507
16,9,3,-0.22400402729966498,0.13322334500066693,-1.6814172268145808,0.15351070598343175,0.9327221140485742
16,9,4,-0.010994512611720108,0.12645554640720522,-0.08694369621581673,0.9335452518842454,0.9971125104614714
16,9,5,-0.026728242416004324,0.12915897432423212,-0.20694065244510673,0.8429005108873,0.9970118974932134
16,9,6,0.2689761935949331,0.1168831906706012,2.301239314647538,0.060996755303574075,0.8872441397771501
16,9,7,-0.053381189985399154,0.1093488017667887,-0.4881735247429465,0.6460811916274163,0.996297741304507
16,9,8,-0.014600812277630923,0.22170942019473378,-0.06585562428849777,0.9496322580951998,0.9977648266713631
16,9,10,0.10586098629476076,0.09132378908589642,1.1591830272617347,0.29872785801854,0.9723653007063686
16,9,11,-0.08396254158145322,0.1632486868354217,-0.5143229217248484,0.628944034111238,0.996297741304507
16,9,12,-0.16113841197171486,0.18383238163032944,-0.8765507498829739,0.41444337730871605,0.9787437974965071
16,9,13,0.18196913869454137,0.19582055504142773,0.9292647477948103,0.4053527840924318,0.9787437974965071
16,9,14,-0.0415578280299374,0.10880419304794975,-0.38195061114272505,0.7156597391750001,0.996297741304507
16,9,15,-0.05133200072632024,0.13063783413073013,-0.39293364795499475,0.7079491940296565,0.996297741304507
16,9,16,0.028153032364933085,0.0578793739735233,0.48640872268807145,0.6472469525662738,0.996297741304507
16,9,17,-0.17639878352115412,0.06297982989496216,-2.800877420795695,0.03795431034055244,0.8473514992757766
16,9,18,0.017011943942493633,0.1841535089991653,0.09237914626149406,0.9308385454610282,0.9971125104614714
16,9,19,0.0005408254842632053,0.19780700433970028,0.002734106843515482,0.9979242326064367,0.9999842973802364
16,9,20,-0.006533380474266303,0.18414009114076918,-0.03548048897855852,0.9730695180784749,0.9998192749453514
16,10,1,0.04169733619878974,0.05712892560673927,0.7298813299079617,0.4982077205270748,0.9870199575036301
16,10,2,-0.0761893483102941,0.12570749350397534,-0.6060843803816566,0.5771700253600182,0.9921578326135176
16,10,3,0.08447524739345488,0.09286829988941682,0.9096241397025076,0.4047350075519769,0.9787437974965071
16,10,4,-0.035574376140731105,0.09842653446991795,-0.36143074966478933,0.7325481314214247,0.996297741304507
16,10,5,0.13970166450485214,0.14440712340783945,0.9674153269387866,0.3777679109517163,0.9787437974965071
16,10,6,0.023981542131315665,0.09339530229468815,0.25677460794966384,0.8075839246112355,0.996297741304507
16,10,7,0.14842351680441876,0.06477619802225511,2.2913280083393235,0.07053222608113288,0.8921703470566514
16,10,8,0.16026284097464993,0.15754535200421715,1.017248931401942,0.3557042163905067,0.9787437974965071
16,10,9,0.08312090981658038,0.15546039515771926,0.5346757914240282,0.6157856498924245,0.996297741304507
16,10,11,0.1123298070152578,0.09067150713977395,1.2388655549847405,0.27037889449521657,0.9659348365379999
16,10,12,-0.13487117703597057,0.05502572673480218,-2.451056715407584,0.05786116366588272,0.8826836026958972
16,10,13,0.13742528917748262,0.13126481059489095,1.0469316837743907,0.3720478216038859,0.9787437974965071
16,10,14,-0.1403577060952556,0.0782692750523247,-1.7932669748075496,0.13290473180659074,0.9327221140485742
16,10,15,0.18923833687098698,0.08516108347344868,2.222122231779321,0.07692275177886018,0.8921703470566514
16,10,16,0.10933261324153123,0.1320076212472344,0.8282295537765669,0.4452608347232935,0.9809403935722025
16,10,17,-0.10454191853965393,0.07781102333076943,-1.343536096343441,0.250254511386009,0.9659348365379999
16,10,18,0.21998346413214245,0.10225702751208395,2.1512796673460435,0.09784103766909986,0.9122920172343513
16,10,19,-0.13794820456452814,0.040303489106942265,-3.4227360364525827,0.026713005858824277,0.8413471823780126
16,10,20,-0.08399254498040797,0.09274031961191388,-0.9056745257185008,0.4066326006410878,0.9787437974965071
16,11,1,-0.1925188322957174,0.15113059844240098,-1.2738574072927824,0.2587137586942313,0.9659348365379999
16,11,2,0.030118785588037877,0.11670122338205116,0.2580845745650693,0.8090764298998251,0.996297741304507
16,11,3,0.07446976431769659,0.14662349031007238,0.5078979102168661,0.6331308555925244,0.996297741304507
16,11,4,0.027890458680812958,0.0819336192577337,0.3404031084326838,0.7473885961007801,0.996297741304507
16,11,5,0.09210150034028407,0.20200001481770727,0.4559479880382391,0.6675466072730073,0.996297741304507
16,11,6,-0.08504712392728873,0.22029209426448793,-0.38606525672588626,0.7153295427966385,0.996297741304507
16,11,7,0.05532417147853035,0.1798848927648999,0.30755318374916885,0.7708207153545306,0.996297741304507
16,11,8,0.0478051196693288,0.19593778729752623,0.2439811142528319,0.8169404822128876,0.996297741304507
16,11,9,-5.93503085508434e-05,0.09156014602287207,-0.0006482111609495386,0.9995078694551284,0.9999842973802364
16,11,10,0.03355585413839563,0.1317319620209799,0.25472826505686397,0.8090781244740756,0.996297741304507
16,11,12,0.18515842705740873,0.18932532717682252,0.9779907940341228,0.3729940899894543,0.9787437974965071
16,11,13,0.3001117516143076,0.15270796152412888,1.965265914213141,0.14411014539304984,0.9327221140485742
16,11,14,-0.034735854785848966,0.11287587440202917,-0.30773497852891746,0.7706902444953544,0.996297741304507
16,11,15,0.13389389383083375,0.16761643453131692,0.7988112514409715,0.46914263656075633,0.9834109341406547
16,11,16,-0.03579175695321452,0.1476067270336377,-0.24248052695332478,0.8180402462850844,0.996297741304507
16,11,17,0.06658711334584336,0.1976457510366627,0.3369013145805231,0.7531261148721964,0.996297741304507
16,11,18,0.0625023473508318,0.18523106282014304,0.33742908127230975,0.752757071972892,0.996297741304507
16,11,19,-0.2985284459018948,0.23770494970100986,-1.2558781223366788,0.2775128265266761,0.9705924903832205
16,11,20,-0.16540077565411385,0.23547350752582497,-0.702417768314219,0.5137635662897093,0.9870199575036301
16,12,1,-0.0902079121997455,0.1425913228569275,-0.6326325500859907,0.5503069414554076,0.9921578326135176
16,12,2,-0.009926354290140252,0.15144084694446586,-0.06554608277986422,0.9502792525688389,0.9977648266713631
16,12,3,-0.02120235020111024,0.06659045097065315,-0.3183992583281326,0.7630518684070415,0.996297741304507
16,12,4,-0.06629609936659778,0.07752816083253794,-0.8551228180034256,0.42530627364003604,0.9787437974965071
16,12,5,0.025847023644978595,0.1055633735073776,0.24484840514240813,0.8147326990589414,0.996297741304507
16,12,6,0.10808010669603361,0.07577435593775333,1.4263414760449071,0.20366484178772426,0.9327221140485742
16,12,7,-0.016975352807257513,0.04704766676976167,-0.36081178881769854,0.7329831233318732,0.996297741304507
16,12,8,0.11708463362829892,0.17497003969347935,0.6691696123104507,0.5282809154711551,0.9900419620498572
16,12,9,-0.04088015036290183,0.1223850823188025,-0.33402886681955696,0.751912279624627,0.996297741304507
16,12,10,0.09495954279554025,0.1521348971771984,0.6241798861198321,0.559880392844693,0.9921578326135176
16,12,11,-0.04220494520987246,0.10308014523753693,-0.4094381620457202,0.6991680402471426,0.996297741304507
16,12,13,0.11684413825407096,0.04975057033179516,2.348598970272473,0.07863561579727825,0.8921703470566514
16,12,14,-0.15605908337089955,0.07759204276613038,-2.0112769016697345,0.09099339858608164,0.9113969002834877
16,12,15,0.06502221832948306,0.07973776844945006,0.8154506903449221,0.4459694859247893,0.9809403935722025
16,12,16,-0.10495809999359193,0.09603712588178281,-1.0928908901511434,0.32427865445833237,0.97468787269659
16,12,17,-0.10410372251192401,0.10731032823483941,-0.9701183867701146,0.3765430204858363,0.9787437974965071
16,12,18,0.04937690458994628,0.022069513296528724,2.2373354556702143,0.08888425796981617,0.9042343601680186
16,12,19,-0.0718010529041679,0.17398794285602268,-0.41267832543529487,0.6969415086561396,0.996297741304507
16,12,20,-0.09824462884471383,0.07349605283778483,-1.3367334033599807,0.2389047615272496,0.9632234417013777
16,13,1,-0.3401390452060096,0.21819318140873514,-1.5588894346211388,0.19402857713651925,0.9327221140485742
16,13,2,-0.05001237734338547,0.27095068595136684,-0.18458110621715737,0.8653303856939498,0.9970118974932134
16,13,3,-0.05723684858760262,0.16461609732181498,-0.34769897670068184,0.7510315170633352,0.996297741304507
16,13,4,0.3176684674684913,0.18306704063922116,1.735257566613535,0.1577099468016131,0.9327221140485742
16,13,5,-0.11932785965782543,0.16152442618663349,-0.73876046164813,0.5010541353444984,0.9870199575036301
16,13,6,0.0260968830902769,0.09899369979432981,0.263621656168346,0.8050951073213812,0.996297741304507
16,13,7,-0.18654899005472608,0.13026357962317814,-1.4320886205717385,0.2475326295832838,0.9659348365379999
16,13,8,-0.06724283437576413,0.04006088216536985,-1.6785160670329142,0.19183895700651094,0.9327221140485742
16,13,9,-0.26122221640411586,0.11724379752918186,-2.228025890553996,0.08980760404022257,0.9076300408320367
16,13,10,-0.11860118670823683,0.26694570608751444,-0.44428954653764235,0.6869283789502808,0.996297741304507
16,13,11,0.008703871783365057,0.13264483892371642,0.06561786989922017,0.9518100568533353,0.9979015067966054
16,13,12,0.13630271833394098,0.14384097949943425,0.947593090698673,0.39699401788751637,0.9787437974965071
16,13,14,0.08565005029468797,0.131530294556571,0.6511811638739912,0.5613613133172459,0.9921578326135176
16,13,15,0.12893493307910597,0.15659788734765004,0.8233503993067596,0.4565647883597419,0.9823636982311391
16,13,16,0.008848991808926161,0.2715573854355302,0.03258608413356665,0.9760514509126721,0.9998192749453514
16,13,17,0.05414984055668873,0.21734965311239546,0.24913700013331846,0.8155247362182161,0.996297741304507
16,13,18,-0.2462464387645472,0.13349397603673913,-1.8446258480976896,0.16228932181949313,0.9327221140485742
16,13,19,-0.2561966044358719,0.21655139524122044,-1.1830752886597977,0.3583559306181974,0.9787437974965071
16,13,20,-0.052005817172317184,0.19248399821128737,-0.2701825484472784,0.8045403212020511,0.996297741304507
16,14,1,-0.031865771609978784,0.1505246684818006,-0.2116980022687767,0.8393504916599734,0.9967052234147373
16,14,2,0.000363843041679229,0.1027284931586614,0.003541792841385704,0.9973110302331327,0.9999842973802364
16,14,3,-0.24266573195032715,0.07271738182392218,-3.3371076606495635,0.02061771682499088,0.8394596075808679
16,14,4,0.08543136463930383,0.10750883261605633,0.7946450776152331,0.45709173562536654,0.9823636982311391
16,14,5,-0.10434333526199936,0.19880475451173474,-0.5248533191157432,0.6185044884987038,0.996297741304507
16,14,6,-0.10488705275346483,0.1254682387798574,-0.8359649722720692,0.4412809118367766,0.9809403935722025
16,14,7,0.08550525684868604,0.13835071887283945,0.6180326169946205,0.5700058842959823,0.9921578326135176
16,14,8,-0.16493115854577492,0.1440975227942764,-1.144580110374954,0.3041999983627933,0.9723653007063686
16,14,9,-0.00019782025696988163,0.042007011637878976,-0.004709219943338982,0.9964247130689625,0.9999842973802364
16,14,10,-0.17822406162956042,0.12352849789378455,-1.4427768868472992,0.20866992258395362,0.933394762406013
16,14,11,-0.13457897527447857,0.17577290122199074,-0.7656412014486105,0.4784543830939598,0.9851675186979395
16,14,12,0.005173025034771027,0.15909781212660948,0.03251474652977526,0.9751161969969011,0.9998192749453514
16,14,13,-0.04194519446310934,0.14876476761733848,-0.2819565084840605,0.7963088287566872,0.996297741304507
16,14,15,-0.05077979280776321,0.18469861484324887,-0.27493326276747865,0.7925894726535001,0.996297741304507
16,14,16,-0.061805560380432015,0.163796389864982,-0.37733163979377843,0.721412783008297,0.996297741304507
16,14,17,0.29905546423012136,0.0447621886915547,6.680983950185245,0.0026094950498800366,0.7168717760835697
16,14,18,-0.06179543717054016,0.11640071708055921,-0.5308853649693719,0.6236065718889275,0.996297741304507
16,14,19,0.14767418373444932,0.1810702609169417,0.8155628814240955,0.4518362138350381,0.9821724587469413
16,14,20,-0.04385261296660465,0.17874520929728713,-0.24533587858807512,0.8159480001754622,0.996297741304507
16,15,1,-0.20414180808874147,0.13140322247070527,-1.5535525251878721,0.17128344499864764,0.9327221140485742
16,15,2,-0.1418158535556168,0.0747794981311357,-1.8964536684242992,0.11639182681931136,0.9266880947092055
16,15,3,-0.004906312614962173,0.23501284355508942,-0.02087678503320269,0.9841514469418952,0.9999842973802364
16,15,4,0.15566277023502395,0.12087201886322695,1.2878313086660422,0.24524141712689962,0.9659348365379999
16,15,5,-0.01964838634921328,0.19217957381464096,-0.10223972277127691,0.921897708697673,0.9971125104614714
16,15,6,0.3809864897245802,0.09492442951311134,4.013576817629894,0.00700982670833723,0.7296406661547277
16,15,7,-0.024621527385965063,0.10131645153074163,-0.24301608488776705,0.8176476870963035,0.996297741304507
16,15,8,-0.05430565438611082,0.16763886662507888,-0.32394429453666274,0.7569747986669128,0.996297741304507
16,15,9,0.06519749241624889,0.085965759060269,0.7584123391475172,0.47692790847694966,0.9844454813806669
16,15,10,-0.1308997381522808,0.06803725788481495,-1.923942002071368,0.11235937818639775,0.9266880947092055
16,15,11,-0.0587500482338941,0.06048755236432342,-0.9712750133955593,0.3760198854061217,0.9787437974965071
16,15,12,0.06380591537443955,0.1497795508246842,0.4259988431177623,0.6849672361273142,0.996297741304507
16,15,13,0.1296438075531084,0.20581038696985784,0.6299186812736792,0.5629386617480268,0.9921578326135176
16,15,14,-0.06794563476549002,0.0999638387794269,-0.6797021362368278,0.5220380798009797,0.9900419620498572
16,15,16,0.03239803371822505,0.05896573303792314,0.5494383271185518,0.6063423585310834,0.996297741304507
16,15,17,0.1944767052860556,0.1324234785038005,1.4685968642562548,0.20187816236320164,0.9327221140485742
16,15,18,-0.2701393302548437,0.078903994982964,-3.423645790175076,0.02669071506226649,0.8413471823780126
16,15,19,0.10481211662190737,0.06207656405472571,1.6884329572077836,0.1521285068475272,0.9327221140485742
16,15,20,-0.2019642133958363,0.09747046377484048,-2.0720555291529883,0.09299626487855471,0.9122920172343513
16,16,1,0.017196022643962718,0.09853036950381833,0.17452510053889322,0.868299525195523,0.9970118974932134
16,16,2,0.09134700675439669,0.0888059706153154,1.0286133479589992,0.36179159822199664,0.9787437974965071
16,16,3,-0.15182252461139342,0.07586224498130811,-2.001292271890979,0.10177139492482194,0.9122920172343513
16,16,4,-0.05076027401485804,0.11144485447927131,-0.45547436219986226,0.6678648644546866,0.996297741304507
16,16,5,-0.21366956705314988,0.07090334134049193,-3.0135331143852953,0.029635249683455513,0.8442257097777721
16,16,6,-0.006894704017934719,0.08874895494098453,-0.07768772063222387,0.9410895353288304,0.9976607232147003
16,16,7,0.2550681626221882,0.06907348779071892,3.692707155476341,0.01410587663814167,0.7512456407908799
16,16,8,-0.10794322413726712,0.09300625891955268,-1.160601720680689,0.2982008761994566,0.9723653007063686
16,16,9,-0.04845863379406005,0.09973044727577948,-0.4858960840672255,0.6475857972183775,0.996297741304507
16,16,10,-0.10481797574300199,0.08571617048830685,-1.222849494379571,0.27587541608437793,0.9694096624619497
16,16,11,0.06198250111820322,0.07213394904013047,0.8592694832617725,0.42945382468225834,0.9787437974965071
16,16,12,0.05621773776289174,0.07152917268514501,0.785941394982483,0.46749520466144784,0.9831823609235607
16,16,13,0.08929989014332367,0.10827347796618252,0.8247623685866107,0.4699688029023326,0.9844454813806669
16,16,14,-0.0011938347513881567,0.0754467901950934,-0.015823532694833886,0.987987163823651,0.9999842973802364
16,16,15,-0.012664510501966368,0.059841986350998334,-0.21163252214711045,0.8407497159556457,0.9967052234147373
16,16,17,0.21004828631114283,0.09001560888422833,2.333465150238094,0.07994810654176265,0.8921703470566514
16,16,18,0.07604997246366905,0.07473240319602652,1.017630495076799,0.366398317855818,0.9787437974965071
16,16,19,-0.03778068397354035,0.06122588190077724,-0.6170704741199271,0.5705805641841544,0.9921578326135176
16,16,20,-0.08022862565617334,0.053748365981413575,-1.492670971289138,0.19573718553531816,0.9327221140485742
16,17,1,0.13897878345783687,0.0782642294204626,1.7757637746539208,0.13593460343687014,0.9327221140485742
16,17,2,-0.10507642878630677,0.11375185368004392,-0.9237337712397836,0.4079041915917083,0.9787437974965071
16,17,3,-0.11321701429444317,0.19336166794007223,-0.585519433608457,0.589640117660048,0.9950115771194574
16,17,4,0.23478782158637826,0.21445332679904328,1.0948201414720644,0.32350913578355256,0.97468787269659
16,17,5,-0.08910120476462502,0.07139801273378106,-1.247950767139769,0.267305138103749,0.9659348365379999
16,17,6,-0.06739316051384568,0.16356082459569257,-0.4120372997630905,0.6973817266938585,0.996297741304507
16,17,7,-0.07312253538105125,0.22462363575622438,-0.3255335759059784,0.7610942444649786,0.996297741304507
16,17,8,0.12676922674993946,0.18527475845894265,0.6842228688013516,0.5242521084452102,0.9900419620498572
16,17,9,-0.09076348381956552,0.16914530585706394,-0.5366006662681405,0.6145495004321161,0.996297741304507
16,17,10,-0.026266278796091974,0.15575768639965967,-0.1686355222850866,0.8742671267375994,0.9970118974932134
16,17,11,-0.11420510493446148,0.09843692914716837,-1.1601855718452845,0.3105019609837383,0.9723653007063686
16,17,12,-0.0959857484601206,0.14631065707768542,-0.6560407175842273,0.5407821471795059,0.9909681566538422
16,17,13,0.01606127885851619,0.2624455045932929,0.061198529132152096,0.9541368811648225,0.9981155951445632
16,17,14,0.16156201236552553,0.1578609877447159,1.0234448337911788,0.35303717996943296,0.9787437974965071
16,17,15,0.10306472702293974,0.11155992259480367,0.9238508294448792,0.3979578306892171,0.9787437974965071
16,17,16,-0.013441423113889855,0.09716846446635623,-0.1383311261279168,0.8966631877306839,0.9970118974932134
16,17,18,0.036118204687472115,0.15535323710749027,0.23249084061408465,0.831114886173449,0.996297741304507
16,17,19,-0.10102883269667404,0.11966360426818654,-0.8442736896793358,0.44605251957222036,0.9809403935722025
16,17,20,-0.01118363638681674,0.16712915415700053,-0.06691613107934452,0.9498596646869314,0.9977648266713631
16,18,1,0.024858592861937468,0.04429700285928247,0.5611800179877667,0.6138633678983251,0.996297741304507
16,18,2,0.008896356399877762,0.08172307364201174,0.10885978712376174,0.9201865950238232,0.9971125104614714
16,18,3,-0.01134176729389148,0.08055490593776343,-0.14079548801799,0.8948372268192174,0.9970118974932134
16,18,4,0.03502422076641665,0.07123510349366137,0.49167080622044007,0.6487114342347087,0.996297741304507
16,18,5,0.048076354718496896,0.2286145336362428,0.21029439359609,0.8437156588036043,0.9970118974932134
16,18,6,-0.027572354271072293,0.1508654041798072,-0.18276127930580915,0.8638745850749856,0.9970118974932134
16,18,7,0.11542622607444776,0.15144709129608838,0.7621554503679455,0.4884311550468783,0.9869113698394234
16,18,8,-0.16981632374067424,0.12325326125035029,-1.3777836141338924,0.26205730878269,0.9659348365379999
16,18,9,0.10961175620747059,0.13819169981995222,0.7931862503282673,0.4720636542996587,0.9844454813806669
16,18,10,0.06120302266534783,0.07612704394017449,0.8039590071649324,0.46648181777406517,0.9831823609235607
16,18,11,0.007220674841990816,0.05995721475810052,0.12043045813589659,0.9099490374096516,0.9970118974932134
16,18,12,0.048789147142312986,0.11196427668795728,0.4357563732390451,0.6854980868673287,0.996297741304507
16,18,13,0.22525924175258563,0.11778213778975369,1.9125076686311366,0.15175115716875226,0.9327221140485742
16,18,14,0.022159639493339454,0.20599521578400906,0.10757356382716575,0.9195137457597322,0.9971125104614714
16,18,15,0.042324809021473626,0.09300684950768486,0.4550719570123853,0.6726627942288088,0.996297741304507
16,18,16,-0.10861688525194996,0.05690178050860046,-1.9088486208902398,0.12891686180071327,0.9327221140485742
16,18,17,0.01507269861403418,0.11212804180518138,0.13442398860481353,0.9015788850738375,0.9970118974932134
16,18,19,0.037492643829617,0.30191595897069184,0.12418238491703043,0.9090242797827169,0.9970118974932134
16,18,20,0.2265949946995498,0.18915722937933288,1.1979187654728327,0.29707588504018934,0.9723653007063686
16,19,1,-0.15435644684348201,0.14335199910876947,-1.0767652198926507,0.3307723581749406,0.977783785791819
16,19,2,0.00645591395545322,0.14194219328379715,0.04548269831578463,0.965902669684229,0.9981155951445632
16,19,3,0.05402034828167317,0.15724174102952254,0.34354967025700356,0.7484830864040054,0.996297741304507
16,19,4,-0.12341196315004518,0.15679200986965952,-0.7871062004489251,0.46687198900672344,0.9831823609235607
16,19,5,0.17458489224428234,0.20141661208541617,0.8667849708909715,0.4256919640547021,0.9787437974965071
16,19,6,0.04934165837622522,0.09281841203248908,0.5315934338374874,0.617768139949407,0.996297741304507
16,19,7,-0.20393289697068137,0.17076071371948282,-1.1942612122393557,0.2983531361752985,0.9723653007063686
16,19,8,-0.40994403406781976,0.2151019219804357,-1.905812975967736,0.11500232534184142,0.9266880947092055
16,19,9,-0.035324667254451325,0.09218116274208775,-0.38320917423120876,0.717316289891954,0.996297741304507
16,19,10,0.0732321240353234,0.13149670366635774,0.5569122418503809,0.6072757054433267,0.996297741304507
16,19,11,0.31306231040327026,0.15750258034243678,1.9876646447355537,0.11776464971601493,0.9266880947092055
16,19,12,-0.02593795160732577,0.11063792026859372,-0.2344399781207223,0.8239410974091348,0.996297741304507
16,19,13,0.11032890595311284,0.187001267842002,0.5899901494023031,0.5966881225812439,0.996297741304507
16,19,14,-0.06976429023628002,0.09586076647957269,-0.7277668727009247,0.49939353922438157,0.9870199575036301
16,19,15,0.20807553564918238,0.0905980241220059,2.296689554362422,0.07006145654912133,0.8921703470566514
16,19,16,-0.12615985141970767,0.10786703187025276,-1.1695867516804275,0.3071049355849652,0.9723653007063686
16,19,17,0.033364439648260885,0.19910186529300822,0.16757472160791934,0.8750488471478839,0.9970118974932134
16,19,18,0.020514869247278647,0.06154107063313222,0.33335249185444926,0.7608072800425228,0.996297741304507
16,19,20,0.17330650017660357,0.09750355760837766,1.7774377102311532,0.15013196739231485,0.9327221140485742
16,20,1,-0.055573225368838575,0.08900796702211208,-0.6243623714538751,0.5597697802538882,0.9921578326135176
16,20,2,-0.1781495919201532,0.07891166399979924,-2.2575825028648344,0.08691258530942673,0.9004251543150552
16,20,3,0.04376712185713089,0.1302775510988552,0.33595290583551307,0.7505456231836305,0.996297741304507
16,20,4,-0.08770804361394977,0.11563623794496233,-0.7584823336689349,0.4823631800011398,0.9853788426768277
16,20,5,-0.02240415291725466,0.060708118305095954,-0.36904706557187045,0.7307973460522421,0.996297741304507
16,20,6,-0.059491512147443144,0.10842523725205677,-0.5486869446141418,0.6068209291897305,0.996297741304507
16,20,7,-0.048194125882826004,0.10352448171483512,-0.4655336117993259,0.6611225527184112,0.996297741304507
16,20,8,-0.05964745052216228,0.1254316701624003,-0.4755374017140912,0.6544533296268505,0.996297741304507
16,20,9,0.09160834080814018,0.10862317298401672,0.8433590944795588,0.4375018312879966,0.9809403935722025
16,20,10,0.026716455309264378,0.1944277529024286,0.13741070865811178,0.8960681373212276,0.9970118974932134
16,20,11,-0.0031776243028394688,0.20799833753476116,-0.015277162021995198,0.9884019155641238,0.9999842973802364
16,20,12,0.07260929723641107,0.1206649789258319,0.6017429239385146,0.5735867836782512,0.9921578326135176
16,20,13,0.16082131311385262,0.10352133573363403,1.5535088682211462,0.21812533209853355,0.9440504122715575
16,20,14,-0.12275265497526014,0.17306373081790322,-0.709291625659628,0.5098388776095517,0.9870199575036301
16,20,15,0.1642365723718085,0.09934961441280314,1.6531173607553555,0.15921467333536804,0.9327221140485742
16,20,16,-0.2086310270003859,0.17448001482523098,-1.1957302227889353,0.28541180661037147,0.9710602551597926
16,20,17,0.06578190292913105,0.22320303091581273,0.2947177852331576,0.78287234479752,0.996297741304507
16,20,18,-0.06697047097378676,0.048827850648280144,-1.3715629519476729,0.2421033102361143,0.9655449183178495
16,20,19,0.08526714639851216,0.16347917271762882,0.5215780394562504,0.6295114015711091,0.996297741304507
17,1,2,0.03827870759759523,0.1045293545559994,0.3662005544741216,0.729199847384714,0.996297741304507
17,1,3,0.06854105060888555,0.10678684563206661,0.6418491922160661,0.549235559616533,0.9921578326135176
17,1,4,0.0366343605717035,0.10184499686989217,0.35970702240920577,0.7313879017500539,0.996297741304507
17,1,5,0.04795992277438109,0.07558822299618864,0.6344893539323562,0.549173866175353,0.9921578326135176
17,1,6,-0.08061635584000068,0.10489449689586265,-0.7685470470320915,0.4713199451082759,0.9844454813806669
17,1,7,-0.06465889555245986,0.07248820705725223,-0.8919919277421131,0.41326064146854485,0.9787437974965071
17,1,8,0.13209878292150384,0.08826021394834861,1.4966968355335464,0.1851119433650635,0.9327221140485742
17,1,9,-0.07122903113517068,0.051475878200635636,-1.3837361036592746,0.21571693391756117,0.9425722664941841
17,1,10,-0.008960995136041339,0.099802095647123,-0.08978764501735059,0.9319417179379057,0.9971125104614714
17,1,11,0.061824496629871974,0.18600193775248108,0.33238630401695857,0.7530798181004648,0.996297741304507
17,1,12,0.17427989738479682,0.10850167490852793,1.6062415398667054,0.1593441406556568,0.9327221140485742
17,1,13,-0.037447613052992094,0.11005545935357747,-0.34026129437471253,0.7507780028570376,0.996297741304507
17,1,14,0.01212847336060864,0.061373076775800346,0.1976187930860479,0.8498683128107779,0.9970118974932134
17,1,15,0.05237717920318652,0.11461764074608434,0.4569731052025593,0.6637680368046264,0.996297741304507
17,1,16,-0.12900904414797632,0.10493103100054094,-1.229465134542343,0.27359290660961355,0.9670747067692197
17,1,17,0.03632857161707673,0.11717089450854004,0.31004774495528714,0.7690311651838211,0.996297741304507
17,1,18,0.03298162234626772,0.12278310309903208,0.2686169473937909,0.8015094650727251,0.996297741304507
17,1,19,0.02974507188651861,0.04741314103485991,0.6273592349433581,0.5579552543575104,0.9921578326135176
17,1,20,-0.018286784519501144,0.12724427488336879,-0.14371400627744524,0.8913388841505078,0.9970118974932134
17,2,1,-0.030853889817539625,0.11066150736422384,-0.27881320752039274,0.7915520435626243,0.996297741304507
17,2,3,-0.05404304110135666,0.08802086549024883,-0.6139798876066459,0.5724291798512096,0.9921578326135176
17,2,4,0.038456083683554444,0.10733422255026129,0.3582835256964606,0.734761108765928,0.996297741304507
17,2,5,0.040454160534355854,0.11205984937027676,0.36100495191924725,0.7328473603974964,0.996297741304507
17,2,6,0.14339482697614694,0.087040626226024,1.6474470967400545,0.16038268474077702,0.9327221140485742
17,2,7,0.1710364690126308,0.12691367454283617,1.3476598926584114,0.24903846549327285,0.9659348365379999
17,2,8,-0.24617132885838486,0.10653394986032647,-2.3107312662190984,0.06884444905808466,0.8921703470566514
17,2,9,0.045592208776696695,0.09161029597925097,0.4976755973643542,0.6398243124614628,0.996297741304507
17,2,10,0.04150594820500499,0.040672653314481395,1.0204878418690826,0.36519487611676243,0.9787437974965071
17,2,11,-0.2389788486838028,0.08219796937001304,-2.9073570857345077,0.043793891534915745,0.8473514992757766
17,2,12,0.09261831273135224,0.09364707791990327,0.9890144443116531,0.36807062032005367,0.9787437974965071
17,2,13,0.23861440921801602,0.2751197703653074,0.8673110220334715,0.44958037349481544,0.981074365092707
17,2,14,-0.09365646751504102,0.15355658327938687,-0.6099150262026138,0.568570232093225,0.9921578326135176
17,2,15,-0.12223616647075028,0.14013355953170695,-0.8722833194158645,0.4229559172864434,0.9787437974965071
17,2,16,0.20025285436563595,0.10714409295184513,1.869005083217874,0.1349863709898893,0.9327221140485742
17,2,17,-0.3211030829311952,0.21918722306767038,-1.4649717188606155,0.21679162129366236,0.9425722664941841
17,2,18,-0.14153208024604524,0.07172862652103106,-1.973160328151194,0.14300603033569662,0.9327221140485742
17,2,19,0.002036092532391327,0.10484509728133823,0.01942000708825055,0.9854361389450491,0.9999842973802364
17,2,20,-0.027582808395191696,0.11839514636691023,-0.23297245910300024,0.8272186675923239,0.996297741304507
17,3,1,0.12846550355014175,0.20955268196971186,0.6130463344205574,0.5729883682968074,0.9921578326135176
17,3,2,-0.1081796565909568,0.1962920368583706,-0.5511158696084033,0.6108893649234468,0.996297741304507
17,3,4,-0.034320122548083185,0.12350845354382481,-0.27787670854147173,0.7922309931701748,0.996297741304507
17,3,5,0.0300951764627353,0.09740204548369558,0.3089788958021836,0.7697977381935849,0.996297741304507
17,3,6,0.0549312686722779,0.18098696307591441,0.3035095331641851,0.7737249839463813,0.996297741304507
17,3,7,0.041423498783153045,0.1593193585585919,0.2600029221662914,0.8052285648975873,0.996297741304507
17,3,8,0.15077420989606835,0.16638027337158595,0.9062024411898281,0.40637855770943315,0.9787437974965071
17,3,9,-0.06873778054340036,0.21092921527831407,-0.32588079585076574,0.7577112767660823,0.996297741304507
17,3,10,-0.1959434028233866,0.22634712096168366,-0.8656765855470743,0.4262451619239549,0.9787437974965071
17,3,11,0.2990504662372965,0.06781648228800405,4.40970183270307,0.006958509968171311,0.7296406661547277
17,3,12,0.02671487759290024,0.13424158091811755,0.19900598167863004,0.8500974469125051,0.9970118974932134
17,3,13,-0.23955384895995957,0.03698787667522948,-6.476550439942138,0.00747080656767432,0.7296406661547277
17,3,14,0.059812798318662,0.1013601967032939,0.5901014428095339,0.5807808162986976,0.9927843962825581
17,3,15,-0.014450431800358363,0.10436708097771571,-0.13845775569123503,0.8952822111778743,0.9970118974932134
17,3,16,-0.04594049001730416,0.1405323822296081,-0.326903232465793,0.7569826046803203,0.996297741304507
17,3,17,0.15611726205222978,0.1401810988966952,1.1136826810450735,0.3278216782564084,0.977783785791819
17,3,18,-0.12264104470699559,0.12238388140920292,-1.0021012840402628,0.37299977997450284,0.9787437974965071
17,3,19,0.04286374179687857,0.21375569433823494,0.20052678329519902,0.8508516587048894,0.9970118974932134
17,3,20,-0.1324566260214387,0.12768800996153373,-1.0373458405397984,0.3471142709069154,0.9778316154669235
17,4,1,0.07959908195028363,0.07870176358706135,1.0114015026006151,0.3508583440749015,0.9787437974965071
17,4,2,-0.1228254707758859,0.10400144390645938,-1.1809977454272285,0.2907149021194939,0.9720339886089545
17,4,3,-0.017711101289719297,0.09017320675564397,-0.19641201557262286,0.8520213446316148,0.9970118974932134
17,4,5,-0.10463245805130458,0.13786810348197046,-0.758931583215902,0.476639467731879,0.9844454813806669
17,4,6,-0.06115705068251989,0.1128887912404947,-0.5417459963026011,0.6075087433556758,0.996297741304507
17,4,7,0.015327541820617114,0.07741561267983378,0.19799031861711067,0.8508506058193608,0.9970118974932134
17,4,8,0.06953005458440004,0.15100929641986477,0.4604355906050904,0.6614188263256437,0.996297741304507
17,4,9,0.044537063707105556,0.07187289466488506,0.6196642547116634,0.558261077973909,0.9921578326135176
17,4,10,0.012663891891970497,0.09078681811041371,0.1394904255420578,0.8945072101148942,0.9970118974932134
17,4,11,0.0054803565070226795,0.09759171717060741,0.05615595939751629,0.9573925133609671,0.9981155951445632
17,4,12,0.031137534647050755,0.08117888458771862,0.38356691896919604,0.7145226869838769,0.996297741304507
17,4,13,0.03882603191639619,0.08018643579589836,0.48419700327792836,0.653562413455047,0.996297741304507
17,4,14,-0.04807069090807474,0.07798881651885284,-0.6163792842764559,0.56028712388655,0.9921578326135176
17,4,15,-0.049063330620149774,0.10169878187768319,-0.48243774127675965,0.6465903422398052,0.996297741304507
17,4,16,0.08032743162306095,0.06447551646337565,1.2458594522068525,0.2680098644857274,0.9659348365379999
17,4,17,-0.1418702814495759,0.11602262901189958,-1.222781130341414,0.2758990920927891,0.9694096624619497
17,4,18,0.07004941796679906,0.14098222651885317,0.4968670143461997,0.6453511052134513,0.996297741304507
17,4,19,0.1478209340215039,0.15553801406707643,0.9503846047359529,0.3855600292365185,0.9787437974965071
17,4,20,0.12893050719257756,0.12119016638013452,1.0638693801863446,0.33604509982039216,0.977783785791819
17,5,1,-0.1122882382849791,0.14111398017237056,-0.7957272422408,0.45650839937582427,0.9823636982311391
17,5,2,0.20400306319352418,0.2009193281763394,1.0153481252608159,0.3565257803748633,0.9787437974965071
17,5,3,0.3069599227917339,0.08046525512674864,3.814813266973387,0.01243878106017558,0.7296406661547277
17,5,4,-0.05733314579889493,0.1366783680569305,-0.41947490750397703,0.6894735617660394,0.996297741304507
17,5,6,0.17679611443089885,0.0783557654924274,2.2563255341526687,0.07369023204035284,0.8921703470566514
17,5,7,0.07636678599130044,0.039606373028798415,1.9281438856783177,0.11175582216355734,0.9266880947092055
17,5,8,0.18739477455256076,0.11921374846027823,1.5719225086981337,0.16702759370279924,0.9327221140485742
17,5,9,0.1567493885772483,0.07928887415971816,1.9769405258487847,0.09542773990274188,0.9122920172343513
17,5,10,-0.09210425496726096,0.1444707060474212,-0.6375289322417448,0.5518260618836022,0.9921578326135176
17,5,11,0.0628152239647804,0.07476922842903391,0.8401213344545931,0.43915358935593907,0.9809403935722025
17,5,12,0.0452705670398313,0.06035053681138361,0.750126998547957,0.4815467765767082,0.9853788426768277
17,5,13,-0.037439080255313874,0.13059703359468405,-0.2866763449713696,0.7885962882435642,0.996297741304507
17,5,14,0.05536912986022435,0.08941279752317063,0.619252851866721,0.5585145685325869,0.9921578326135176
17,5,15,-0.10547178123088576,0.06647546467416614,-1.5866272127058607,0.16369329742593036,0.9327221140485742
17,5,16,0.010900357764838301,0.06846794648508168,0.15920380739115858,0.8797393434999925,0.9970118974932134
17,5,17,0.04071139907769579,0.15085448877110347,0.2698719766913842,0.7980427772194721,0.996297741304507
17,5,18,-0.08346034827575867,0.07393181249518721,-1.1288827563920858,0.32206518581552,0.97468787269659
17,5,19,-0.10673111143712287,0.03688653049034904,-2.8934982503207887,0.03404765587046838,0.8473514992757766
17,5,20,-0.11772069944825217,0.18293458179199742,-0.6435125512871094,0.5482402998258825,0.9920487807726447
17,6,1,-0.1725471198766897,0.08604687798470363,-2.0052688013312667,0.09175400736445374,0.9122920172343513
17,6,2,-0.06306138029037565,0.10000267898695879,-0.6305969092884882,0.5559991840283686,0.9921578326135176
17,6,3,0.1296938586420819,0.049730788940679414,2.6079187843606757,0.04778979833688908,0.8473514992757766
17,6,4,-0.12138018976831788,0.11058013190292718,-1.0976672543108728,0.3144360671137251,0.9738435620968914
17,6,5,0.028282241479972117,0.06274313716660762,0.4507623105363845,0.6679924019261828,0.996297741304507
17,6,7,-0.11623708186266928,0.06620938863175002,-1.7555981751683687,0.13951234222656342,0.9327221140485742
17,6,8,0.056277763781820936,0.1204190999034675,0.4673491483200586,0.6567407854507654,0.996297741304507
17,6,9,0.02938030221834186,0.05872521549186368,0.5003013096122597,0.6346800822741541,0.996297741304507
17,6,10,0.2281454251600004,0.08247617361752467,2.766197983616901,0.039543043307915415,0.8473514992757766
17,6,11,0.08422364663051964,0.04537060420764291,1.8563483581396825,0.12254458056464505,0.9272249539364997
17,6,12,0.03059533770126943,0.10335343377600055,0.2960263300712692,0.7771884540666043,0.996297741304507
17,6,13,-0.018080554182251136,0.0669115439422573,-0.27021576721625057,0.8003630674509491,0.996297741304507
17,6,14,0.1449041562128505,0.058649885578711335,2.4706639199817464,0.048414110140536794,0.8537058864688623
17,6,15,-0.012791461177658328,0.0766444311669089,-0.1668935496387913,0.8729363226575275,0.9970118974932134
17,6,16,0.08152836479493304,0.09751498890094001,0.8360598274478301,0.44123227582391517,0.9809403935722025
17,6,17,-0.13034213336197983,0.044885684658746296,-2.90386866882018,0.03363883858936623,0.8473514992757766
17,6,18,-0.020607220714813506,0.07961362020137998,-0.2588403926668501,0.8085325591280852,0.996297741304507
17,6,19,0.07745823649913477,0.0800363084331883,0.9677887200760463,0.37759851507152886,0.9787437974965071
17,6,20,0.17276823104286249,0.08661563055822993,1.9946541972550698,0.10263788457087088,0.9134050617548228
17,7,1,0.0525723458465542,0.10574689350550225,0.49715262645820973,0.6401678021581275,0.996297741304507
17,7,2,0.026890920143895932,0.08114576910494975,0.331390292311916,0.7569844648373631,0.996297741304507
17,7,3,0.018269800108087677,0.07920624343692044,0.23066111098182576,0.8267189483342794,0.996297741304507
17,7,4,0.09646352742056327,0.07575715107185668,1.273325700009402,0.2588875275641408,0.9659348365379999
17,7,5,-0.027210009422337696,0.15023189057489608,-0.18112006257813412,0.8633863579795253,0.9970118974932134
17,7,6,-0.00618200626682711,0.13476839719128011,-0.045871334790803846,0.9651885175722106,0.9981155951445632
17,7,8,0.11476838023417003,0.08126882981294686,1.4122066294902424,0.21699318583596608,0.9429092123232374
17,7,9,0.09085643634044208,0.09559748022056715,0.9504061836134517,0.38555007452043394,0.9787437974965071
17,7,10,0.0767370256155425,0.11548404311544067,0.6644816335203109,0.5357951650450355,0.9909681566538422
17,7,11,0.026333446568746633,0.13964138429348916,0.18857909996947705,0.8578379032435979,0.9970118974932134
17,7,12,-0.00620908972263569,0.12788318560995265,-0.04855282336745221,0.9631554165541619,0.9981155951445632
17,7,13,0.13927298000139887,0.20410038870280678,0.6823748885824695,0.5439681406159433,0.9909681566538422
17,7,14,0.07826957125248521,0.06058628634721251,1.2918694306932779,0.2528898868022108,0.9659348365379999
17,7,15,-0.010305366726223961,0.14307208244678482,-0.07202919360585233,0.9453711458632816,0.9976607232147003
17,7,16,-0.070898598288931,0.13368075703598808,-0.5303575462945208,0.6185640677106237,0.996297741304507
17,7,17,-0.028816728512805062,0.16889982556112093,-0.17061431778806865,0.8728093863634816,0.9970118974932134
17,7,18,0.24561600898253677,0.11603772736289393,2.116690963899058,0.10172049029612999,0.9122920172343513
17,7,19,-0.1871876076227374,0.044025696132624054,-4.251780756733459,0.013139395689577853,0.7391148165313298
17,7,20,-0.03548305434887043,0.07548622228623007,-0.4700600092803036,0.6581004734058991,0.996297741304507
17,8,1,0.09851003930182843,0.1019940811457302,0.9658407448184215,0.37142360708259375,0.9787437974965071
17,8,2,0.06300873582344442,0.0959087754348548,0.6569652832819827,0.5402344088382733,0.9909681566538422
17,8,3,0.13833247985775776,0.14840194660464015,0.9321473405288897,0.3940474962864873,0.9787437974965071
17,8,4,0.013507556836146016,0.10974072446278636,0.12308609134982894,0.906058449450592,0.9970118974932134
17,8,5,0.1944443832651274,0.15087592054935417,1.2887701533541427,0.2449357111683798,0.9659348365379999
17,8,6,-0.09471575198665956,0.08852989837252308,-1.0698730454545116,0.32581581979619234,0.9756502090035706
17,8,7,0.38185504442335283,0.21018774081364927,1.8167331878793334,0.12895011998651207,0.9327221140485742
17,8,9,0.0871985819282672,0.12530084241628275,0.6959137723741264,0.5125234531531458,0.9870199575036301
17,8,10,-0.03394043070289195,0.07095879226506939,-0.47831184295848506,0.6526101067038637,0.996297741304507
17,8,11,0.1701338412435836,0.1331654880129498,1.277612118432376,0.2574897018940095,0.9659348365379999
17,8,12,-0.0069369261886422255,0.10438148188315036,-0.06645744114211079,0.9491727622315647,0.9977648266713631
17,8,13,0.11364016548347691,0.17286002901233244,0.6574114682967687,0.5468222290174168,0.9918684669151606
17,8,14,-0.2214084408385465,0.11156641668854968,-1.984543802770405,0.09442738238143342,0.9122920172343513
17,8,15,0.11521924517510969,0.0649533948938327,1.773875643631305,0.12644396824552756,0.9327221140485742
17,8,16,-0.13318639987269568,0.13149523839985922,-1.0128610092076566,0.3576031433069567,0.9787437974965071
17,8,17,-0.020748643288084213,0.08972517408597416,-0.23124662057464196,0.8262883499499044,0.996297741304507
17,8,18,0.05472881803266907,0.24162771056524404,0.22650058598169248,0.8319160737852651,0.996297741304507
17,8,19,0.02218175244312211,0.1986536477512283,0.11166043359439544,0.9154366677233036,0.9970118974932134
17,8,20,0.09568676954287644,0.11910157577744317,0.803404731780176,0.45821565277355475,0.9831823609235607
17,9,1,0.11763925216970829,0.15685811004374733,0.7499723931147011,0.48163325741708657,0.9853788426768277
17,9,2,0.01727138593031643,0.10893179126171655,0.1585522989212774,0.8802265610455917,0.9970118974932134
17,9,3,0.16488529341815128,0.15760719119962796,1.0461787445235196,0.34339430725506276,0.977783785791819
17,9,4,0.03266579176121783,0.12583047998959251,0.25960158272987616,0.8038490332718784,0.996297741304507
17,9,5,0.055059739732238794,0.1276551797329965,0.43131614280729064,0.6813048453439485,0.996297741304507
17,9,6,0.05373963953742751,0.15886594340968954,0.33827035791115667,0.7466821861082513,0.996297741304507
17,9,7,0.06552926246766234,0.11310383901469234,0.5793725751304571,0.5874601803640562,0.9945980265218507
17,9,8,0.27521895260727564,0.19122330684944533,1.439254226591337,0.2001359179928768,0.9327221140485742
17,9,10,0.16823638044479824,0.07661759709050012,2.1957929618163687,0.07951413179695391,0.8921703470566514
17,9,11,0.0705333819509483,0.17199795410078436,0.41008267987425184,0.698724875115679,0.996297741304507
17,9,12,0.1340368185131665,0.18742366886282452,0.71515417089905,0.5013807705637733,0.9870199575036301
17,9,13,-0.03784163710325138,0.19428860061684133,-0.19477023861880868,0.8550654239943669,0.9970118974932134
17,9,14,0.032585296963891335,0.10931252381961991,0.29809298902807585,0.7756853069872492,0.996297741304507
17,9,15,-0.06051789128156381,0.12998078256656898,-0.4655910672803058,0.6579287829394184,0.996297741304507
17,9,16,-0.03212584276585784,0.06014146414381798,-0.5341712780470431,0.6161098861431242,0.996297741304507
17,9,17,-0.04540545946865655,0.08617395110674624,-0.5269046955022935,0.620790888566299,0.996297741304507
17,9,18,-0.23475598991246172,0.15948578100062832,-1.4719556090712869,0.21500926237483686,0.9425722664941841
17,9,19,0.048176771505862644,0.18882173879205758,0.25514420010008915,0.8087743418289539,0.996297741304507
17,9,20,0.13233051739106266,0.18291416311545444,0.7234569217410075,0.5018167579054125,0.9870199575036301
17,10,1,0.03924067838029929,0.06022944367736018,0.6515198544727396,0.5434657157719678,0.9909681566538422
17,10,2,-0.19984115528019514,0.10676384243996252,-1.8718055730403467,0.13454983343174004,0.9327221140485742
17,10,3,0.18467720072708574,0.06428592251754288,2.872747150417212,0.03488241328483509,0.8473514992757766
17,10,4,0.020489241902178896,0.10367767091615702,0.1976244423792148,0.8511219634009177,0.9970118974932134
17,10,5,0.039059876157522815,0.16331978327979985,0.23916193967981317,0.8204740847027054,0.996297741304507
17,10,6,0.05280959699751445,0.0952526231230824,0.5544161962733684,0.6031775071238287,0.996297741304507
17,10,7,0.1102408026078722,0.08332598201174324,1.3230063414195683,0.2431059008497248,0.9659348365379999
17,10,8,0.3761136258880486,0.06598154604322076,5.700285131784842,0.0023190801499224775,0.7168717760835697
17,10,9,0.002654448985300881,0.16685703231898957,0.01590852329322458,0.9879226475691615,0.9999842973802364
17,10,11,0.12927796470863265,0.09146938667452166,1.4133467972976912,0.21667717294221892,0.9425722664941841
17,10,12,-0.01884734356645931,0.08481186767066796,-0.22222530978120889,0.8329304322444631,0.996297741304507
17,10,13,-0.20334961383511624,0.08561020999990923,-2.375296285722889,0.09803344135420859,0.9122920172343513
17,10,14,-0.041577546050447806,0.10307167158377277,-0.40338480409965755,0.7033368849231164,0.996297741304507
17,10,15,0.024350196042938275,0.12485862053240011,0.1950221453585939,0.8530526675427055,0.9970118974932134
17,10,16,0.2599415858776659,0.08989569452166385,2.8915910518065058,0.03412344136959127,0.8473514992757766
17,10,17,0.08681725196494107,0.07500522697064155,1.157482691143185,0.31148505782541297,0.9723653007063686
17,10,18,0.011988376834007011,0.16121011694109294,0.07436491618149042,0.9442904772925186,0.9976607232147003
17,10,19,-0.06653685752498384,0.07091936261562294,-0.9382043925672299,0.4012573982536785,0.9787437974965071
17,10,20,-0.10660646476381319,0.09293662506832592,-1.1470877566760174,0.30325409628044525,0.9723653007063686
17,11,1,0.11566612964989735,0.17404727732959324,0.6645673027690969,0.5357447081278679,0.9909681566538422
17,11,2,-0.18948854847766036,0.09046019510697871,-2.09471744175961,0.10427343889409733,0.9180663567179747
17,11,3,0.07021236459687252,0.15378728538112088,0.45655506840122245,0.6671387898954215,0.996297741304507
17,11,4,-0.05368022147084422,0.08311920112388066,-0.6458221535381881,0.5468603215688199,0.9918684669151606
17,11,5,0.15174075577043766,0.20422939042132982,0.7429917675249879,0.4908995089124595,0.9869113698394234
17,11,6,-0.15977616951754228,0.22215868232642919,-0.7191984028877869,0.5042191345855166,0.9870199575036301
17,11,7,0.11329462832822926,0.1826540579172765,0.6202688821669639,0.5622543976662447,0.9921578326135176
17,11,8,0.14999728038383248,0.19451289530038016,0.7711431170227827,0.47546588578904847,0.9844454813806669
17,11,9,-0.07346351353276005,0.08975649036878383,-0.8184757807496811,0.45031769559637086,0.9811902082295157
17,11,10,0.10865950551885217,0.12959432877189045,0.8384588009964091,0.44000357689785113,0.9809403935722025
17,11,12,-0.13565249447779365,0.20700872642963278,-0.6552984350794984,0.5412221616609908,0.9909681566538422
17,11,13,-0.019781922141533244,0.21849634576986704,-0.09053662692500207,0.9335669879160724,0.9971125104614714
17,11,14,-0.05378706695299824,0.11648495940129244,-0.46175117567959334,0.6636535475425932,0.996297741304507
17,11,15,0.2993348652968451,0.13406366830505767,2.2327814021430865,0.08933460610955253,0.9042343601680186
17,11,16,0.15024168644195804,0.1396701366642723,1.0756894066912892,0.33120951330264864,0.977783785791819
17,11,17,0.007014000463872025,0.18526468605039814,0.037859349309161516,0.9716139637281809,0.9998192749453514
17,11,18,0.17236423933054495,0.18245169959347216,0.9447116125180078,0.3982983841942212,0.9787437974965071
17,11,19,-0.3838096963774526,0.19729634829619577,-1.9453461743716813,0.12361590154495568,0.9272249539364997
17,11,20,-0.3713428602003088,0.19699559859280086,-1.8850312537490084,0.11811110987310532,0.9266880947092055
17,12,1,-0.03547699578036476,0.1465563397697838,-0.24207070015429757,0.8167870246991127,0.996297741304507
17,12,2,0.13076378082787588,0.14694958791444704,0.8898546956328705,0.41430355326851914,0.9787437974965071
17,12,3,0.08900873604081581,0.05784205000054653,1.5388240222889054,0.18446516438382435,0.9327221140485742
17,12,4,-0.03629965345950685,0.08076839616794604,-0.4494289249420975,0.6689010714438919,0.996297741304507
17,12,5,0.15695788469427502,0.08455180569802884,1.8563516579762156,0.11279272980831617,0.9266880947092055
17,12,6,-0.017925162662607536,0.08737897996419794,-0.20514273192187554,0.8442432106775154,0.9970118974932134
17,12,7,-0.034161103565058734,0.04734487684490483,-0.7215374891827088,0.5028985828144613,0.9870199575036301
17,12,8,0.11624642226677903,0.17506316601990404,0.6640255909281236,0.5313473247177268,0.9909681566538422
17,12,9,-0.01763301600373319,0.12893543421320228,-0.1367584955307104,0.8965577647659084,0.9970118974932134
17,12,10,0.13122129631313115,0.15408975189721277,0.8515900291656783,0.4333240854821887,0.9787437974965071
17,12,11,0.06026729345461149,0.10602302553708108,0.5684358953986351,0.5943171380649842,0.996297741304507
17,12,13,-0.047769264270780605,0.06513096420506168,-0.7334340102757877,0.5039619702356589,0.9870199575036301
17,12,14,-0.08424770718402458,0.09432206607284367,-0.8931919188248909,0.40615130073067135,0.9787437974965071
17,12,15,0.06494681229887021,0.0797480108607053,0.8144004044376413,0.4465262439149096,0.9809403935722025
17,12,16,-0.09702434536192689,0.10280597767477634,-0.9437617107043791,0.3886250967772238,0.9787437974965071
17,12,17,-0.03329628874909398,0.10150701616213223,-0.328019579410978,0.7561873311365762,0.996297741304507
17,12,18,-0.011398950692199964,0.03511131136634157,-0.3246518073034032,0.7617138306492129,0.996297741304507
17,12,19,-0.15208910749569796,0.1557843046977315,-0.9762800417527323,0.3737629740623054,0.9787437974965071
17,12,20,-0.09139903485597958,0.0794941570361476,-1.1497578974674685,0.302249737642543,0.9723653007063686
17,13,1,-0.2665230707813322,0.21163997828636671,-1.2593228979613895,0.2763895580724566,0.9697053714229129
17,13,2,-0.3178504078980374,0.18153937791842872,-1.7508620528550374,0.17827032807218082,0.9327221140485742
17,13,3,0.10116675822352757,0.14794450556776295,0.6838155822995832,0.5431749977844588,0.9909681566538422
17,13,4,-0.029922944764292442,0.21860083529556684,-0.13688394522233732,0.8977358335366702,0.9970118974932134
17,13,5,-0.1903021477519272,0.12320464730494925,-1.5446020252739117,0.19732754135591798,0.9327221140485742
17,13,6,0.10849628276955528,0.0721505978265193,1.5037475230478714,0.2070810769766464,0.9327221140485742
17,13,7,0.24454005242552226,0.07553387265121539,3.2374886105929055,0.047942255880076834,0.8473514992757766
17,13,8,-0.013363650774258794,0.05228152443810203,-0.2556094321584844,0.8147759369377969,0.996297741304507
17,13,9,0.1351195742061535,0.1435727729646497,0.9411225500149762,0.39992813673251487,0.9787437974965071
17,13,10,0.314225847513625,0.1877405506630436,1.6737239046236911,0.19277838775411751,0.9327221140485742
17,13,11,-0.19614378301216995,0.054668165417836256,-3.587897664196856,0.03707826820734176,0.8473514992757766
17,13,12,0.08832790685916404,0.13695218576339976,0.6449543420293812,0.5540846371825823,0.9921578326135176
17,13,14,-0.17598049859399226,0.08600756538919663,-2.0461048722354716,0.13326190128655077,0.9327221140485742
17,13,15,0.11095136412427592,0.1426954014859587,0.7775398714191645,0.48026288798508293,0.9853788426768277
17,13,16,0.2793416923108351,0.20048146640311662,1.3933541953836148,0.257801260915949,0.9659348365379999
17,13,17,-0.359420789337527,0.08314824697206631,-4.322650235235289,0.012421425877156044,0.7296406661547277
17,13,18,0.11822361250435656,0.1716779223649094,0.6886360859632151,0.5405277252751458,0.9909681566538422
17,13,19,-0.2839163549448933,0.023961228339404117,-11.848989997985427,0.007047375479262962,0.7296406661547277
17,13,20,0.2978057187643829,0.06705521667664215,4.44120134897243,0.021226735147105685,0.8394596075808679
17,14,1,-0.1299639943882417,0.14146309568305226,-0.9187130661872902,0.3936790802669002,0.9787437974965071
17,14,2,-0.1915426335933746,0.06451769684495819,-2.9688386746151196,0.031198869552600275,0.8473514992757766
17,14,3,-0.013663831783358971,0.13623251111516038,-0.10029787802786906,0.9240053436923753,0.9971125104614714
17,14,4,-0.12026942180626074,0.10180265221497886,-1.1813977257793224,0.28214466742438005,0.9710602551597926
17,14,5,-0.08545474900036873,0.20030185715464013,-0.4266298386538074,0.6845321324352784,0.996297741304507
17,14,6,0.003674668621960586,0.1398215474154855,0.026281132556878917,0.9800497683711871,0.9999842973802364
17,14,7,-0.13665524074223445,0.14600752668750722,-0.9359465490691794,0.4022884394804658,0.9787437974965071
17,14,8,-0.049584014871035385,0.16752471377923364,-0.29598029897894285,0.779143862852764,0.996297741304507
17,14,9,-0.05345918967400044,0.036761136373024465,-1.4542311513464223,0.20563039741434927,0.9327221140485742
17,14,10,0.1469115674015884,0.13869028402422684,1.0592780051908046,0.33793956313664486,0.977783785791819
17,14,11,0.1932397438703783,0.1736315065793358,1.112930179989944,0.3163620150908147,0.9738435620968914
17,14,12,0.09215187248587685,0.15460027916625452,0.5960653692363791,0.5729156322766003,0.9921578326135176
17,14,13,-0.09931507823728097,0.13076544857428604,-0.7594902118207622,0.5027871666231458,0.9870199575036301
17,14,15,-0.28234905432819823,0.14579613168156175,-1.9366018224883341,0.10091624454528633,0.9122920172343513
17,14,16,-0.3350617371183729,0.0872713377234893,-3.8393102002875663,0.01213219457812558,0.7296406661547277
17,14,17,0.02981160560691196,0.14352772307406106,0.2077062533161019,0.8456047662511437,0.9970118974932134
17,14,18,0.11800724056614038,0.11512481153038459,1.025037426740716,0.36328587700974246,0.9787437974965071
17,14,19,-0.09267684990517495,0.1804789095787149,-0.5135051520479236,0.6294760573196929,0.996297741304507
17,14,20,0.05195889827465381,0.18626949787709018,0.2789447486923485,0.7914566946812441,0.996297741304507
17,15,1,-0.08326440597529146,0.15184518433862618,-0.5483506529193394,0.603239822681486,0.996297741304507
17,15,2,0.1337207208857214,0.083071644826964,1.6097035415953103,0.16837704584853724,0.9327221140485742
17,15,3,0.06259265200752874,0.24374032800656903,0.25680055704850374,0.8075649830376138,0.996297741304507
17,15,4,-0.020739088018834027,0.13629689387848778,-0.1521611199531172,0.8840475508335692,0.9970118974932134
17,15,5,0.0029314114791917944,0.1923431832885997,0.015240527005202686,0.9883344285595729,0.9999842973802364
17,15,6,0.020848914069370134,0.18201644393253005,0.11454412370007555,0.9125434479392767,0.9970118974932134
17,15,7,-0.16013442311194181,0.07867503839577282,-2.035390466596968,0.0974394015077326,0.9122920172343513
17,15,8,0.021273886300017395,0.16887533181420042,0.12597391265704408,0.9038678036767485,0.9970118974932134
17,15,9,0.10194647013364946,0.07978962066163735,1.2776908736625612,0.24856492987646783,0.9659348365379999
17,15,10,0.029718926943864115,0.09274885350428912,0.3204236583061305,0.7616052875725244,0.996297741304507
17,15,11,-0.046946480838967936,0.06556342981788156,-0.7160467499741426,0.5060022516805184,0.9870199575036301
17,15,12,0.14056866982618305,0.14078063855251371,0.9984943332441975,0.3565901455512391,0.9787437974965071
17,15,13,-0.3346093327180425,0.10031364555966002,-3.335631267789017,0.02895331125753796,0.8442257097777721
17,15,14,0.12352985308810911,0.09065833301841777,1.3625868574227005,0.22193767179483206,0.9449447090424222
17,15,16,-0.011308815937862215,0.06318370527392776,-0.178983107886041,0.864977609447454,0.9970118974932134
17,15,17,-0.02530008837769867,0.13849129733832155,-0.182683597191744,0.862222559800095,0.9970118974932134
17,15,18,0.11262535395061211,0.15831329698815377,0.7114080503189079,0.5161194547067086,0.9870199575036301
17,15,19,0.12741076508023527,0.04835786654927329,2.634747439649304,0.04626787684179379,0.8473514992757766
17,15,20,-0.031632623497791584,0.1379963910428034,-0.22922790413954103,0.8277732555275396,0.996297741304507
17,16,1,-0.12537977349874166,0.08660205677040965,-1.4477690042591906,0.2073399629728157,0.9327221140485742
17,16,2,-0.14654304491319015,0.08360891882041781,-1.7527202477787658,0.1545245205760226,0.9327221140485742
17,16,3,-0.09131497959009663,0.09812039549011824,-0.9306421884363723,0.3947546206613592,0.9787437974965071
17,16,4,-0.14477001354892674,0.09952117208474977,-1.454665479865827,0.20551598039896135,0.9327221140485742
17,16,5,-0.05451759850942643,0.12179653797616193,-0.4476120537978594,0.6731595285723986,0.996297741304507
17,16,6,-0.0864007484286323,0.08426490511760877,-1.0253467716722302,0.3522218448204533,0.9787437974965071
17,16,7,0.10576759706630866,0.13092617335783624,0.8078415060403992,0.455879937796879,0.9823636982311391
17,16,8,-0.01513640129929428,0.10917930554789802,-0.1386380067467562,0.8951469262725624,0.9970118974932134
17,16,9,-0.08927050848956315,0.09877609816004071,-0.9037662972272905,0.4075519209935592,0.9787437974965071
17,16,10,-0.08972922436471474,0.09375993647593527,-0.9570102939093599,0.38251322647796215,0.9787437974965071
17,16,11,-0.0478068064145156,0.07778492136366669,-0.6146024907628375,0.5657053285369515,0.9921578326135176
17,16,12,-0.025051831654269427,0.07835102081215436,-0.3197384206902824,0.7620948164342576,0.996297741304507
17,16,13,0.15267956669869928,0.07166552574045995,2.130446475052803,0.12295919676584138,0.9272249539364997
17,16,14,-0.14462103779376406,0.04494797051661526,-3.2175209721000995,0.02353055911377686,0.8413471823780126
17,16,15,-0.031049761460253747,0.06119297419021778,-0.507407294230028,0.63345120607775,0.996297741304507
17,16,17,-0.02975823957061353,0.12700984748161756,-0.23429867967274123,0.8262571421348073,0.996297741304507
17,16,18,0.1087369129712642,0.0718092552677548,1.5142464932173878,0.20452856599716204,0.9327221140485742
17,16,19,-0.08994618326853944,0.04387451039979768,-2.050078335846322,0.10968054198976411,0.9266880947092055
17,16,20,-0.06066711653027944,0.06176489262781482,-0.982226535952509,0.37109593934982477,0.9787437974965071
17,17,1,0.0031583052208339645,0.08764314331821771,0.03603596472265544,0.9726481168456735,0.9998192749453514
17,17,2,-0.15634776713861076,0.08548352082415289,-1.8289813712563718,0.14139465053537983,0.9327221140485742
17,17,3,0.13413612751759726,0.1737727465049964,0.7719054351999242,0.48324223442378705,0.9853788426768277
17,17,4,0.10125496943658806,0.2044685919187752,0.4952103816331665,0.6414443709799821,0.996297741304507
17,17,5,-0.04652302890026029,0.06862797864430725,-0.6779017802740065,0.527929756451656,0.9900419620498572
17,17,6,0.042269374420749545,0.1446373964560027,0.29224374509060824,0.7818384189542462,0.996297741304507
17,17,7,-0.2013486536145955,0.18474787707232662,-1.089856385925777,0.33703397734603335,0.977783785791819
17,17,8,0.16257607773200194,0.15359479410261562,1.058473880451492,0.33827228680778715,0.977783785791819
17,17,9,-0.20764239093171,0.12104589947682191,-1.7154021063700247,0.1469303103117598,0.9327221140485742
17,17,10,-0.06606022462896782,0.14068355796197887,-0.4695660643324907,0.6631187869953674,0.996297741304507
17,17,11,0.16856128896542005,0.06297303106883498,2.6767218617520765,0.05541710353369583,0.8737966532283991
17,17,12,-0.10658254014114758,0.12494892395400986,-0.853008867683603,0.4326070204763777,0.9787437974965071
17,17,13,-0.21703975196771885,0.21111696730601803,-1.028054517532395,0.36202476026647396,0.9787437974965071
17,17,14,0.10205441428225726,0.14526533227493993,0.7025379881305677,0.5136947472784542,0.9870199575036301
17,17,15,-0.11560444268849467,0.09238441212681552,-1.251341433320524,0.2661661301318548,0.9659348365379999
17,17,16,-0.03319481514295048,0.0885040638010106,-0.3750654344777824,0.7266516114725766,0.996297741304507
17,17,18,0.03987172356111821,0.1466956252137512,0.2717989953875519,0.8034081683785752,0.996297741304507
17,17,19,-0.006637709151566857,0.08537548700201857,-0.07774724788781785,0.9417628780252512,0.9976607232147003
17,17,20,0.176142224539896,0.12705841473548496,1.3863090052336107,0.2379202729025237,0.960693067998933
17,18,1,0.009528295300851568,0.05243558591034904,0.1817142906910722,0.8673914485279071,0.9970118974932134
17,18,2,-0.0924075135071068,0.07582760445623855,-1.2186526815471026,0.31006502086335913,0.9723653007063686
17,18,3,-0.11253016620657628,0.06602091971403583,-1.70446226275379,0.16349785740665038,0.9327221140485742
17,18,4,0.04319702174200081,0.07577916662653848,0.5700382263943085,0.5991425434700604,0.996297741304507
17,18,5,0.3503343375886488,0.17403594136758802,2.01299992882896,0.11440688845397153,0.9266880947092055
17,18,6,-0.27761249706348023,0.08493579840913046,-3.268498115752908,0.030832761350247553,0.8473514992757766
17,18,7,-0.035233035982224326,0.17319862701093627,-0.20342560787041447,0.8487319991085088,0.9970118974932134
17,18,8,0.17517408104657986,0.1468714136713714,1.1927037172621195,0.3187204461824434,0.9738435620968914
17,18,9,-0.29256756643420956,0.0640451582206128,-4.568144955186935,0.010275214647165016,0.7296406661547277
17,18,10,-0.13597919575786838,0.05607898334666609,-2.424779973539367,0.072388021175283,0.8921703470566514
17,18,11,0.0068881824573072134,0.06442904862043129,0.1069111309990067,0.9200070170487739,0.9971125104614714
17,18,12,-0.23135270569210475,0.042074273428861275,-5.4986738173334055,0.0053327671045708055,0.7168717760835697
17,18,13,-0.061665563558908884,0.1623619411231751,-0.3798030691918545,0.7293842132961683,0.996297741304507
17,18,14,0.09128758294810857,0.21684241990045683,0.4209858153658027,0.6954008176327081,0.996297741304507
17,18,15,-0.18062634196638752,0.04838764015119964,-3.7329024808451314,0.02024566051675225,0.8394596075808679
17,18,16,0.005186730383574699,0.08445338399180166,0.06141530556095641,0.9539746801363911,0.9981155951445632
17,18,17,0.13710939345366877,0.07130794892864034,1.9227785332734053,0.1502271300276307,0.9327221140485742
17,18,19,0.023448314151089337,0.3509327323057142,0.06681711904432892,0.9509310540011539,0.9977648266713631
17,18,20,-0.18541975298203056,0.21794761911964886,-0.8507537440883357,0.4428364103670716,0.9809403935722025
17,19,1,-0.10768978552752621,0.1450801659633818,-0.7422777938782121,0.49129553473753146,0.9869113698394234
17,19,2,-0.12876219688874155,0.12344137267105418,-1.0431040590485263,0.35579175520997464,0.9787437974965071
17,19,3,0.08349721146882176,0.15077317115114272,0.5537935617508907,0.6092183246605133,0.996297741304507
17,19,4,-0.09758879300539781,0.15362210360643366,-0.6352522893110257,0.5531943682123388,0.9921578326135176
17,19,5,-0.010610083786597852,0.2074910302475637,-0.05113514436690353,0.9611978041238967,0.9981155951445632
17,19,6,0.13279696404221297,0.06982122431935646,1.901956967023505,0.11557271096112211,0.9266880947092055
17,19,7,-0.05568225991796905,0.19302810907627224,-0.28846710556377336,0.7873202000134084,0.996297741304507
17,19,8,-0.5626655471090933,0.1020615866601196,-5.513000194454561,0.0026870881311733346,0.7168717760835697
17,19,9,-0.04948746611586401,0.08708783175359926,-0.5682477691638073,0.5944355105558272,0.996297741304507
17,19,10,0.06119000059035959,0.13030520076542013,0.4695898569700708,0.6631031827353273,0.996297741304507
17,19,11,0.2366687810965128,0.18278275522283277,1.2948091345197859,0.26506951977308535,0.9659348365379999
17,19,12,-0.11461159425924727,0.09378803234571667,-1.2220279218093606,0.27616006625772166,0.9697053714229129
17,19,13,0.1956547793305688,0.09876888123261186,1.9809354615225292,0.14192830923695152,0.9327221140485742
17,19,14,-0.07399394648248526,0.09102709008171583,-0.8128783026596517,0.4532390941988512,0.9823636982311391
17,19,15,0.18609823036039572,0.09296832457550856,2.001738024301445,0.10171348371380763,0.9122920172343513
17,19,16,-0.019141840071524512,0.12215653272277613,-0.15669927464958908,0.8830728970077083,0.9970118974932134
17,19,17,0.0004030941561863473,0.1314266766381734,0.003067064971086699,0.9976997057797262,0.9999842973802364
17,19,18,0.09312869385244503,0.04895054566555807,1.9025057348046783,0.1532526658576625,0.9327221140485742
17,19,20,0.011657472971577017,0.12777834108470515,0.09123199497290362,0.931694393422787,0.9971125104614714
17,20,1,0.01066096770748343,0.09635238730214128,0.11064560003004575,0.9162014594858687,0.9970118974932134
17,20,2,0.11445708285303001,0.11947932926591413,0.9579655623721779,0.3923287187111952,0.9787437974965071
17,20,3,0.035880526622530384,0.13658477955363424,0.26269784041477395,0.8032641584624578,0.996297741304507
17,20,4,0.08776735686553659,0.12127555484462749,0.7237019610197313,0.5016787669431082,0.9870199575036301
17,20,5,-0.072438157500889,0.05554675883505744,-1.3040933263934515,0.2621825090823136,0.9659348365379999
17,20,6,-0.006573059578292326,0.11650662044527813,-0.056417906150862916,0.9571940174479816,0.9981155951445632
17,20,7,-0.08850887021007106,0.10304653741202872,-0.8589213420661761,0.42962870359698363,0.9787437974965071
17,20,8,-0.02852935608367648,0.13325796973575205,-0.21409118073789918,0.8389329107678649,0.9967052234147373
17,20,9,0.016685699217877045,0.12095966402997983,0.13794432509008583,0.8956675814298968,0.9970118974932134
17,20,10,-0.1244660504109588,0.19558082212019243,-0.6363918970226689,0.552509166903702,0.9921578326135176
17,20,11,0.2376200282387334,0.18935537723369425,1.2548892548439123,0.26497904844883924,0.9659348365379999
17,20,12,0.12016341778706965,0.11886087512808718,1.010958548442184,0.3584290729576181,0.9787437974965071
17,20,13,-0.13772573588028655,0.10503176660331238,-1.31127696251309,0.28109677792752763,0.9710602551597926
17,20,14,0.03629698824943971,0.18883742847183912,0.19221289202558897,0.8551382271333324,0.9970118974932134
17,20,15,0.09023308882510996,0.1225014986040194,0.7365876324178513,0.49445985202352777,0.9870199575036301
17,20,16,-0.2993148677761379,0.15730263918993512,-1.9027962233540614,0.11544831899808321,0.9266880947092055
17,20,17,0.30446184696323564,0.14258759863242926,2.13526176105932,0.09961680220001642,0.9122920172343513
17,20,18,-0.012162447869981156,0.06330666755752336,-0.19211954031125827,0.8570077016829477,0.9970118974932134
17,20,19,0.03751718907468076,0.164600628738278,0.22792858910707298,0.8308788633941405,0.996297741304507
18,1,2,0.14444288580480957,0.0829100809485474,1.7421631260100472,0.14194870492906544,0.9327221140485742
18,1,3,0.017392415121374107,0.17758827244058378,0.09793673243313518,0.9257874312809381,0.9971125104614714
18,1,4,-0.09611015491718286,0.09516593752722728,-1.0099217998947945,0.3515116829448119,0.9787437974965071
18,1,5,0.12046342502712998,0.0606495310245922,1.986221871629942,0.0942080282980001,0.9122920172343513
18,1,6,-0.061740113898749255,0.10700801145568524,-0.5769672107563689,0.5849430211219232,0.9941572743937483
18,1,7,-0.08706776165296737,0.11864240072175476,-0.7338671598228068,0.4959778016569809,0.9870199575036301
18,1,8,0.18185563748148728,0.0720159784660842,2.525212339711619,0.04496941646477469,0.8473514992757766
18,1,9,-0.05041743818554534,0.05542299875984976,-0.9096844146433971,0.3980575705637661,0.9787437974965071
18,1,10,-0.20830321678959932,0.12985314855268648,-1.604144521020054,0.16958732728193823,0.9327221140485742
18,1,11,-0.10749191109499118,0.29700791809805627,-0.3619159778061578,0.7322072034387002,0.996297741304507
18,1,12,0.0822215759329261,0.12533207524771586,0.6560297973983202,0.5361363355304266,0.9909681566538422
18,1,13,-0.1268613149700053,0.0781347374647459,-1.623622464024033,0.17977889120776247,0.9327221140485742
18,1,14,0.0011931255899803835,0.06157056025219789,0.01937818309714689,0.9851677515098375,0.9999842973802364
18,1,15,-0.000713560959808941,0.11659479697554916,-0.006120006881202943,0.9953153797167937,0.9999842973802364
18,1,16,-0.06823520317291513,0.18914838649093213,-0.36074959156908065,0.7330268404597249,0.996297741304507
18,1,17,0.009057213690371097,0.11730851739897008,0.07720849168598738,0.9414520660656602,0.9976607232147003
18,1,18,-0.06834753175217416,0.1776901219918849,-0.38464452039101504,0.7200764185241586,0.996297741304507
18,1,19,0.0308655599346927,0.0424166715305782,0.7276751998730977,0.49944499552387833,0.9870199575036301
18,1,20,-0.18809882599320452,0.1858607327210154,-1.0120417757877698,0.3579586091485025,0.9787437974965071
18,2,1,-0.14032090510935072,0.091142973574794,-1.5395690924288377,0.18428846986275835,0.9327221140485742
18,2,3,-0.10169744849879278,0.17311641892861437,-0.5874512026507486,0.5884612892106568,0.9945980265218507
18,2,4,0.14761019473040266,0.08530453927993725,1.7303908558051218,0.14411882073047166,0.9327221140485742
18,2,5,0.027756155567072806,0.11194824802820398,0.2479373822789263,0.8140432718948726,0.996297741304507
18,2,6,0.010684150892716791,0.10717197706778185,0.0996916468738821,0.92446285223103,0.9971125104614714
18,2,7,0.16200712796404884,0.28874373837661854,0.5610758137105513,0.6046883218407454,0.996297741304507
18,2,8,-0.08959505034022895,0.1466390883688537,-0.6109902300691611,0.5679122736869042,0.9921578326135176
18,2,9,-0.05249365391632568,0.09011963699893454,-0.5824885193042202,0.585515471556548,0.9941572743937483
18,2,10,0.15494927664667418,0.044764839477485746,3.461405836630862,0.02578469534437701,0.8413471823780126
18,2,11,-0.07781761776615286,0.28152715986170596,-0.2764124704845623,0.7959256331242287,0.996297741304507
18,2,12,-0.015056162122791249,0.10138418961359105,-0.14850601637224498,0.8877469355523362,0.9970118974932134
18,2,13,0.3406931639595249,0.19247143979520942,1.770097237908409,0.1748494389237068,0.9327221140485742
18,2,14,0.09059758482979273,0.15265187016271783,0.5934914831546289,0.5786801215165589,0.9921673560837891
18,2,15,-0.03939329138997253,0.1482136820392756,-0.26578714493624006,0.8010142972375549,0.996297741304507
18,2,16,0.11466413679462933,0.28158984332708614,0.40720267265119997,0.704708310156527,0.996297741304507
18,2,17,-0.15113548486167583,0.2552578268238898,-0.5920895227450038,0.5856371207184305,0.9941572743937483
18,2,18,-0.08561386924752562,0.18811563762653524,-0.45511298437102377,0.6799452476770514,0.996297741304507
18,2,19,-0.12096082143979964,0.07263982976378323,-1.665213448757875,0.1712006132467291,0.9327221140485742
18,2,20,-0.10250514797905082,0.22788244521805084,-0.4498159034607438,0.676142413049902,0.996297741304507
18,3,1,0.41556439185279864,0.24353232493111687,1.706403418801322,0.16312648280609948,0.9327221140485742
18,3,2,0.11673697573931784,0.39469634767077433,0.2957640130898682,0.7821288439080939,0.996297741304507
18,3,4,-0.12511162742099893,0.19111146225067302,-0.6546526615773601,0.5416051594317495,0.9909681566538422
18,3,5,0.16663625081921868,0.13855441453790485,1.2026773118255911,0.2829411845969773,0.9710602551597926
18,3,6,0.24052493000029146,0.27171779629649934,0.8852012392185924,0.41658142985552893,0.9787437974965071
18,3,7,0.07539797519101474,0.2544035705717966,0.2963715289893697,0.7788619360449064,0.996297741304507
18,3,8,0.2849063005951894,0.2574331691424984,1.1067194703118344,0.3187975454198518,0.9738435620968914
18,3,9,-0.14218327356499855,0.3350719688833184,-0.4243365210119575,0.68895908665303,0.996297741304507
18,3,10,-0.13987094362941735,0.3832771651043073,-0.36493419479083006,0.7300881374597351,0.996297741304507
18,3,11,0.30054824156358373,0.1987373837363185,1.5122884075038137,0.1908666873513321,0.9327221140485742
18,3,12,0.26366102245053974,0.18054149728595778,1.4603901397331907,0.20401359387066392,0.9327221140485742
18,3,13,-0.16998036930789284,0.23655570834546572,-0.7185638025649972,0.5243187598707315,0.9900419620498572
18,3,14,-0.03369878459773003,0.16705014620215575,-0.2017285549498874,0.8480794352459556,0.9970118974932134
18,3,15,-0.11484806887370091,0.15922834344086956,-0.7212790536606266,0.5030443659799735,0.9870199575036301
18,3,16,0.16272872777268635,0.21527377773172612,0.7559152326240252,0.4837704189803514,0.9853788426768277
18,3,17,0.1480391167241222,0.30557755594245234,0.4844567732308099,0.6533934564449679,0.996297741304507
18,3,18,-0.037359886189125995,0.19906155774430306,-0.18768006546461136,0.8602634278650287,0.9970118974932134
18,3,19,-0.17113560413096016,0.30188281964774777,-0.5668941489617826,0.6010843352542041,0.996297741304507
18,3,20,-0.30277050411521517,0.17996594978416655,-1.68237660777856,0.1533209553739114,0.9327221140485742
18,4,1,0.16424554075412104,0.05247733030128415,3.1298379663755878,0.020328802582952468,0.8394596075808679
18,4,2,-0.10881306452963849,0.10607845884387088,-1.025779085730937,0.35203673733672797,0.9787437974965071
18,4,3,-0.027297219644111515,0.14431724884055963,-0.18914731165697377,0.8574156116711263,0.9970118974932134
18,4,5,-0.23169258862435863,0.10902001175039128,-2.12522989955926,0.07771980982730972,0.8921703470566514
18,4,6,-0.02795811625588863,0.1150520191516225,-0.24300413379795388,0.8160965000641779,0.996297741304507
18,4,7,0.17200981028097176,0.0977002770991436,1.7605867187527038,0.13861850263750414,0.9327221140485742
18,4,8,0.31895142280188676,0.08157538657488332,3.9098977790953,0.007893328920234161,0.7296406661547277
18,4,9,0.10285215040638286,0.06110000367685645,1.68334114918651,0.14329644278120998,0.9327221140485742
18,4,10,0.22609292701024253,0.10468361667971439,2.1597737466391442,0.0832107668183737,0.8936049968041163
18,4,11,-0.03985515726863421,0.15517569810309328,-0.2568389107030084,0.8075369870185317,0.996297741304507
18,4,12,0.04879761092878092,0.07971658811192248,0.6121387290140503,0.5629091997334735,0.9921578326135176
18,4,13,0.1377716712168252,0.028045676714766002,4.912403170481397,0.00797268870198747,0.7296406661547277
18,4,14,-0.16652398061285373,0.04296139296269786,-3.8761308497041886,0.008207378277921645,0.7296406661547277
18,4,15,-0.1131525417973038,0.0927896952513076,-1.2194515941627666,0.2684308417463921,0.9659348365379999
18,4,16,0.06208554814695108,0.11478201489280376,0.5408996191989884,0.6117939565406032,0.996297741304507
18,4,17,-0.25886265154471133,0.061771232479147085,-4.190666774018283,0.008566283648813325,0.7296406661547277
18,4,18,-0.10692797621494503,0.20533079176652932,-0.5207595767516757,0.6300322716152478,0.996297741304507
18,4,19,-0.19191087332111634,0.12676655540729426,-1.5138919938543958,0.19047378608487325,0.9327221140485742
18,4,20,-0.16977268597897985,0.20086145877900777,-0.84522280685476,0.4365531955337173,0.9809403935722025
18,5,1,-0.17149188987143002,0.13081673621598847,-1.310932338099101,0.2378168625216828,0.960693067998933
18,5,2,0.2863148884999171,0.17761665066940804,1.6119822517721802,0.1678834045158762,0.9327221140485742
18,5,3,0.27198484081231283,0.22365791044201008,1.2160752117981397,0.2782304022533247,0.9710602551597926
18,5,4,-0.058154632899975287,0.13662051123743835,-0.4256654610117826,0.6851971736299847,0.996297741304507
18,5,6,0.23966130750072004,0.14224432881469734,1.6848566793214201,0.15283152200897682,0.9327221140485742
18,5,7,0.16074812906318794,0.04282190083338986,3.7538765428668843,0.013240734343667493,0.7391148165313298
18,5,8,0.15980869246976412,0.12573085586816493,1.2710379752449983,0.2507669716269551,0.9659348365379999
18,5,9,0.10202105683345902,0.09298962967586179,1.09712295003197,0.3146557167928715,0.9738435620968914
18,5,10,-0.20257144154621562,0.2226390038542082,-0.9098650193294819,0.40461950359502025,0.9787437974965071
18,5,11,0.12295811089686666,0.11536032957763626,1.065861300379272,0.33522601732045015,0.977783785791819
18,5,12,0.02999794357592957,0.06191751377230915,0.4844823661001198,0.6452211962615912,0.996297741304507
18,5,13,0.0947387919506165,0.10909616806275663,0.8683970631787034,0.4341746709347978,0.9794382603456406
18,5,14,-0.08066592215153057,0.08614584440122018,-0.9363878514545225,0.3852146449917185,0.9787437974965071
18,5,15,-0.13208612789608878,0.05801073950137443,-2.276925428449027,0.06306528796834611,0.8885715236277543
18,5,16,-0.06108367273251664,0.10637439712037315,-0.5742328453605259,0.5906765954573833,0.9954207234136121
18,5,17,-0.06156188262887463,0.14824094707376978,-0.4152825777470515,0.6951544553302259,0.996297741304507
18,5,18,-0.07635840418242572,0.11797442534928655,-0.6472454004815396,0.5527439746056061,0.9921578326135176
18,5,19,-0.034568887947175816,0.05240973806981133,-0.6595890233313023,0.5386820337804116,0.9909681566538422
18,5,20,-0.06919709207051593,0.302998824236955,-0.22837412734041887,0.8284015134004231,0.996297741304507
18,6,1,-0.026910365857350422,0.11065918480184044,-0.24318239742409234,0.815964646838368,0.996297741304507
18,6,2,-0.08260634244889699,0.09625503169919288,-0.8582028491371996,0.4299897911750768,0.9787437974965071
18,6,3,0.09911756117186353,0.113923235430436,0.8700381515368462,0.42407149369731095,0.9787437974965071
18,6,4,-0.030065575167199796,0.12055220441806629,-0.24939880039592777,0.8113708269863201,0.996297741304507
18,6,5,-0.05163091983745076,0.0602139803129675,-0.8574573474172779,0.42411263825088913,0.9787437974965071
18,6,7,-0.09397420473973316,0.12795960569186315,-0.7344052385195377,0.49567730757254974,0.9870199575036301
18,6,8,-0.006896480403390742,0.12255895303144172,-0.05627071897036541,0.9569532042748706,0.9981155951445632
18,6,9,0.09106421282488798,0.04701492073021307,1.936921543386347,0.10087151990451468,0.9122920172343513
18,6,10,0.3262743297715811,0.1509063301942642,2.1620983649221386,0.08296676439071489,0.8936049968041163
18,6,11,0.04073007860067805,0.09257367682094196,0.439974731467338,0.6783233102961848,0.996297741304507
18,6,12,0.013387353291372452,0.10396188905355032,0.12877173946260165,0.9017463100177708,0.9970118974932134
18,6,13,0.08480787916580305,0.0436680830144525,1.9421021787421429,0.1240773392307132,0.9272249539364997
18,6,14,0.009464486672711627,0.08321307179738431,0.11373797972081823,0.9131558565487685,0.9970118974932134
18,6,15,-0.06616804493586827,0.07191618248641408,-0.920071709137901,0.3930234023125256,0.9787437974965071
18,6,16,0.34111626601765666,0.06689260728153422,5.099461358665305,0.003771873723998873,0.7168717760835697
18,6,17,-0.020336001566585347,0.07243313151110461,-0.2807555208791009,0.7901445599528795,0.996297741304507
18,6,18,-0.20706123270686003,0.05504237308990939,-3.7618514805833754,0.01974320039492703,0.8394596075808679
18,6,19,0.10425251293365594,0.06377234060625174,1.6347606492241726,0.16302687804855653,0.9327221140485742
18,6,20,0.24988201710505653,0.14832470095993291,1.6846959102979933,0.1528632017881407,0.9327221140485742
18,7,1,0.13503657948009903,0.16246560893275586,0.8311702419135313,0.44374465038127503,0.9809403935722025
18,7,2,0.1417805395985671,0.14475416288187115,0.9794574247463254,0.3828112382062731,0.9787437974965071
18,7,3,-0.2024781559492626,0.08962091008689697,-2.2592735975419047,0.07341849497437543,0.8921703470566514
18,7,4,0.08590781075252303,0.13409120614779726,0.640666999871666,0.5499436331535853,0.9921578326135176
18,7,5,0.05285529601569758,0.23999701940173693,0.2202331351749063,0.8343993583425247,0.996297741304507
18,7,6,0.0630672584681782,0.2138226466950901,0.29495125723430415,0.7798855910446665,0.996297741304507
18,7,8,0.04476846522128457,0.15248259779427928,0.2935972095739738,0.7808619864069051,0.996297741304507
18,7,9,0.12602371535532225,0.1563510065368066,0.8060307262866834,0.45683214164514807,0.9823636982311391
18,7,10,0.04945741752687293,0.1914871929874148,0.25828055002020506,0.8064849083460367,0.996297741304507
18,7,11,0.1026883949101971,0.2194660296153916,0.4679010919807857,0.6595409711643909,0.996297741304507
18,7,12,-0.07998477839851637,0.2015111534988715,-0.39692482033540327,0.7077988303093539,0.996297741304507
18,7,13,0.3662119692601879,0.3305883483720914,1.1077582469630565,0.3487989632899133,0.9787437974965071
18,7,14,0.04671671342766573,0.1099866950790922,0.4247487697820783,0.6886776475227726,0.996297741304507
18,7,15,-0.05310810523561093,0.22779927355600915,-0.23313553378088395,0.8248996686329962,0.996297741304507
18,7,16,0.12290090949754102,0.21284100240871118,0.5774306083231145,0.5886741914445544,0.9945980265218507
18,7,17,-0.28004800638235766,0.30122205249235556,-0.9297061887211431,0.40514972960469564,0.9787437974965071
18,7,18,0.249182348845562,0.2130172921582147,1.1697752155224872,0.3070371906317397,0.9723653007063686
18,7,19,-0.09263957769468355,0.14379502494319693,-0.6442474468823558,0.5544987455250331,0.9921578326135176
18,7,20,0.1019844606851078,0.11468121236257593,0.8892865586543034,0.414581134858458,0.9787437974965071
18,8,1,0.03551575494172969,0.10867352758543807,0.32681146669763467,0.7549104073546761,0.996297741304507
18,8,2,0.09649108869200881,0.08931224004041168,1.080379225146167,0.3293074209099005,0.977783785791819
18,8,3,0.18759138641615403,0.2431844857992631,0.7713953700575708,0.47532919367227444,0.9844454813806669
18,8,4,0.17271786093393657,0.0842705497154517,2.049563714904992,0.08629413428401543,0.8971756779186283
18,8,5,-0.04585299444805944,0.16945371994604663,-0.2705930236432003,0.7957715193172006,0.996297741304507
18,8,6,0.044175108624327185,0.09490775359792603,0.46545310524373285,0.6580220551544664,0.996297741304507
18,8,7,0.678992167108219,0.3091088333977565,2.196611981749178,0.07943213527441939,0.8921703470566514
18,8,9,0.21298506535817557,0.09699034312736171,2.195940941009981,0.0704953112952211,0.8921703470566514
18,8,10,-0.04956500209228702,0.11396686492735703,-0.4349071295717844,0.6817607405985385,0.996297741304507
18,8,11,-0.1447071380433711,0.23670377507963086,-0.6113427552816934,0.5676966550220591,0.9921578326135176
18,8,12,-0.1100118316872287,0.09426777422341966,-1.1670142059928958,0.2874826953884563,0.9710602551597926
18,8,13,0.2815461105654947,0.08420610941736804,3.3435354335950414,0.02874106727315195,0.8442257097777721
18,8,14,-0.19359078663686272,0.1198795891639149,-1.6148769610024725,0.15746450271726012,0.9327221140485742
18,8,15,0.0563994187088583,0.07682039722051692,0.7341724431107363,0.4905275045562762,0.9869113698394234
18,8,16,0.06061282641602896,0.2293738051490334,0.2642534808034514,0.8021309537902102,0.996297741304507
18,8,17,-0.09901901188570048,0.07778544164816169,-1.2729761480600608,0.2590018237922771,0.9659348365379999
18,8,18,0.19781763310019454,0.34112598162366115,0.5798961197797361,0.5930803829640731,0.996297741304507
18,8,19,-0.25024345830820444,0.14119669161205053,-1.7723039785804366,0.13654175927662152,0.9327221140485742
18,8,20,0.03583408150510436,0.2018541753751459,0.1775245988265004,0.8660640837542233,0.9970118974932134
18,9,1,0.2829083380865502,0.11649654065509751,2.4284698626520336,0.05126900322449658,0.8613675014085445
18,9,2,0.024083330387109726,0.10782541451124274,0.22335486022523243,0.832097903187113,0.996297741304507
18,9,3,0.004602908840085748,0.2783990947301285,0.016533490687285216,0.9874482388711061,0.9999842973802364
18,9,4,0.228837292539687,0.08534284231795489,2.681388225675038,0.03646862555958374,0.8473514992757766
18,9,5,-0.1511055939149086,0.1139983498343454,-1.325506852802338,0.2332363876997414,0.9551865621300482
18,9,6,-0.08745263957553236,0.15634913416837307,-0.5593420138853784,0.5961736134021288,0.996297741304507
18,9,7,0.16807651896572556,0.17116475143408688,0.981957544158661,0.3712162460253022,0.9787437974965071
18,9,8,0.33983311292183227,0.1730399962849282,1.9638992153022132,0.09716850243225157,0.9122920172343513
18,9,10,0.20713173364148899,0.14470150669242257,1.4314414436633105,0.21172010892887957,0.9363792183028932
18,9,11,0.18111667728625017,0.26780546225261753,0.6762994143664209,0.528864782917034,0.9900419620498572
18,9,12,0.10801090478943147,0.1902039695011195,0.567868825620003,0.5907248722791837,0.9954207234136121
18,9,13,0.16761517123368602,0.1547417875046005,1.0831926781744046,0.33965210608434415,0.977783785791819
18,9,14,-0.12263863061748903,0.09807899375293894,-1.2504066969239653,0.2577053380043262,0.9659348365379999
18,9,15,-0.034647738414523156,0.13154971876272778,-0.26338131879059995,0.8010682823076868,0.996297741304507
18,9,16,0.06682874946216281,0.09431178219877068,0.7085938564982955,0.5102363270120089,0.9870199575036301
18,9,17,-0.027517815262892768,0.08698417056510073,-0.3163542870364156,0.7645142627802957,0.996297741304507
18,9,18,-0.12774463294257354,0.2820910903477788,-0.45284887510849586,0.6741333205355801,0.996297741304507
18,9,19,0.030500771688380647,0.1716073966986039,0.17773576358000337,0.8659067618211287,0.9970118974932134
18,9,20,-0.20553062240813724,0.2935450286736671,-0.7001672736073643,0.5150530178682922,0.9870199575036301
18,10,1,0.013080834347091043,0.10020374983305694,0.1305423636216573,0.9012269061223412,0.9970118974932134
18,10,2,-0.24373387767322566,0.25934105984332134,-0.9398198565993968,0.4005210706262484,0.9787437974965071
18,10,3,0.28468871878257523,0.10877604950058284,2.6172003863629247,0.04725714493754202,0.8473514992757766
18,10,4,0.1518405164749534,0.15205731011233206,0.9985742636232543,0.36384432522481064,0.9787437974965071
18,10,5,0.01915543244353464,0.2626624033901595,0.0729279569372103,0.9446909389324709,0.9976607232147003
18,10,6,-0.11118311415881872,0.14893822536950033,-0.7465048941078652,0.4889541600265135,0.9869113698394234
18,10,7,0.11160929090209055,0.1466481093332627,0.761068733915237,0.4809483405210068,0.9853788426768277
18,10,8,0.4185625867525281,0.2203053864989474,1.8999198948439149,0.11587521509280967,0.9266880947092055
18,10,9,0.14017814073149729,0.2595135327614991,0.5401573445489071,0.6122692226791608,0.996297741304507
18,10,11,0.11121723768687311,0.1658364105729362,0.6706442650438833,0.5321736278237207,0.9909681566538422
18,10,12,-0.1813859851367161,0.10961712413368534,-1.6547230787942326,0.15888545340698298,0.9327221140485742
18,10,13,0.07604861437409034,0.25618967737541976,0.29684495937887473,0.7859507776592933,0.996297741304507
18,10,14,-0.08644203202978068,0.163056723278607,-0.530134730363441,0.6187076271951755,0.996297741304507
18,10,15,0.20203034967359884,0.1790248489928605,1.1285045110163856,0.3103253919507897,0.9723653007063686
18,10,16,0.4042051126233251,0.15035710200780933,2.6883007667947934,0.043386802539948,0.8473514992757766
18,10,17,-0.01932001824862494,0.1695448038638081,-0.11395228758547131,0.9147661996864123,0.9970118974932134
18,10,18,0.10052840151649847,0.23020148683980976,0.4366974466416737,0.6848697051920869,0.996297741304507
18,10,19,-0.13847336727673845,0.09108868978436178,-1.5202037443181176,0.20309450786188066,0.9327221140485742
18,10,20,-0.17463947687578005,0.14775091322422995,-1.1819857695875047,0.2903565319853652,0.9720339886089545
18,11,1,0.2065893113449599,0.27543188804880564,0.750055895153298,0.48699342837921533,0.9859216983702814
18,11,2,-0.12637186956781396,0.2487973281255903,-0.5079309754625453,0.6382302218280826,0.996297741304507
18,11,3,0.4325793203792196,0.16013876947881675,2.701277909055871,0.042718787403688285,0.8473514992757766
18,11,4,0.11082090490908528,0.12925029641941926,0.8574131586407528,0.43038692870119205,0.9787437974965071
18,11,5,0.4907545139182136,0.26532549792278753,1.849631934203243,0.12360720190182474,0.9272249539364997
18,11,6,-0.30495313734507584,0.3475898982909607,-0.8773360182318308,0.4204536517634619,0.9787437974965071
18,11,7,0.05341580273502656,0.30233958748336714,0.17667485485270265,0.8666972308942414,0.9970118974932134
18,11,8,0.5332084785686193,0.22697049723914117,2.3492413553840423,0.0656219729433465,0.8921703470566514
18,11,9,-0.003956678956730918,0.15291833689877946,-0.025874457157640095,0.9803583958262663,0.9999842973802364
18,11,10,0.33375338087942286,0.16358871833504973,2.0401980299999347,0.09684433515923027,0.9122920172343513
18,11,12,0.05729254007639973,0.3441915441330145,0.166455396864986,0.8743205146604586,0.9970118974932134
18,11,13,0.18453346793418138,0.3766120467832088,0.4899829134778458,0.6577415537504541,0.996297741304507
18,11,14,0.0349915261427312,0.18966377666593026,0.18449240417784168,0.8608766905799783,0.9970118974932134
18,11,15,0.1600340929861234,0.3855271135237226,0.41510463822633564,0.6993644714532289,0.996297741304507
18,11,16,0.14919489930133079,0.2388412884365457,0.6246612563402896,0.5595886429507909,0.9921578326135176
18,11,17,-0.2920327945718543,0.33245567121983094,-0.8784112284788608,0.42931997054377585,0.9787437974965071
18,11,18,0.14283165899830344,0.28593799402270753,0.4995196930228904,0.6436395761533187,0.996297741304507
18,11,19,-0.6619308658668163,0.22818624489177264,-2.9008359648403226,0.044080987441623996,0.8473514992757766
18,11,20,-0.4807052307148253,0.35175787238046397,-1.366579879109356,0.23000254775470774,0.9551865621300482
18,12,1,-0.02244243767657604,0.1469849861299561,-0.1526852385901576,0.8836517462290141,0.9970118974932134
18,12,2,0.0300335917352279,0.1563610566008083,0.1920784649832084,0.8552380581191507,0.9970118974932134
18,12,3,0.0825602557191955,0.10610423136304245,0.778105214634958,0.47170370338303097,0.9844454813806669
18,12,4,0.0686696394142532,0.07718305929646573,0.889698335869254,0.40788165813678046,0.9787437974965071
18,12,5,0.2007972561611185,0.0673427621536552,2.9817199315344385,0.024581896688077,0.8413471823780126
18,12,6,-0.10455658129857037,0.07659389553586489,-1.3650772109932305,0.2211968224136906,0.944676581588624
18,12,7,-0.04429966393564738,0.07709304633561766,-0.5746259363291748,0.5904302226055967,0.9954207234136121
18,12,8,0.1118990218854929,0.17553466400343176,0.637475352917574,0.5473547829266031,0.9918684669151606
18,12,9,0.16561596419684255,0.1929554064828772,0.8583121209961065,0.4299348602201157,0.9787437974965071
18,12,10,0.40029313256756555,0.1937858909755857,2.065646423226607,0.09375730650468896,0.9122920172343513
18,12,11,0.16610664667166758,0.15848669614201824,1.0480794332527008,0.342598244002029,0.977783785791819
18,12,13,0.003487900936487628,0.0625146738600229,0.05579331573002557,0.9581821283402316,0.9981155951445632
18,12,14,-0.019893724501090507,0.10006816676051741,-0.1988017283108749,0.8489832664067137,0.9970118974932134
18,12,15,-0.035744919101409554,0.08276357899824316,-0.43189189657610655,0.6809088520750675,0.996297741304507
18,12,16,-0.04975116224146659,0.17714854555521123,-0.2808443167583331,0.7900802362734317,0.996297741304507
18,12,17,0.037528636754243526,0.1004081359916874,0.3737609147228536,0.7239066792774371,0.996297741304507
18,12,18,0.04770571509720737,0.04615541848778216,1.0335886155772156,0.35972159135384074,0.9787437974965071
18,12,19,-0.2084203676137736,0.12255970873853747,-1.7005618710852703,0.1497682638423823,0.9327221140485742
18,12,20,-0.11634043516443479,0.13322004098198856,-0.8732952963082394,0.4224538306013302,0.9787437974965071
18,13,1,-0.31675899383680645,0.16046904771778356,-1.9739569614192238,0.11962619099190351,0.9272249539364997
18,13,2,-0.0808262339813408,0.22611643978403864,-0.35745403588602226,0.744419835330774,0.996297741304507
18,13,3,-0.1712929676126688,0.26678988872051074,-0.6420519474464543,0.5665308570032164,0.9921578326135176
18,13,4,0.29927917952218375,0.128941003211473,2.321055149765061,0.08104283213936742,0.8921703470566514
18,13,5,0.01606677616678027,0.14010594583392083,0.11467590523039525,0.9142278937622823,0.9970118974932134
18,13,6,-0.018507928899679463,0.08084982154491671,-0.22891737477946478,0.8301609164472441,0.996297741304507
18,13,7,0.07549305454542875,0.28309703135593434,0.26666847823722184,0.8070037782094458,0.996297741304507
18,13,8,-0.10254565726010091,0.0737023328507882,-1.391348866342063,0.2583452153169346,0.9659348365379999
18,13,9,-0.09387245769237143,0.13512467126642652,-0.6947099801381759,0.5254783162618614,0.9900419620498572
18,13,10,-0.18059257492375955,0.4552340341815187,-0.39670270973490945,0.7181215896268788,0.996297741304507
18,13,11,-0.18611599459574302,0.19762177842309844,-0.941778765882453,0.41578381228399425,0.9787437974965071
18,13,12,0.03789631974779099,0.12833156137929785,0.29530007536874736,0.7824585061625925,0.996297741304507
18,13,14,-0.15945980232741247,0.2196117001883579,-0.726098847146668,0.5202993938452642,0.9888160523190818
18,13,15,-0.1148307406505339,0.1255099316315017,-0.9149135782080026,0.41200076023897086,0.9787437974965071
18,13,16,-0.2794750206068485,0.431063205087896,-0.648338845226221,0.5629669858431975,0.9921578326135176
18,13,17,-0.24475116772268804,0.12996029957808009,-1.8832764199174408,0.13277759987266904,0.9327221140485742
18,13,18,0.11689253084532285,0.3235252338430526,0.36130885203739016,0.7418152340262548,0.996297741304507
18,13,19,-0.18331288055539594,0.26534020076665704,-0.6908598095013592,0.5610634533735025,0.9921578326135176
18,13,20,0.22629973513749074,0.30318106428957126,0.7464177740355289,0.5095847866495559,0.9870199575036301
18,14,1,-0.2653639859417986,0.10531178919407962,-2.5197937284138074,0.04529971596858127,0.8473514992757766
18,14,2,-0.12399548388735958,0.09082040650753925,-1.3652821943238174,0.23038306628806854,0.9551865621300482
18,14,3,-0.19695761493093558,0.19962196786417588,-0.986653007368208,0.36912078816307764,0.9787437974965071
18,14,4,-0.06470935247347635,0.10989397353325857,-0.5888344045845583,0.5774519565552393,0.9921578326135176
18,14,5,-0.33751974933752876,0.1495035861221195,-2.2576030320742526,0.06476104944530982,0.8921703470566514
18,14,6,-0.12381982506603653,0.127222969278186,-0.9732505519055966,0.3751277327414169,0.9787437974965071
18,14,7,-0.025573428642914387,0.3156359406151039,-0.08102191592312481,0.93931652517903,0.9976607232147003
18,14,8,-0.3252761880232864,0.08340262422230281,-3.9000713832743377,0.011408471907908046,0.7296406661547277
18,14,9,-0.031592274131100474,0.04115531298092042,-0.767635375412623,0.47736963308400965,0.9844454813806669
18,14,10,-0.041805777285958384,0.24483166039800203,-0.1707531502168777,0.871112632398409,0.9970118974932134
18,14,11,-0.2378377378159332,0.2915204341476292,-0.8158527154726783,0.4516849495791629,0.9821724587469413
18,14,12,0.19801824539935453,0.13704513734681217,1.444912597641435,0.19860736064863801,0.9327221140485742
18,14,13,-0.21965347829573287,0.015079597092032462,-14.566269704727317,0.0007016260248152487,0.6579150864527538
18,14,15,-0.3491808924424639,0.1192565597167616,-2.9279805930076503,0.026356199367805703,0.8413471823780126
18,14,16,-0.4404904345840582,0.19537581173501262,-2.2545801891753054,0.07385161603113378,0.8921703470566514
18,14,17,0.08270155113753078,0.135202099604872,0.6116883641497749,0.573802431063019,0.9921578326135176
18,14,18,-0.065589517528625,0.18608104541705692,-0.3524782300167599,0.7422678912901336,0.996297741304507
18,14,19,0.16878759898383733,0.14979282924141687,1.1268069362030695,0.3109784717071992,0.9723653007063686
18,14,20,0.4176136294053034,0.23521187164115653,1.7754785355419762,0.1359845559918284,0.9327221140485742
18,15,1,-0.12140548091028992,0.14749882974438236,-0.8230945365455733,0.4419325555371202,0.9809403935722025
18,15,2,0.0240217926842757,0.10099776302882733,0.23784479936631292,0.8214407072849977,0.996297741304507
18,15,3,0.4496572864110274,0.3371283533958545,1.3337866183023421,0.2398008946477161,0.9639214046012513
18,15,4,-0.09737849572269858,0.13064493648212572,-0.7453675461450135,0.48421394846569804,0.9853788426768277
18,15,5,-0.037409765189281546,0.19173962409797068,-0.19510711656538796,0.8517482881567701,0.9970118974932134
18,15,6,0.026101115097741708,0.181903509946121,0.14348879307127857,0.8906019638679153,0.9970118974932134
18,15,7,-0.06181756924914105,0.16796053182122664,-0.3680481871453599,0.7279046861345569,0.996297741304507
18,15,8,0.04287243237548563,0.1681902676125913,0.2549043591153734,0.8073091643086424,0.996297741304507
18,15,9,0.16142518005815157,0.0612825352701807,2.6341139338284667,0.038845132179359095,0.8473514992757766
18,15,10,0.06898154276129913,0.14670559123333943,0.47020391098190534,0.6580045172786958,0.996297741304507
18,15,11,-0.00855102181147648,0.11008238581605759,-0.07767838376692844,0.9410965983970933,0.9976607232147003
18,15,12,0.18910960048173708,0.13096579533302447,1.4439617611561746,0.19886346552116282,0.9327221140485742
18,15,13,-0.10299774860102485,0.16814883276033268,-0.6125391827561356,0.5732923001099209,0.9921578326135176
18,15,14,-0.025572310398833772,0.10321440530732987,-0.24775912163076688,0.81258173252084,0.996297741304507
18,15,16,0.00030587198070643884,0.1014171723739629,0.0030159781972185036,0.9977102331655534,0.9999842973802364
18,15,17,-0.15997755853450568,0.11786539044133082,-1.3572903626258253,0.23273952645110985,0.9551865621300482
18,15,18,0.006242320106690578,0.2454042687149513,0.025436884775284378,0.9809249076314299,0.9999842973802364
18,15,19,0.07459745823243592,0.05890465817466685,1.2664101709913949,0.26115734141867525,0.9659348365379999
18,15,20,0.0834409220831232,0.21879198079516066,0.3813710254804157,0.7185962847507417,0.996297741304507
18,16,1,-0.18652109535546826,0.14244453749232547,-1.3094296112562975,0.24732827492070525,0.9659348365379999
18,16,2,-0.05482146056156116,0.21611999841614618,-0.2536621366049937,0.8122613268829779,0.996297741304507
18,16,3,-0.09636386503219961,0.16449547510420673,-0.5858146856049867,0.5834439325206178,0.9929720478795291
18,16,4,-0.22973855015633832,0.15978155397931934,-1.4378289885992455,0.20999613452473723,0.9338622717308385
18,16,5,-0.03167799243336496,0.19823497723138658,-0.15980021727563007,0.8792933832159662,0.9970118974932134
18,16,6,-0.18702663284623086,0.1224900127005031,-1.5268725075733118,0.1873221284197441,0.9327221140485742
18,16,7,0.24140466112489734,0.1948205531465247,1.2391129027443917,0.270294788632487,0.9659348365379999
18,16,8,0.0992637281743973,0.16929901313944498,0.5863219538796208,0.5831284030291468,0.9929720478795291
18,16,9,-0.16890884319754695,0.1528116476580852,-1.1053401084606702,0.31934065753137336,0.9738435620968914
18,16,10,-0.1061643101434264,0.15611816076832127,-0.6800253706568692,0.526692299566535,0.9900419620498572
18,16,11,-0.11523151566025683,0.11833754780170633,-0.973752775850756,0.37490120420665024,0.9787437974965071
18,16,12,0.15333063323239038,0.10646506724246452,1.4401966504351478,0.2093605171587785,0.933394762406013
18,16,13,0.12067749906794187,0.190907828238881,0.6321244140722571,0.5721929074000567,0.9921578326135176
18,16,14,-0.032168177014630504,0.12519451277467672,-0.2569455825293987,0.8074591242790489,0.996297741304507
18,16,15,-0.05745855992250551,0.09705380246877808,-0.5920279109146468,0.5795864685479116,0.9925828274276138
18,16,17,-0.01630195530025371,0.25045689582595965,-0.06508886587621333,0.9512263891239664,0.9977648266713631
18,16,18,0.2311295134759307,0.06286055684722097,3.6768607385073127,0.021262512688657597,0.8394596075808679
18,16,19,-0.10575443843396323,0.07500295370159384,-1.4100036493670236,0.23134828041931194,0.9551865621300482
18,16,20,-0.11793073717409198,0.09417554150370694,-1.2522437916451772,0.26586374886282677,0.9659348365379999
18,17,1,0.08607558914938346,0.07799557158219042,1.1035958504076715,0.3200285887215413,0.9738435620968914
18,17,2,-0.11492467528147118,0.09787708850212028,-1.1741734152401502,0.30546016590065167,0.9723653007063686
18,17,3,0.5159248527282663,0.2582334998581257,1.997900555155389,0.11639523876507088,0.9266880947092055
18,17,4,-0.02461448461551484,0.20751387062595872,-0.11861609318522875,0.9101976327191084,0.9970118974932134
18,17,5,-0.08971662079150791,0.05876857408271752,-1.5266087733165692,0.18738565594728857,0.9327221140485742
18,17,6,0.04848790835486944,0.14310750295496233,0.33882156667767693,0.7485099219940513,0.996297741304507
18,17,7,-0.5662147652102524,0.2997263162246198,-1.889105942849652,0.1318866185470857,0.9327221140485742
18,17,8,0.08721750871099404,0.16404849204589603,0.5316568754930185,0.6177272987064081,0.996297741304507
18,17,9,-0.21141627047168637,0.11822746877317358,-1.7882161621468258,0.1337719360230459,0.9327221140485742
18,17,10,0.30657617419282823,0.23810273459786355,1.2875793917668492,0.26733895060198903,0.9659348365379999
18,17,11,0.1300974321185007,0.19563478714880664,0.6650015266399377,0.5424300003631625,0.9909681566538422
18,17,12,-0.17541922383600927,0.10702653206446068,-1.6390255803926967,0.1621331585161709,0.9327221140485742
18,17,13,-0.4006935179903533,0.07519469477949985,-5.328747183029522,0.005970292469675444,0.7296406661547277
18,17,14,0.199974414286423,0.12178009279301152,1.6420944482664792,0.16149308507445886,0.9327221140485742
18,17,15,0.10707054255453005,0.09350138847194285,1.1451224875180734,0.30399519086849874,0.9723653007063686
18,17,16,0.22503910902982158,0.1359256102289074,1.6556049198468614,0.1731437004115076,0.9327221140485742
18,17,18,0.4384049926679301,0.08057397329816784,5.4410248708990725,0.0121895096364373,0.7296406661547277
18,17,19,-0.022597251961642296,0.07619074814252173,-0.2965878733606276,0.781543566326674,0.996297741304507
18,17,20,0.5080562685442498,0.16506693865635294,3.077880238627775,0.037007855156603264,0.8473514992757766
18,18,1,-0.026096945096650993,0.0931031371740931,-0.28030145802253836,0.7974638084705619,0.996297741304507
18,18,2,-0.14438660218231883,0.143383064016251,-1.0069990006975098,0.3881182713635416,0.9787437974965071
18,18,3,-0.14728136896192495,0.10309879599330027,-1.428545964494748,0.22633165080947718,0.9500760958990208
18,18,4,0.17524669724809053,0.07461881691944455,2.348559042887683,0.0786390463664356,0.8921703470566514
18,18,5,0.4503264085233893,0.28173609583401166,1.5983979872678662,0.18519831924943345,0.9327221140485742
18,18,6,-0.401951287078839,0.1268942638499848,-3.1676080137937572,0.03393550661662237,0.8473514992757766
18,18,7,0.010184951272482305,0.25422698297530233,0.04006243221409622,0.9699632185056494,0.9997778860288403
18,18,8,-0.024632124329501674,0.3186805918660911,-0.07729408366285057,0.9432560181875376,0.9976607232147003
18,18,9,-0.09598153177838219,0.2282508219732173,-0.4205090301458982,0.6957217144825021,0.996297741304507
18,18,10,-0.035519359370167036,0.12749559804115093,-0.2785928292083001,0.7943664925724379,0.996297741304507
18,18,11,0.10815949323657598,0.0771775285113784,1.4014376376308606,0.2337030895726442,0.9551865621300482
18,18,12,-0.08182594110961694,0.17506805252891983,-0.46739504968008116,0.6645435024515831,0.996297741304507
18,18,13,0.23214365525381392,0.26542243856769093,0.8746195555495038,0.44615762695403827,0.9809403935722025
18,18,14,-0.19560318766898613,0.3085288109474984,-0.6339867809027322,0.5605335907927252,0.9921578326135176
18,18,15,-0.07575283846091689,0.14477828818253002,-0.5232334171881342,0.6284587139210436,0.996297741304507
18,18,16,0.029044865225608733,0.12255275566896313,0.23699887503000827,0.8243006092929926,0.996297741304507
18,18,17,0.25275001180475243,0.12259484893929942,2.0616690993912417,0.13128567107757713,0.9327221140485742
18,18,19,-0.34070512332952346,0.3697558303798363,-0.9214327275883885,0.4247814080158936,0.9787437974965071
18,18,20,-0.331265531682244,0.30370686831621946,-1.0907409948208342,0.3366877945926697,0.977783785791819
18,19,1,-0.12584233793140592,0.1265156743231982,-0.9946778421220215,0.3655620349411581,0.9787437974965071
18,19,2,-0.1367310218953016,0.10525419169435418,-1.2990553601043593,0.2637453148915897,0.9659348365379999
18,19,3,0.0007392360429586286,0.22850438180569452,0.003235106640466932,0.9975736753100026,0.9999842973802364
18,19,4,0.05950495059292696,0.1421920271749409,0.41848303153663235,0.6929613547081712,0.996297741304507
18,19,5,0.01844917539874808,0.187817863009682,0.09822907737853878,0.925566755315827,0.9971125104614714
18,19,6,0.07833106554478893,0.07527818905339793,1.0405545952783868,0.3457590048959766,0.977783785791819
18,19,7,-0.3046573788275882,0.2407015968672404,-1.2657056820207016,0.27431976424978155,0.9670747067692197
18,19,8,-0.38307156553186705,0.17649874069763605,-2.170392627253614,0.08210233336027478,0.8927460367287492
18,19,9,-0.15082428152971794,0.04555549780326514,-3.3107811087424226,0.021222189976586883,0.8394596075808679
18,19,10,-0.1244479445499302,0.18533188826404293,-0.6714869508692284,0.5386967137049273,0.9909681566538422
18,19,11,0.21667722692910044,0.2990142903728994,0.7246383664745876,0.5087911695678569,0.9870199575036301
18,19,12,-0.06934332111364538,0.09171320929637679,-0.7560886991622129,0.48367523495673553,0.9853788426768277
18,19,13,0.044587106875828876,0.10651585051214589,0.41859598042007895,0.7036730321559694,0.996297741304507
18,19,14,-0.14535065495041113,0.058922225569100165,-2.466822214267628,0.05675114696594291,0.8808799856679203
18,19,15,0.20688457767170554,0.06492169641581717,3.186678554168443,0.024355358412973732,0.8413471823780126
18,19,16,-0.18244127639177174,0.15397493154360242,-1.1848764897091275,0.3016539642067849,0.9723653007063686
18,19,17,0.1503680725181886,0.09157024574579933,1.642106246323407,0.17591248845602858,0.9327221140485742
18,19,18,-0.00380004307735736,0.08668722578629344,-0.043836252029585285,0.9677894961195074,0.9985828574077232
18,19,20,0.11298774333932868,0.17808004678720873,0.6344772779271864,0.5602440826415889,0.9921578326135176
18,20,1,0.13302484976155732,0.14242735990394995,0.9339838205969171,0.39318608590576504,0.9787437974965071
18,20,2,-0.12087403533292153,0.2524697283795909,-0.4787664489847566,0.6571002344297363,0.996297741304507
18,20,3,-0.22470393370388658,0.1957514035227303,-1.1479045854026098,0.3029465401891598,0.9723653007063686
18,20,4,-0.04767826035995336,0.20283297081102397,-0.2350616873039804,0.823484356578571,0.996297741304507
18,20,5,-0.15033899224808506,0.061076810436954225,-2.4614741858664857,0.0695810821025001,0.8921703470566514
18,20,6,-0.046114221225216585,0.18532599752878326,-0.2488275894363158,0.8133918275648422,0.996297741304507
18,20,7,-0.12404365407599989,0.16768165486536335,-0.7397568575695327,0.49269565871159554,0.9870199575036301
18,20,8,0.1440934740206631,0.20426409414180824,0.7054273274280024,0.5120426751076598,0.9870199575036301
18,20,9,-0.1324864905903402,0.1846293257509181,-0.7175809696037078,0.505133685054809,0.9870199575036301
18,20,10,-0.4664037788792871,0.24969993689863362,-1.8678570153854588,0.12074551043130212,0.9272249539364997
18,20,11,-0.039474135721218356,0.346969061941917,-0.113768459643565,0.9138483644824079,0.9970118974932134
18,20,12,0.2372885547975457,0.17971968669144123,1.320325887300391,0.2439342026486443,0.9659348365379999
18,20,13,-0.10559066406507014,0.22763528672544361,-0.4638589455243893,0.6743336898714769,0.996297741304507
18,20,14,-0.17635933255214944,0.2928182571898724,-0.602282570233284,0.5732546593087825,0.9921578326135176
18,20,15,0.044458090018085414,0.2054028829035256,0.21644335945737536,0.8371958518509617,0.9967052234147373
18,20,16,-0.518074657407574,0.23565747202763324,-2.1984223667842198,0.07925120714874327,0.8921703470566514
18,20,17,0.7289189326801817,0.18501440007297562,3.939795672059758,0.016962702124821087,0.8007238270101881
18,20,18,-0.08480457060998846,0.08264848676360288,-1.026087396512491,0.3628465606788783,0.9787437974965071
18,20,19,0.06738557869756978,0.23961357598554994,0.28122604664667367,0.7924850681172857,0.996297741304507
19,1,2,-0.04677325235825782,0.10016949529720214,-0.4669410804059159,0.6601820591462775,0.996297741304507
19,1,3,-0.14270529381066707,0.08629703462427882,-1.653652346576283,0.15910490999820975,0.9327221140485742
19,1,4,-0.16733471673197955,0.07700171921371571,-2.173129618903371,0.07274726325120937,0.8921703470566514
19,1,5,-0.0181250663891522,0.07773149564377942,-0.2331753202328805,0.8233765001433715,0.996297741304507
19,1,6,0.19338461348272828,0.07650546839734453,2.5277227567031386,0.04481725458305076,0.8473514992757766
19,1,7,0.05978486189298699,0.07049682544228776,0.8480504124413634,0.43511692856965695,0.9798188613716718
19,1,8,0.16007765553769104,0.08017109218547736,1.99670044615772,0.09284987022794118,0.9122920172343513
19,1,9,-0.03179356146656845,0.05767919947523969,-0.5512136394969465,0.6013946499115662,0.996297741304507
19,1,10,-0.090924034171185,0.08750989012137353,-1.0390143793351487,0.3464089818661888,0.977783785791819
19,1,11,-0.16583773298638183,0.1658412849308283,-0.9999785822604549,0.36322687783926,0.9787437974965071
19,1,12,-0.14635276079280235,0.11517380465328102,-1.2707122182176032,0.2508752344848587,0.9659348365379999
19,1,13,-0.0725305643993775,0.09814545621480171,-0.7390109251710815,0.5009177104596654,0.9870199575036301
19,1,14,0.020865996428568536,0.060980375428979855,0.3421755979926316,0.7438862448100687,0.996297741304507
19,1,15,0.06848513393301964,0.113193327136458,0.6050280141501071,0.5673227758313539,0.9921578326135176
19,1,16,0.2021187847122625,0.07220000915666154,2.7994287960670508,0.03801924069253783,0.8473514992757766
19,1,17,-0.12920743141199123,0.09859611839462581,-1.3104717864605455,0.2470017711386128,0.9659348365379999
19,1,18,-0.003580976465409762,0.11609754547823438,-0.030844549302295698,0.976871172047103,0.9998328560154682
19,1,19,-0.03028107920916933,0.05990635108499552,-0.5054736043879698,0.6347147056748186,0.996297741304507
19,1,20,-0.24911111125262567,0.052562835581563674,-4.739301228552093,0.005153280749889233,0.7168717760835697
19,2,1,-0.09507005291703324,0.0989929685057858,-0.9603717754005563,0.38097492966483565,0.9787437974965071
19,2,3,-0.004661074485296459,0.08435609164899245,-0.05525474680164222,0.958585277783437,0.9981155951445632
19,2,4,0.03908755447443723,0.10355231176961903,0.37746674898983346,0.7213184956276394,0.996297741304507
19,2,5,-0.1473123065194013,0.0876672870616496,-1.6803566239494514,0.15372074996441,0.9327221140485742
19,2,6,-0.016304917781804505,0.10419253001997553,-0.15648835649275508,0.8817704346226919,0.9970118974932134
19,2,7,-0.07080327183390465,0.1357199370045723,-0.5216865951757527,0.6294423361988363,0.996297741304507
19,2,8,0.08718007925587626,0.14277547808805707,0.6106096118375254,0.5681451334061952,0.9921578326135176
19,2,9,-0.11504151740757876,0.07465958909918567,-1.5408806664232317,0.18397782870371276,0.9327221140485742
19,2,10,0.021309294429640146,0.040470199272957516,0.526542858990878,0.6263573722802569,0.996297741304507
19,2,11,-0.02134087207212587,0.1324948818088433,-0.16106940721494659,0.8798464476624478,0.9970118974932134
19,2,12,-0.10812731985139584,0.08630223037273384,-1.252891372368338,0.26564693613872803,0.9659348365379999
19,2,13,-0.20306123020169917,0.24898041061628245,-0.8155711113908979,0.474476995339346,0.9844454813806669
19,2,14,0.22825741206938363,0.11499875137789242,1.984868612332424,0.10392929149190447,0.9180663567179747
19,2,15,-0.11816202714345089,0.13536954623452238,-0.8728848580009788,0.42265741160942416,0.9787437974965071
19,2,16,-0.042980379349292074,0.13267442982949626,-0.32395375208473437,0.7622044814799436,0.996297741304507
19,2,17,-0.10567313769691616,0.24334534869809582,-0.4342517260421703,0.6865034217667897,0.996297741304507
19,2,18,-0.01992392561251445,0.0965679220983999,-0.206320330595974,0.8497494822455762,0.9970118974932134
19,2,19,-0.01647167270976357,0.13480834039214132,-0.12218585780172993,0.9086445190286184,0.9970118974932134
19,2,20,0.026784752742675243,0.1084206598110582,0.24704473104208435,0.8170351621402604,0.996297741304507
19,3,1,0.08634310382174583,0.27900537528949065,0.3094675281142824,0.7724167453052477,0.996297741304507
19,3,2,0.25495942023821705,0.1362798321832234,1.870852173442379,0.13469827725882397,0.9327221140485742
19,3,4,-0.2584389709487599,0.03315284212152676,-7.795379050568798,0.0005564673925789456,0.6579150864527538
19,3,5,0.1088653966878734,0.08156846131700927,1.3346506104049471,0.2395378267828662,0.9637308012439297
19,3,6,0.1869827233497973,0.15538106996676415,1.203381617777438,0.2826917793087184,0.9710602551597926
19,3,7,0.30146272066963414,0.07638605012960537,3.946567732644785,0.010888064619786619,0.7296406661547277
19,3,8,0.18360234121271932,0.15276912552016098,1.201828841962491,0.28324190171722774,0.9710602551597926
19,3,9,0.21164209371002732,0.18288947671634906,1.157213074851292,0.2994609686757104,0.9723653007063686
19,3,10,0.351479063296985,0.17400236613576123,2.0199671481520647,0.09937445118371446,0.9122920172343513
19,3,11,-0.0343651062981482,0.14404894457529863,-0.2385654848026046,0.8209117662099672,0.996297741304507
19,3,12,-0.14221456915425906,0.11361179279330158,-1.2517588681286271,0.26602620847681197,0.9659348365379999
19,3,13,0.07598065936866215,0.12030409157436693,0.6315716978010055,0.5725093774709727,0.9921578326135176
19,3,14,-0.19614949557484773,0.050614737954574815,-3.8753434967303515,0.011696851574427548,0.7296406661547277
19,3,15,-0.029925662250378425,0.1001308712796937,-0.29886549340501356,0.7770656520124506,0.996297741304507
19,3,16,0.19593805551179116,0.10558573722985219,1.855724652311638,0.12264286269044425,0.9272249539364997
19,3,17,-0.23178790298765095,0.09051773127252946,-2.560690593174796,0.0625922903598681,0.8885715236277543
19,3,18,0.13839272583340512,0.10803670018328762,1.2809788303172587,0.26942724755722197,0.9659348365379999
19,3,19,-0.31632074143865274,0.22707151942181159,-1.3930445449200406,0.23603346440751083,0.9577538296493169
19,3,20,-0.16105435408705615,0.11534556608254193,-1.3962769402892217,0.2214542004568251,0.944676581588624
19,4,1,0.032411245823574346,0.08411235547372346,0.38533275688985097,0.7132813595894889,0.996297741304507
19,4,2,-0.14220207605033944,0.09416474244662437,-1.5101414006355303,0.19139396413038764,0.9327221140485742
19,4,3,-0.13241113284656633,0.06435168382240684,-2.0576172211736905,0.09471997596589458,0.9122920172343513
19,4,5,-0.004717063512292488,0.14432104429113837,-0.03268451621472532,0.9749863246822147,0.9998192749453514
19,4,6,-0.06686088101725356,0.11234847697825025,-0.595120493085119,0.5735071800400997,0.9921578326135176
19,4,7,0.04314287468975175,0.07256186752166112,0.5945667629940505,0.578014794553921,0.9921578326135176
19,4,8,0.05303463201685896,0.1521208951020398,0.34863476171985247,0.7392712276574421,0.996297741304507
19,4,9,0.020529517247976987,0.07366180209246331,0.2786996335214389,0.7898316983730952,0.996297741304507
19,4,10,0.02136505858760967,0.08735792197250747,0.24456921713509766,0.816509598083342,0.996297741304507
19,4,11,-0.131801294447201,0.07362398004892823,-1.7901951831158778,0.13343146267815462,0.9327221140485742
19,4,12,0.08607618096090094,0.07427483255213817,1.1588875801142975,0.29053658101876695,0.9720339886089545
19,4,13,-0.011784378228626055,0.07710075830715576,-0.1528438693368791,0.8859216079235507,0.9970118974932134
19,4,14,-0.03138614137994885,0.07939273060339595,-0.39532764701521683,0.7062734912170767,0.996297741304507
19,4,15,-0.009675808135824372,0.10357721905819957,-0.09341637305684142,0.9286140834768077,0.9971125104614714
19,4,16,0.016930688445558294,0.0709019676294729,0.23879010712083068,0.8207469285699249,0.996297741304507
19,4,17,-0.04445892483791279,0.12619662182991317,-0.3522988507369229,0.7389772883063166,0.996297741304507
19,4,18,0.13573416304423142,0.11803113554696436,1.1499860813342178,0.314226847719331,0.9738435620968914
19,4,19,0.01656205332787903,0.2106545793077065,0.07862185280865863,0.940382922544539,0.9976607232147003
19,4,20,-0.08205188764853412,0.124355903842307,-0.6598149755070938,0.5385484843032744,0.9909681566538422
19,5,1,0.12241265410257286,0.13970368732333188,0.8762306596703014,0.4146041093898366,0.9787437974965071
19,5,2,-0.2862479528958772,0.1704649896304197,-1.6792184337370624,0.15394647908576334,0.9327221140485742
19,5,3,0.004563455325939595,0.153712074220652,0.029688333522577517,0.9774641924295434,0.9998328560154682
19,5,4,-0.2942971368411732,0.0692364804429995,-4.250607988070817,0.005376538320626773,0.7168717760835697
19,5,6,-0.01646970118176287,0.10728784762760471,-0.15350947517164817,0.8839997504253824,0.9970118974932134
19,5,7,0.03561553229912383,0.04794801973209354,0.7427946450631437,0.4910088258225739,0.9869113698394234
19,5,8,0.023016105268688844,0.14133799089788784,0.16284443497682372,0.8759871297802212,0.9970118974932134
19,5,9,0.09793456806110028,0.0937190339092259,1.0449805549096085,0.33629295755660177,0.977783785791819
19,5,10,0.24277127326875747,0.09631346544889913,2.5206368822337057,0.05313334587933537,0.8736240172341893
19,5,11,-0.043870235630747975,0.07462816187789213,-0.5878509469647845,0.5821779808636229,0.9927843962825581
19,5,12,-0.05258818690342495,0.05935350359518049,-0.8860165570210602,0.4097112372259275,0.9787437974965071
19,5,13,0.12410128355607225,0.10695653205189308,1.1602964416862411,0.3104616967026116,0.9723653007063686
19,5,14,-0.13325425964410195,0.07447251442480574,-1.7893079167732187,0.12377142449949412,0.9272249539364997
19,5,15,0.013448561187223547,0.07901197888406598,0.17020914267678786,0.870439967357745,0.9970118974932134
19,5,16,0.05836217584811913,0.0609613506745626,0.957363562344996,0.3823513258029091,0.9787437974965071
19,5,17,-0.21170949698020877,0.11218351289456623,-1.887171220759446,0.11778702485894277,0.9266880947092055
19,5,18,0.13708160384393633,0.04041404079982611,3.391930159112776,0.0274810149268204,0.8413471823780126
19,5,19,-0.07480385141544196,0.06739007556232109,-1.11001287341123,0.31750402416609186,0.9738435620968914
19,5,20,-0.2505931204948687,0.14581334458807851,-1.7185883857274764,0.1463280662862691,0.9327221140485742
19,6,1,-0.09260771487697403,0.1045790850399726,-0.8855280655849268,0.4099544457377942,0.9787437974965071
19,6,2,-0.1731104865946383,0.0638960840733195,-2.709250325783473,0.04231402762694168,0.8473514992757766
19,6,3,-0.07034863413613618,0.06677061169721205,-1.0535867853674303,0.34030040303417447,0.977783785791819
19,6,4,0.022173995171909437,0.12083684376093887,0.18350359444669467,0.8604471221731783,0.9970118974932134
19,6,5,0.019267636836675255,0.0633098868693555,0.3043385131319389,0.7711492316335329,0.996297741304507
19,6,7,0.10060410464646048,0.06774411219086907,1.4850604929550675,0.19765880466018462,0.9327221140485742
19,6,8,-0.14363634613648885,0.1076571281860357,-1.3342019107824001,0.23054146555671415,0.9551865621300482
19,6,9,0.07272269835277255,0.05206809111060269,1.3966845490244457,0.21198696544863946,0.9366865915172441
19,6,10,0.07408701584250856,0.12234016692436263,0.605582105243551,0.5712265943481719,0.9921578326135176
19,6,11,-0.07380648345732127,0.04643191147697028,-1.5895637527724638,0.17280267862083848,0.9327221140485742
19,6,12,0.13070237531369835,0.08939104792613281,1.4621416612124347,0.19401922485161502,0.9327221140485742
19,6,13,0.06960829221650888,0.05285201743399191,1.3170413466643391,0.2582070651505555,0.9659348365379999
19,6,14,-0.10194901233855011,0.0721600852043825,-1.4128172388985154,0.20742209206642226,0.9327221140485742
19,6,15,0.07111329207931505,0.07112516403020777,0.9998330836623798,0.35599218215459877,0.9787437974965071
19,6,16,0.08001772812794224,0.09399686472265927,0.8512808205165757,0.4334804766280583,0.9787437974965071
19,6,17,0.05207018468917503,0.06715238056057515,0.775403407202064,0.47316112640107216,0.9844454813806669
19,6,18,-0.012590993631880855,0.0749760722342405,-0.16793349206632344,0.8747844442957666,0.9970118974932134
19,6,19,0.12927650444382965,0.09213419042625007,1.4031327984143678,0.2195237281656761,0.9441880781319402
19,6,20,-0.12062162607189246,0.09830558645436245,-1.2270068306511048,0.2744390696580144,0.9670747067692197
19,7,1,0.06404565718552174,0.10066012805684409,0.6362564644137753,0.5525905683424384,0.9921578326135176
19,7,2,-0.02604284408812632,0.07425221981035292,-0.3507348891964635,0.7434795910069805,0.996297741304507
19,7,3,-0.0608215058974631,0.07195722708121353,-0.8452452708881137,0.4365417708286435,0.9809403935722025
19,7,4,-0.10392320532136222,0.07023889620000963,-1.479567745824975,0.1990569857730062,0.9327221140485742
19,7,5,0.030626838833959745,0.1449675266769511,0.21126689221923484,0.8410199914877723,0.9967052234147373
19,7,6,0.008566883683924009,0.13016966446395653,0.06581321169672624,0.9500769687427622,0.9977648266713631
19,7,8,-0.03499755285898924,0.09153185868753268,-0.3823537876367173,0.7179118078723803,0.996297741304507
19,7,9,0.1102154252823978,0.08741306966672878,1.2608575090812446,0.2629929557927746,0.9659348365379999
19,7,10,0.2246044315678076,0.05879821073858071,3.819919496574281,0.012374148664196663,0.7296406661547277
19,7,11,0.1254461285642152,0.12321458016713903,1.0181110741361208,0.3553321023776706,0.9787437974965071
19,7,12,-0.07499522977107118,0.11893769239646404,-0.6305421625337521,0.5560322229470184,0.9921578326135176
19,7,13,0.16424193204526352,0.17177396159923167,0.9561515058231155,0.4095337445403818,0.9787437974965071
19,7,14,-0.008021519965551862,0.06750303222592843,-0.11883199466633591,0.9100350959177252,0.9970118974932134
19,7,15,0.21926961481001564,0.09751395024263229,2.2485973982408125,0.07440769371082874,0.8921703470566514
19,7,16,-0.006852667689447836,0.1326954554871534,-0.05164206765211805,0.9608135503496941,0.9981155951445632
19,7,17,-0.07876666203617469,0.15028687461023058,-0.5241087236655372,0.6279025199185903,0.996297741304507
19,7,18,0.05486470557330857,0.15596044289192534,0.3517860334044828,0.7427488910295624,0.996297741304507
19,7,19,-0.1026611712096716,0.12294726213846915,-0.8350016862776058,0.45068685867892166,0.9811902082295157
19,7,20,0.008173992254254183,0.07443084719326234,0.10981995452665345,0.9168237525541667,0.9971125104614714
19,8,1,0.0010810484163416437,0.10963561914468035,0.009860375895767786,0.9924523646843182,0.9999842973802364
19,8,2,0.04795640021258161,0.09416147003052425,0.5092996126390796,0.6322161080702153,0.996297741304507
19,8,3,-0.2403538455051395,0.11212922942849686,-2.143543184306515,0.08493575658563282,0.896144186594051
19,8,4,0.1832107400311344,0.08049268875739952,2.276116537503738,0.06313534509986675,0.8885715236277543
19,8,5,-0.2403613406931176,0.1394132361972514,-1.7240926847958238,0.1354562466362031,0.9327221140485742
19,8,6,0.11172497919877733,0.08516049505921766,1.31193435547522,0.23749939608724654,0.9601039416292946
19,8,7,-0.2498814181020422,0.236567030471547,-1.056281670370125,0.3391807712350739,0.977783785791819
19,8,9,-0.07366096150336404,0.12674085172417823,-0.5811935181174943,0.582268644345323,0.9927843962825581
19,8,10,-0.025850043420893573,0.06914376119684365,-0.37385937607484016,0.7238378587931018,0.996297741304507
19,8,11,-0.15301900441458924,0.1314193483996212,-1.1643567425712935,0.29681000556676973,0.9723653007063686
19,8,12,-0.15322863398398867,0.08360828159594964,-1.8326968460212802,0.11655177083737542,0.9266880947092055
19,8,13,0.02645418747024148,0.1700268386729765,0.15558830403808735,0.8838935623491926,0.9970118974932134
19,8,14,0.1241161983661898,0.13434982793937508,0.9238284876797386,0.39121474858877225,0.9787437974965071
19,8,15,-0.02137228045907484,0.07972072159393273,-0.2680894004907417,0.7976090150843351,0.996297741304507
19,8,16,0.09912593911421592,0.1322281456094904,0.7496583927465418,0.48721263503836376,0.9860562746876831
19,8,17,0.07904524784735216,0.07965318933917634,0.9923676440597019,0.36658362417897683,0.9787437974965071
19,8,18,0.14965084696443673,0.21527941884728735,0.6951470222515759,0.5252318084452686,0.9900419620498572
19,8,19,-0.30301169759383195,0.20779116733145453,-1.4582510964435258,0.20457373181939154,0.9327221140485742
19,8,20,-0.23081343492857476,0.06552594867535495,-3.5224737617856694,0.01687454851887702,0.8007238270101881
19,9,1,-0.06436171032791274,0.16192763930508833,-0.39747204741403774,0.7047740273760191,0.996297741304507
19,9,2,-0.1564670936433143,0.07895791207881243,-1.9816518639088863,0.10435749718379334,0.9180663567179747
19,9,3,-0.22002902948665432,0.1362952911547723,-1.614355328205598,0.1673708401618639,0.9327221140485742
19,9,4,0.04425453608272533,0.125238736745764,0.3533614058421011,0.7359015909694818,0.996297741304507
19,9,5,-0.15732500680762024,0.11258736276920411,-1.3973593744151167,0.2117941942450886,0.9363792183028932
19,9,6,0.2121976126707449,0.13496323460985604,1.5722623519107355,0.1669498120657722,0.9327221140485742
19,9,7,-0.0901857339802607,0.1054254022240599,-0.8554459558782058,0.43137746409778444,0.9787437974965071
19,9,8,0.003292591133377442,0.22178546163048382,0.014845838447464937,0.9886365091705195,0.9999842973802364
19,9,10,0.09533296508471394,0.09457561534420612,1.0080078753571249,0.3597132053118319,0.9787437974965071
19,9,11,-0.06230347355592278,0.16662349896897988,-0.37391768832767,0.7237971022920064,0.996297741304507
19,9,12,-0.1826330659134926,0.1804516644972892,-1.0120885635567196,0.35055531448544763,0.9787437974965071
19,9,13,0.31473231687560244,0.09332442541721415,3.3724538400873563,0.02798008766481877,0.8438439137008835
19,9,14,-0.09303732337873678,0.10336119872714483,-0.9001184634423468,0.4027370236407026,0.9787437974965071
19,9,15,-0.14799618378191934,0.11770695717732142,-1.2573274114775639,0.2553593116611235,0.9659348365379999
19,9,16,0.04435791801779385,0.05634705554638735,0.7872269027525184,0.46680744350451325,0.9831823609235607
19,9,17,-0.03643922843830404,0.08396526292335128,-0.4339798050907559,0.6823907101622247,0.996297741304507
19,9,18,0.20883763638981415,0.1534369904235213,1.3610644722111225,0.24512558607060378,0.9659348365379999
19,9,19,-0.19767213765610675,0.21992831949224767,-0.8988025649064979,0.409950948087667,0.9787437974965071
19,9,20,-0.17225634627690542,0.16900125188078352,-1.0192607709048145,0.35483638052744626,0.9787437974965071
19,10,1,0.036739518037336806,0.05833715316093343,0.6297790695297476,0.5564928711258684,0.9921578326135176
19,10,2,0.0985727047002419,0.12462853918514337,0.7909320396752396,0.4732382084840812,0.9844454813806669
19,10,3,-0.022916240247286966,0.10059089603835543,-0.22781624530236969,0.8288121135877577,0.996297741304507
19,10,4,-0.07865709092634691,0.09419889667019189,-0.8350107454114374,0.44177040770556686,0.9809403935722025
19,10,5,-0.09780123399430418,0.15253492741965094,-0.6411727179349178,0.5496406607170488,0.9921578326135176
19,10,6,-0.05063422146908401,0.09206526171477393,-0.5499818338148343,0.6059963274797715,0.996297741304507
19,10,7,0.09215362823403624,0.08396693461063447,1.0974990174437953,0.3224432210408496,0.97468787269659
19,10,8,0.02462509971818152,0.17420730887954688,0.14135514678702046,0.893108107373712,0.9970118974932134
19,10,9,0.21430253166211022,0.12962015502004895,1.6533117988271941,0.159174771654941,0.9327221140485742
19,10,11,-0.04606111744219503,0.10249033072793871,-0.44941915119793263,0.6719406703993903,0.996297741304507
19,10,12,-0.1556600644461759,0.043975140749612604,-3.5397286236999124,0.016567353529152264,0.8007238270101881
19,10,13,0.10068062536989447,0.11623843714025515,0.8661560482574749,0.4501233955052907,0.9811902082295157
19,10,14,0.022115765516910697,0.10069948306675396,0.2196214403804881,0.8348505443521146,0.9965233449153559
19,10,15,0.09368885650869123,0.11360248045791568,0.8247078420314403,0.447081722225169,0.9809403935722025
19,10,16,0.12978945637145595,0.12956242994471778,1.0017522550775968,0.362448271941165,0.9787437974965071
19,10,17,-0.11606175069756144,0.05423002358266971,-2.1401751839272873,0.09906831782139607,0.9122920172343513
19,10,18,0.014215114092297884,0.15103090966558497,0.09412056196760712,0.9295395550341339,0.9971125104614714
19,10,19,-0.021515088695610095,0.10032976278835,-0.2144437313260938,0.8406896767378577,0.9967052234147373
19,10,20,-0.18194827356578,0.059681002436518325,-3.0486799171355514,0.028467171836130768,0.8442257097777721
19,11,1,-0.1554917085255406,0.16104276388682337,-0.9655305508408347,0.3786239146994714,0.9787437974965071
19,11,2,0.05614651770314187,0.11672999817392334,0.4809947621090909,0.6556472424260437,0.996297741304507
19,11,3,0.0018550096724780079,0.15163562778900613,0.012233336581340458,0.9907125651694094,0.9999842973802364
19,11,4,-0.07395706177033654,0.07676052176087163,-0.9634778408589761,0.3795579825903733,0.9787437974965071
19,11,5,-0.02781956781036802,0.2075385814764415,-0.134045282628049,0.8985951773391875,0.9970118974932134
19,11,6,-0.22143780355431697,0.20254023453090278,-1.093302790263322,0.3241142282121073,0.97468787269659
19,11,7,0.22361762465117987,0.15340587132591077,1.457686219679601,0.20472189830826304,0.9327221140485742
19,11,8,0.04133011517150227,0.19791696977148693,0.20882552526452283,0.8428252970959824,0.9970118974932134
19,11,9,0.13367081220784305,0.07037746431861776,1.8993411243232619,0.11596131115465572,0.9266880947092055
19,11,10,0.14929681979688353,0.1158494204601106,1.2887144294951467,0.2539012375025356,0.9659348365379999
19,11,12,0.2923287795378093,0.1622945273511271,1.801223887873616,0.13155014658696745,0.9327221140485742
19,11,13,0.3279075104788688,0.04955566005194267,6.616953747130996,0.007028986639717954,0.7296406661547277
19,11,14,-0.11312937860652682,0.10317241415186222,-1.096508010745122,0.32283718600305994,0.97468787269659
19,11,15,0.15002974975459943,0.16818570247718054,0.8920481797438367,0.42278061840692704,0.9787437974965071
19,11,16,-0.06382462188511047,0.14698999703525112,-0.43421064815294774,0.6822338615680474,0.996297741304507
19,11,17,-0.017970920563160395,0.16959043504991428,-0.10596659273717401,0.9207104294268584,0.9971125104614714
19,11,18,-0.11958830309768888,0.1794180972540186,-0.6665342288615972,0.5415460702979615,0.9909681566538422
19,11,19,-0.5499483999777804,0.22379362203097208,-2.45739085405755,0.06988723613952627,0.8921703470566514
19,11,20,-0.24936315166122583,0.2225403668397922,-1.1205299748590014,0.3134037038225836,0.9738435620968914
19,12,1,-0.026066187343669986,0.14688529199463976,-0.17745947868247933,0.864986829645664,0.9970118974932134
19,12,2,0.05293537716517826,0.15095026530702513,0.35068091504946824,0.7401189130572774,0.996297741304507
19,12,3,-0.07829757325160135,0.058098457831786576,-1.3476704231453085,0.235605932947044,0.9575428290895905
19,12,4,-0.06694020169847772,0.07743586239272765,-0.864459949553037,0.42054711727803273,0.9787437974965071
19,12,5,-0.01017374195707127,0.10600811201287495,-0.09597135317096932,0.9266685304881292,0.9971125104614714
19,12,6,0.029473045350453926,0.08685540415047947,0.3393346175564585,0.7459198124189392,0.996297741304507
19,12,7,-0.05363609018218981,0.041648192426240675,-1.2878371678648952,0.25418310688910556,0.9659348365379999
19,12,8,0.31475413613669645,0.12801414952395554,2.458744891128907,0.049203198057482224,0.8578547234897509
19,12,9,0.06865712445690528,0.12096005595421529,0.5676016261295808,0.5948421842708326,0.996297741304507
19,12,10,0.16452816515813448,0.14128360307016188,1.1645241314752197,0.29674813772710174,0.9723653007063686
19,12,11,-0.13475639810040776,0.08681954293169006,-1.5521436021021495,0.18133118504913073,0.9327221140485742
19,12,13,0.05772766267852416,0.05826101713824324,0.9908454316984482,0.37784926358928606,0.9787437974965071
19,12,14,-0.07164509043376985,0.09604215168545566,-0.7459754823867987,0.4838726999909499,0.9853788426768277
19,12,15,-0.06752395328531507,0.07939046448685985,-0.8505297672825762,0.4276619227743688,0.9787437974965071
19,12,16,-0.07009829984878788,0.10314522960170126,-0.6796077736100369,0.5269354865244257,0.9900419620498572
19,12,17,-0.10520842038303108,0.08723500971362964,-1.2060343745842126,0.2817541625282883,0.9710602551597926
19,12,18,0.0015332030271232643,0.03332988395529082,0.04600085104208355,0.9655145628688846,0.9981155951445632
19,12,19,-0.3877032403206619,0.12200396884056351,-3.177792034160299,0.024599017291289122,0.8413471823780126
19,12,20,-0.11242437452650658,0.07021080963397205,-1.6012402521919917,0.1702230391030011,0.9327221140485742
19,13,1,-0.2760875525544495,0.18944629990728176,-1.4573393763199074,0.2187565112868577,0.9441880781319402
19,13,2,-0.1867206602412753,0.204168401467023,-0.9145424017561288,0.4278685657351063,0.9787437974965071
19,13,3,0.09026264004587976,0.13237649547350266,0.6818630431507794,0.5442501428780444,0.9909681566538422
19,13,4,0.23680453173466431,0.1677931561313946,1.411288381439213,0.23099714803115226,0.9551865621300482
19,13,5,-0.08617841146867061,0.13939313443917462,-0.6182400002322715,0.5698820670782088,0.9921578326135176
19,13,6,0.0002682652827757007,0.0846046164010044,0.003170811407039783,0.9976218964258758,0.9999842973802364
19,13,7,-0.1135112961452816,0.1273419712959839,-0.8913895001715756,0.43839138461346877,0.9809403935722025
19,13,8,-0.06721889964185689,0.02698485933809817,-2.49098573378383,0.08840706559350138,0.9038873468295585
19,13,9,-0.07682818247127207,0.14366987624094976,-0.5347549846976148,0.6211615557842138,0.996297741304507
19,13,10,0.03237333853287841,0.23276161353695202,0.13908366607709524,0.8981958462315152,0.9970118974932134
19,13,11,0.07556555748800209,0.10366679464685953,0.7289273073860042,0.5187970442839616,0.9879372429361333
19,13,12,0.21996316166079832,0.07805872385570825,2.8179190075485074,0.04792937235961141,0.8473514992757766
19,13,14,0.14960960741799856,0.0819467240255859,1.8256935734180277,0.16537836016867263,0.9327221140485742
19,13,15,0.020785796844158225,0.14311535550988286,0.14523806177162882,0.8915475156397614,0.9970118974932134
19,13,16,0.026042718198941002,0.22964462691325765,0.11340443078890133,0.9168731452409214,0.9971125104614714
19,13,17,-0.011072106881473514,0.18550517188405427,-0.05968624361769381,0.9552685095478176,0.9981155951445632
19,13,18,-0.0014859394099380652,0.16524243884446776,-0.008992480505130363,0.9933896996605902,0.9999842973802364
19,13,19,-0.20245267860135674,0.19166689881758464,-1.0562735654891613,0.40159167176654,0.9787437974965071
19,13,20,-0.12698073483784927,0.14789394170408635,-0.8585932146636549,0.4536934676926894,0.9823636982311391
19,14,1,0.1430647133208651,0.13934009399329253,1.0267304206549848,0.34414732464676967,0.977783785791819
19,14,2,0.0475707611080755,0.10139512036947564,0.4691622331948749,0.658699294307695,0.996297741304507
19,14,3,-0.2676780796959994,0.055014091583320004,-4.8656275508199505,0.0046104321033826915,0.7168717760835697
19,14,4,0.03422690800941307,0.11215757644857428,0.30516804207873893,0.7705474918479267,0.996297741304507
19,14,5,-0.07966285505982823,0.20069933764265332,-0.396926347615913,0.7051554683828605,0.996297741304507
19,14,6,-0.23192749212269312,0.08655157722239751,-2.6796448957142296,0.04383877448013836,0.8473514992757766
19,14,7,0.21129675949226256,0.10328302533066225,2.0458033526201116,0.11021436599969495,0.9266880947092055
19,14,8,-0.05659064855121133,0.16128234371717892,-0.3508793786509981,0.7399788351043508,0.996297741304507
19,14,9,-0.0008735298722593422,0.04236281741679351,-0.020620202467752684,0.9843461975495154,0.9999842973802364
19,14,10,-0.22467825428528887,0.1090203024035331,-2.060884526366409,0.09432699140076882,0.9122920172343513
19,14,11,-0.018748281426018275,0.1871848599981106,-0.10015917647456828,0.9241100155937524,0.9971125104614714
19,14,12,-0.03300126486538055,0.15854040512721357,-0.20815680922911745,0.8419926041375498,0.9967052234147373
19,14,13,-0.01401977004799296,0.12745362478975628,-0.10999899038579371,0.9193558064311084,0.9971125104614714
19,14,15,-3.8126650238317895e-06,0.1858583951336786,-2.0513816559478076e-05,0.9999842973802364,0.9999842973802364
19,14,16,-0.07263946363728277,0.16434604938851252,-0.4419909325907906,0.6769581458453692,0.996297741304507
19,14,17,0.16350372704230806,0.10395884005445266,1.5727736761500375,0.19087697881977816,0.9327221140485742
19,14,18,0.06635944174239572,0.11661812144494332,0.5690319902225118,0.5997635611753165,0.996297741304507
19,14,19,-0.03185211070064558,0.23051630533409878,-0.1381772567209185,0.8954927437773066,0.9970118974932134
19,14,20,-0.08110533875870549,0.17768390740683665,-0.4564585501406436,0.6672036191078056,0.996297741304507
19,15,1,-0.03482780989494994,0.15495254294592847,-0.2247643648344547,0.829621687627232,0.996297741304507
19,15,2,-0.09854173555032066,0.0885244219497698,-1.1131587575361033,0.31627268659032587,0.9738435620968914
19,15,3,-0.19701956361230144,0.22003797892225552,-0.8953888986637966,0.411607242300541,0.9787437974965071
19,15,4,0.16964858538014177,0.11769347595679433,1.441444260181243,0.1995430183098842,0.9327221140485742
19,15,5,-0.23940115658075498,0.16566586748040477,-1.4450843750757931,0.19856112539330117,0.9327221140485742
19,15,6,0.19828612242107124,0.16324684981029822,1.2146398086718115,0.270132459904207,0.9659348365379999
19,15,7,0.09349877918290322,0.09389039359957023,0.9958290257112669,0.3650538487586895,0.9787437974965071
19,15,8,0.061053210819493824,0.16725148128842793,0.3650383862002485,0.7276047355581813,0.996297741304507
19,15,9,-0.013048537112589525,0.08983421703872743,-0.14525130337384767,0.8892690989476323,0.9970118974932134
19,15,10,-0.11190177251100643,0.07542761522012562,-1.483565033614707,0.19803853467823432,0.9327221140485742
19,15,11,-0.05132118961032358,0.06242297341298128,-0.8221522750921832,0.44840657144074314,0.9809403935722025
19,15,12,-0.03735990148984624,0.15126076617832146,-0.24699003207187,0.8131499024383139,0.996297741304507
19,15,13,0.1672388986551373,0.16258946055978957,1.0285961837766808,0.36179875769965786,0.9787437974965071
19,15,14,0.042989085885309954,0.10224575171097862,0.42044862662272897,0.6888000849353092,0.996297741304507
19,15,16,0.053329305421000235,0.05640128461135643,0.9455335244140312,0.3878031866865063,0.9787437974965071
19,15,17,0.1271280702802637,0.12160739421229015,1.0453975360847771,0.3437219521429845,0.977783785791819
19,15,18,-0.1696994404749963,0.13267383770960292,-1.2790723732975608,0.27003333598801016,0.9659348365379999
19,15,19,0.18442355371715094,0.04342412079317134,4.247030229841878,0.008114821259691134,0.7296406661547277
19,15,20,-0.1075626739647885,0.12508520022528705,-0.859915271912271,0.42912957577800426,0.9787437974965071
19,16,1,0.0845718284087392,0.09221637181899901,0.9171021017159348,0.40116140587631477,0.9787437974965071
19,16,2,0.14373070907119068,0.07222929628909328,1.9899226000199075,0.11746106122177674,0.9266880947092055
19,16,3,-0.10016400584455956,0.09238891477418086,-1.084156103449192,0.3277823981869028,0.977783785791819
19,16,4,-0.10672015772884871,0.10430030758198203,-1.0232007958743692,0.35314190980528304,0.9787437974965071
19,16,5,-0.12769591702685756,0.10554142350938213,-1.2099127790738589,0.2803883504715355,0.9710602551597926
19,16,6,0.010128620246646795,0.08944365870099233,0.11324022735243032,0.9142463213832828,0.9970118974932134
19,16,7,0.23750252696475135,0.08249602943290477,2.878957067322091,0.03463024145808485,0.8473514992757766
19,16,8,-0.16395524263103714,0.07610485478559571,-2.154333558493491,0.08378477482821818,0.8936049968041163
19,16,9,-0.0881252354216484,0.0950823149187595,-0.9268309831961683,0.3965496692380845,0.9787437974965071
19,16,10,-0.11040444788265798,0.08526400805982227,-1.2948540702414786,0.25193655390425546,0.9659348365379999
19,16,11,0.0256860120181053,0.07708306139194913,0.3332251152709773,0.7524834948636012,0.996297741304507
19,16,12,0.05331267233185872,0.07265209075284278,0.733807819963376,0.49601094831834497,0.9870199575036301
19,16,13,0.04263150710963645,0.0985861189004141,0.4324291044692393,0.6946289305775732,0.996297741304507
19,16,14,0.04845204929130303,0.07294032325566722,0.6642697362446113,0.5359199805296094,0.9909681566538422
19,16,15,-0.013598270070867,0.06031518732406613,-0.2254534997558692,0.8305517755928038,0.996297741304507
19,16,17,0.05332300446756994,0.11412971295564771,0.46721404169153335,0.6646623653725435,0.996297741304507
19,16,18,0.07936034357352645,0.07451011219348634,1.0650949412930695,0.3468552658131017,0.9778316154669235
19,16,19,-0.15383610778831805,0.02517189926602283,-6.111422350631106,0.0036289651610758498,0.7168717760835697
19,16,20,-0.11265442054274713,0.04134486556446475,-2.724749953881748,0.04153917119816469,0.8473514992757766
19,17,1,0.08592640477272415,0.07546141415064937,1.1386800226145248,0.3064357565358171,0.9723653007063686
19,17,2,-0.15060979129559762,0.0748384047577002,-2.0124666176571426,0.1144764796855285,0.9266880947092055
19,17,3,-0.17628970227647378,0.1461997355764516,-1.2058140979542438,0.29433626109247724,0.9723653007063686
19,17,4,0.1815574898757939,0.1853144158247786,0.9797267474673059,0.37221520293488564,0.9787437974965071
19,17,5,-0.13378684808242125,0.03492919275044566,-3.830230175499376,0.012244811400107924,0.7296406661547277
19,17,6,-0.06819615434743223,0.13758155900814825,-0.49567801701460323,0.6411368822120126,0.996297741304507
19,17,7,-0.06350778782523217,0.19020003224153936,-0.3338999845396886,0.755226320171886,0.996297741304507
19,17,8,0.019884276678516808,0.16393080652998226,0.12129676599107538,0.9081799014942494,0.9970118974932134
19,17,9,-0.02412832888001995,0.14699342832996526,-0.16414562986920372,0.8760456820239623,0.9970118974932134
19,17,10,-0.03063207261508868,0.13155612623459148,-0.23284413650362876,0.8273117224552596,0.996297741304507
19,17,11,-0.02366367531089679,0.09569652262708159,-0.24727831964035044,0.8168664848323105,0.996297741304507
19,17,12,0.02221946271225402,0.12881451782450984,0.1724919138567297,0.8698155972161796,0.9970118974932134
19,17,13,-0.07025930068758103,0.21968801662745402,-0.319813987880853,0.7651170190870017,0.996297741304507
19,17,14,0.12788804257841277,0.13552969329843603,0.9436164095484227,0.3886925613240204,0.9787437974965071
19,17,15,0.08995123385093068,0.09403365474789921,0.9565855340955327,0.3827079647120185,0.9787437974965071
19,17,16,0.05328775132030934,0.0781101538993539,0.6822128578608255,0.5325624305830059,0.9909681566538422
19,17,18,0.012118000465635392,0.13262982626706024,0.09136708391024737,0.9329598674759828,0.9971125104614714
19,17,19,-0.010451042110099371,0.10993301339292882,-0.09506736682137143,0.928833407194309,0.9971125104614714
19,17,20,-0.028799120115717437,0.1409572849054366,-0.20431097360333994,0.8480849149832901,0.9970118974932134
19,18,1,0.06852535717225906,0.025662447837457893,2.6702580207320117,0.07567375826858505,0.8921703470566514
19,18,2,-0.043204051413639415,0.07908710385642838,-0.5462844042376879,0.6228765851557035,0.996297741304507
19,18,3,-0.07751523984757046,0.07146763253612907,-1.0846202273077887,0.3390896906349253,0.977783785791819
19,18,4,0.025066693131075166,0.07278101417939059,0.34441252864306593,0.7478814283419349,0.996297741304507
19,18,5,0.07658825335003003,0.22823960490210765,0.3355607515292681,0.7540638671705393,0.996297741304507
19,18,6,0.04427369725167,0.1509037215637948,0.29339036037398075,0.7838160817333308,0.996297741304507
19,18,7,0.2308790623587992,0.11531394361074573,2.0021781852865375,0.1158281270105584,0.9266880947092055
19,18,8,-0.25189165390263446,0.06549877849898379,-3.845745824140778,0.031029051350289105,0.8473514992757766
19,18,9,0.09471173395112599,0.14197908541279658,0.6670822936708574,0.5412302403358299,0.9909681566538422
19,18,10,0.11777599009547171,0.05792551255992895,2.0332317296560656,0.11180083169572268,0.9266880947092055
19,18,11,0.010275010321340145,0.060253499836682406,0.17052968456637563,0.8728717215693165,0.9970118974932134
19,18,12,0.09518315300395891,0.10509227627522076,0.9057102612734634,0.4163118555159153,0.9787437974965071
19,18,13,0.23472497864840114,0.06113825007872904,3.839249215381557,0.03116524579115338,0.8473514992757766
19,18,14,-0.1162826173819999,0.1993842364740235,-0.5832086800731933,0.5910522323413795,0.9954207234136121
19,18,15,0.017598901612940455,0.09562528451606181,0.18404025359841303,0.8629352267164151,0.9970118974932134
19,18,16,-0.09783845953792694,0.062274537004603545,-1.5710828894500382,0.19125793812907382,0.9327221140485742
19,18,17,-0.04728635120862628,0.09129944486731438,-0.5179259444220026,0.6402821595672875,0.996297741304507
19,18,19,-0.16042857817149203,0.380666526261241,-0.4214412539677126,0.7018073345560033,0.996297741304507
19,18,20,0.17260682808958167,0.20452006644336126,0.8439603560198263,0.44620850432733083,0.9809403935722025
19,19,1,0.04762395214992527,0.1894626724968524,0.2513632449181519,0.8115372004776188,0.996297741304507
19,19,2,-0.14710099703317783,0.16355807982185883,-0.899380802174342,0.41929847612186333,0.9787437974965071
19,19,3,-0.11813158500918607,0.1926718032675172,-0.6131233683662154,0.57294221193137,0.9921578326135176
19,19,4,0.15599216823492504,0.18656607627258612,0.8361228973169453,0.4411999396467074,0.9809403935722025
19,19,5,-0.07630976236421502,0.25659498205596043,-0.29739382178282564,0.7781254370435152,0.996297741304507
19,19,6,0.05814215307062061,0.11132695696498152,0.5222648193679386,0.6237905060806637,0.996297741304507
19,19,7,0.021873140026720073,0.25097864949191057,0.08715139742330126,0.9347396753181798,0.9971125104614714
19,19,8,-0.6126133263251078,0.199097917181992,-3.0769449273648175,0.02756519058054278,0.8413471823780126
19,19,9,-0.12392879992571365,0.09740651674360394,-1.2722844843189505,0.2592281193446517,0.9659348365379999
19,19,10,-0.17396684447091748,0.14886350181763533,-1.1686332938940687,0.30744787744935187,0.9723653007063686
19,19,11,-0.03401400865092447,0.27996516940504695,-0.12149371553285017,0.9091588405095699,0.9970118974932134
19,19,12,-0.018913764674252653,0.13303429073635825,-0.1421721014140105,0.8924952837734244,0.9970118974932134
19,19,13,0.22427949497893948,0.10607667572834138,2.114314890025372,0.12485429652086229,0.9293757625451061
19,19,14,-0.181712920443416,0.08937938617176128,-2.0330517832398556,0.09773026155825051,0.9122920172343513
19,19,15,0.16897165934644803,0.13604824046243305,1.2419981233925925,0.26931547140396794,0.9659348365379999
19,19,16,0.022061234096109883,0.15744887017087114,0.14011681425232106,0.8953400098884231,0.9970118974932134
19,19,17,0.09640872365483841,0.16228599508998925,0.5940668115001834,0.5844358980320884,0.9936717729404635
19,19,18,0.00325104236251803,0.08109272105476042,0.04009043376757046,0.9705398347392945,0.9998192749453514
19,19,20,-0.024569795044599184,0.16430667678077743,-0.1495361936948634,0.8883672733728247,0.9970118974932134
19,20,1,-0.09644374504338003,0.08261840137139954,-1.1673397625870685,0.29570917051539186,0.9723653007063686
19,20,2,-0.18905773689005823,0.07620132788063884,-2.4810294275149083,0.06813590644874022,0.8921703470566514
19,20,3,0.09772101947652427,0.12546770802057636,0.778853945907097,0.4713003985016272,0.9844454813806669
19,20,4,-0.1258270031758798,0.10953843804606148,-1.148701820285407,0.30264662564564276,0.9723653007063686
19,20,5,-0.05701842023986628,0.05522607734673795,-1.032454647844036,0.36019246679742245,0.9787437974965071
19,20,6,-0.046505911899686926,0.11065431733995743,-0.42028104295640795,0.6917307648253312,0.996297741304507
19,20,7,-0.10081621290380013,0.09664478336356745,-1.0431624904522476,0.344660803889376,0.977783785791819
19,20,8,-0.13718833577869352,0.11384922117069135,-1.2050002131486293,0.282119355422157,0.9710602551597926
19,20,9,0.15463742275075135,0.09447353063259108,1.6368333194882032,0.16259193955347864,0.9327221140485742
19,20,10,0.16547239684811343,0.1819816284763454,0.9092807786842771,0.40489969731206416,0.9787437974965071
19,20,11,0.018191053378445315,0.20961565649854713,0.08678289438024214,0.934212328570004,0.9971125104614714
19,20,12,0.023418582351634055,0.1255853775454951,0.1864753907592774,0.8594018356697032,0.9970118974932134
19,20,13,0.006378143023688447,0.11777101267468908,0.054157155303166185,0.9602147190767027,0.9981155951445632
19,20,14,-0.05981640476859661,0.18114247594544963,-0.3302174404764119,0.7546225990496406,0.996297741304507
19,20,15,0.0787675083292492,0.11952051579870518,0.6590291867653025,0.5390130209476189,0.9909681566538422
19,20,16,-0.14654388686113462,0.18847504475008303,-0.7775240857731248,0.47201690246142247,0.9844454813806669
19,20,17,-0.008699769680159312,0.19111692512526235,-0.04552066581445764,0.965874230874388,0.9981155951445632
19,20,18,-0.048637305066346774,0.054420658179784843,-0.8937287179580623,0.4219804547659509,0.9787437974965071
19,20,19,0.05646682777108458,0.21152224963569027,0.26695455380259886,0.802702088011922,0.996297741304507
20,1,2,0.005905589504313306,0.10764034454389633,0.05486408956866641,0.9583715070418911,0.9981155951445632
20,1,3,0.15131885737769438,0.08481656016411868,1.7840720854879135,0.13448775132225427,0.9327221140485742
20,1,4,0.15659539919508322,0.08067876305708481,1.9409742199733788,0.1003063252244895,0.9122920172343513
20,1,5,0.035569964946602264,0.07672071434814533,0.46362921993567846,0.6592557656458687,0.996297741304507
20,1,6,-0.2186728430456447,0.06415906860502373,-3.408292043458905,0.014348749725737247,0.7572951244139102
20,1,7,-0.13202229539553642,0.04820382101954243,-2.7388346525325056,0.040848625086754804,0.8473514992757766
20,1,8,-0.045887934537050756,0.10172149666559918,-0.45111344249536894,0.6677532165543373,0.996297741304507
20,1,9,0.0037754256113230115,0.05910149038355409,0.06388037910309115,0.9511405345048558,0.9977648266713631
20,1,10,0.11444950143261406,0.08304411900722469,1.378177079839681,0.22662799481958487,0.9505368436141529
20,1,11,0.04736786733643965,0.18242910107826596,0.2596508290410211,0.8054853368389255,0.996297741304507
20,1,12,0.2375940537464771,0.0861763963568516,2.7570664797801063,0.03298178085146833,0.8473514992757766
20,1,13,0.06449629845864674,0.09624253596135893,0.6701433811331785,0.5394686351873139,0.9909681566538422
20,1,14,0.04137671529701833,0.059210069989283236,0.6988121328653812,0.5108345131395714,0.9870199575036301
20,1,15,-0.10002573037742184,0.10921037997006738,-0.9158994813855716,0.39503957329301115,0.9787437974965071
20,1,16,-0.18708878859955866,0.08171252137937539,-2.2895975480753075,0.07068489287994992,0.8921703470566514
20,1,17,0.03213838292373042,0.11463231127397719,0.28036059437585314,0.7904306674078612,0.996297741304507
20,1,18,0.037786152766426696,0.11104247673742847,0.34028557247904073,0.7507610480032622,0.996297741304507
20,1,19,-0.024944732134002397,0.06365431388466193,-0.3918781086669001,0.7112939037614461,0.996297741304507
20,1,20,0.12279119863730174,0.11176798414415347,1.09862586836882,0.3219957557240537,0.97468787269659
20,2,1,0.08468969613950796,0.10684773286304693,0.7926204316124061,0.4639299414250748,0.9831823609235607
20,2,3,0.01472802521764604,0.08848818045511908,0.16644059287612548,0.8758847949171107,0.9970118974932134
20,2,4,0.0012060527234070708,0.11049886267398142,0.010914616623290721,0.9917136744530578,0.9999842973802364
20,2,5,0.028064459379267777,0.11470259503188074,0.2446715296303697,0.8164346444973835,0.996297741304507
20,2,6,0.16076289606761088,0.08312135819821166,1.9340744611309246,0.11090966503308355,0.9266880947092055
20,2,7,0.22430695045092022,0.09593026370580622,2.338229269716953,0.07953228692982758,0.8921703470566514
20,2,8,-0.24285893959608312,0.11160543054297985,-2.1760494844413576,0.08151826453355598,0.8921703470566514
20,2,9,0.17568477467587373,0.054117963551093454,3.2463301119370684,0.02278850215745487,0.8413471823780126
20,2,10,-0.03595821492113875,0.04019646484401044,-0.8945616252520331,0.4215843419286982,0.9787437974965071
20,2,11,-0.13206741131802957,0.12329388533172989,-1.0711594574347527,0.3444263594580061,0.977783785791819
20,2,12,0.16736991539505883,0.07233520056360884,2.313810068799992,0.06858065586179,0.8921703470566514
20,2,13,0.07964235478899684,0.28589529783037926,0.2785717547406807,0.7986716289388828,0.996297741304507
20,2,14,-0.23911570074140057,0.12142129722930084,-1.96930609535383,0.10601807102761578,0.9198620674939993
20,2,15,-0.08262228633299895,0.14837335858613404,-0.5568539198664699,0.6016312337764622,0.996297741304507
20,2,16,0.18026141895279527,0.10897821785757544,1.6541050358038185,0.17344908959461225,0.9327221140485742
20,2,17,-0.15293755574037884,0.2506092034128363,-0.6102631254440796,0.5746576509719745,0.9921578326135176
20,2,18,-0.10505591683188537,0.08241415303493836,-1.2747314989219583,0.29217498763648,0.9723653007063686
20,2,19,0.14816611881472158,0.12127334158707469,1.2217534115452409,0.28887783807635464,0.9710602551597926
20,2,20,-0.10766520732886883,0.10156343428433529,-1.0600784434523063,0.3488760094081216,0.9787437974965071
20,3,1,0.091822172183035,0.31172273197423667,0.2945636065781991,0.7829819354572308,0.996297741304507
20,3,2,-0.3726111195430496,0.062004613088933666,-6.009409638644166,0.0038602986595407556,0.7168717760835697
20,3,4,0.1145209165482237,0.11023604211228535,1.0388699952646607,0.3464699651496538,0.977783785791819
20,3,5,-0.097771310020423,0.08549986622116347,-1.1435258830273876,0.304598432051802,0.9723653007063686
20,3,6,-0.048663457669949985,0.17704931843936916,-0.27485820390966376,0.7944207880309998,0.996297741304507
20,3,7,-0.18957635041672238,0.13172188124341747,-1.439216845566855,0.20962333058004007,0.933394762406013
20,3,8,0.04827499585432603,0.1739982229397816,0.277445338454726,0.7925438011717916,0.996297741304507
20,3,9,-0.20398773265583128,0.18712792294545946,-1.0900977761303732,0.325395529173374,0.9754781665506165
20,3,10,-0.2803679078700996,0.20117540550484628,-1.393649025660604,0.22219841062276052,0.9453442358744686
20,3,11,0.22188189057311009,0.10770892715606001,2.060013932267325,0.09443153689056648,0.9122920172343513
20,3,12,0.11852393668219673,0.12048085685813154,0.9837574181662496,0.37041186037640683,0.9787437974965071
20,3,13,-0.21268909778341596,0.028392326932598057,-7.49107666591886,0.004927829751712058,0.7168717760835697
20,3,14,0.17283328687500402,0.06714112939871567,2.5741790229065753,0.04978225933029973,0.8598753884324498
20,3,15,-0.02740151513970032,0.10138749494232618,-0.27026523492879745,0.7977569041324463,0.996297741304507
20,3,16,-0.06462556151585368,0.13566566629888316,-0.4763590028224358,0.6539072004798815,0.996297741304507
20,3,17,0.21543340695164373,0.10582458585889273,2.035759509013042,0.11147983544185094,0.9266880947092055
20,3,18,-0.12016245078361655,0.1089969881698617,-1.1024382673331494,0.3321403726050075,0.977783785791819
20,3,19,0.26597218673088224,0.27873475409420373,0.9542125006773919,0.3940113372553122,0.9787437974965071
20,3,20,-0.01515415018468581,0.13730548101322199,-0.11036813732960998,0.9164105769181947,0.9970966907055518
20,4,1,0.0018257929749673862,0.08514349195193333,0.02144371734220944,0.9835870407204566,0.9999842973802364
20,4,2,0.030624626408065698,0.1187731585007334,0.25784130686074797,0.8068054099332905,0.996297741304507
20,4,3,0.08390895463897172,0.08004760572972458,1.0482381561946585,0.34253183678991483,0.977783785791819
20,4,5,-0.06469819060797383,0.14189654540333982,-0.45595324694913303,0.6644607860095253,0.996297741304507
20,4,6,0.01563696245330053,0.11544042068768771,0.13545482907992237,0.8966823917665427,0.9970118974932134
20,4,7,0.017065243796359597,0.0755191526841223,0.22597239494348226,0.8301696243810714,0.996297741304507
20,4,8,-0.1307080395283941,0.14409064319792614,-0.9071237148129284,0.3993061331789076,0.9787437974965071
20,4,9,0.03890775924246692,0.0724154838699842,0.5372850827287875,0.6104016944484614,0.996297741304507
20,4,10,0.019844511558123914,0.08839495687334016,0.22449823225022128,0.8312554411311212,0.996297741304507
20,4,11,0.06576820601651036,0.09069291891000039,0.7251746531727644,0.50084999777825,0.9870199575036301
20,4,12,0.028299201572234863,0.08135187824332411,0.34786168657647787,0.7398229615355904,0.996297741304507
20,4,13,-0.012105815041731891,0.07476803307893891,-0.16191164249016488,0.8792249508989787,0.9970118974932134
20,4,14,0.023319640052343268,0.07985457431722702,0.2920263522965208,0.7801007649542538,0.996297741304507
20,4,15,-0.00461441204482581,0.1036353947056931,-0.04452544478539817,0.9659304388058634,0.9981155951445632
20,4,16,0.005436160357427027,0.07204341569680962,0.07545672709674571,0.9427773902426071,0.9976607232147003
20,4,17,-0.047644965464661355,0.1273797441985012,-0.37403879057913764,0.7237124629489421,0.996297741304507
20,4,18,0.030632411053765213,0.13118813793169695,0.2334998539996083,0.826836256117184,0.996297741304507
20,4,19,0.21161155004894444,0.20058589750330022,1.0549672368886642,0.339726482730128,0.977783785791819
20,4,20,0.12375419620309418,0.11881642653381386,1.0415579715051733,0.34533612865649777,0.977783785791819
20,5,1,-0.051801897039717215,0.14685828921092722,-0.3527338995823606,0.7363485733871147,0.996297741304507
20,5,2,0.1713231733705246,0.21081927653865698,0.8126542135168422,0.45335634337891656,0.9823636982311391
20,5,3,0.20495911019796467,0.12549619306359774,1.6331898617232499,0.16335726773669562,0.9327221140485742
20,5,4,0.2345545153646313,0.1002971628434582,2.3385957160959845,0.057955147071743776,0.8826836026958972
20,5,6,0.03424133578147266,0.10763183993036031,0.3181338886644442,0.7632415757655326,0.996297741304507
20,5,7,0.029219577436206654,0.04937663925489067,0.5917692632902458,0.5797467330198918,0.9925828274276138
20,5,8,0.1589473020363968,0.1259127092623951,1.2623610671731085,0.25366477083815286,0.9659348365379999
20,5,9,-0.014673934485524271,0.1017147965930926,-0.1442654852281001,0.8900145566019122,0.9970118974932134
20,5,10,-0.19957664298560965,0.11645014621297543,-1.7138376333069645,0.14722692552959935,0.9327221140485742
20,5,11,0.0773481273538371,0.06991851565897683,1.1062610043095231,0.3189779739173364,0.9738435620968914
20,5,12,0.06225393574394034,0.057773977972290565,1.077542830315768,0.32264214786128986,0.97468787269659
20,5,13,-0.15828223463036234,0.0901423797777164,-1.7559136448240797,0.1539494182762844,0.9327221140485742
20,5,14,0.16522517554683985,0.06289445051137238,2.6270231189051776,0.03921559711579942,0.8473514992757766
20,5,15,-0.00911595265519395,0.07911502174237867,-0.11522404284691846,0.912026980518994,0.9970118974932134
20,5,16,-0.09136288748617163,0.053148172333643925,-1.7190221878357606,0.14624626483599873,0.9327221140485742
20,5,17,0.21376185879623694,0.11350818379870906,1.8832286064362598,0.11838482239990261,0.9266880947092055
20,5,18,-0.09479447478890957,0.06092251872039102,-1.5559841710159872,0.1946947871807656,0.9327221140485742
20,5,19,-0.09626587164423271,0.06643499773235113,-1.4490234805247255,0.20700703093490527,0.9327221140485742
20,5,20,0.07971477367222046,0.18246463102737798,0.4368779484711355,0.6804228584017206,0.996297741304507
20,6,1,-0.023183992421269325,0.11079967013008507,-0.20924243180363952,0.841182370897823,0.9967052234147373
20,6,2,0.14843846028233568,0.0821519974252565,1.8068758512607197,0.13059650176774784,0.9327221140485742
20,6,3,0.10882978391090382,0.056560186930969016,1.924141163850909,0.11233069468207887,0.9266880947092055
20,6,4,-0.12802120824499394,0.10932483175521035,-1.1710167414707364,0.28598867621938884,0.9710602551597926
20,6,5,0.0352499160223304,0.06215241462929995,0.5671528006113169,0.591181304204139,0.9954207234136121
20,6,7,-0.15933047475648018,0.04100748168146445,-3.8854001323522582,0.011578571154585075,0.7296406661547277
20,6,8,0.24070150139377014,0.07329680588598622,3.283928930885465,0.016740213795724834,0.8007238270101881
20,6,9,-0.06669180822148275,0.05339680110726064,-1.2489850859467562,0.258189577004511,0.9659348365379999
20,6,10,0.021936718325303264,0.1277565038060948,0.17170725302898462,0.8704008597883106,0.9970118974932134
20,6,11,0.05853784564927685,0.05129710943131949,1.141152908947251,0.30549694470130045,0.9723653007063686
20,6,12,-0.04903972657455159,0.10216226694868599,-0.48001799528100936,0.648212641792198,0.996297741304507
20,6,13,-0.05282558285517604,0.05541696155791776,-0.9532385278650357,0.394449004954164,0.9787437974965071
20,6,14,0.13721554356979754,0.06165490388364128,2.225541439923954,0.0676798232785163,0.8921703470566514
20,6,15,-0.05657912126517996,0.07326736090515347,-0.7722281868136467,0.4692944466405341,0.9834109341406547
20,6,16,-0.01716165920185755,0.10138738876865877,-0.1692681842398268,0.8722207105330803,0.9970118974932134
20,6,17,-0.12362297834299012,0.04589336901467853,-2.693700222809026,0.04310746926903954,0.8473514992757766
20,6,18,0.0067949167348942425,0.07291025085840037,0.09319562962411845,0.930229465672563,0.9971125104614714
20,6,19,-0.1336348600158437,0.0976071948906221,-1.3691087031465747,0.22926271572596255,0.9532557270404519
20,6,20,0.16663257616227262,0.08542230439101063,1.9506916530556322,0.10857396297959516,0.9266880947092055
20,7,1,-0.10892978144823602,0.0939170522287385,-1.159850941464534,0.29847965530428006,0.9723653007063686
20,7,2,-0.004769590309015569,0.079285243118243,-0.060157352381983935,0.954915969659765,0.9981155951445632
20,7,3,0.06090263379051944,0.07284179210136592,0.8360946653389834,0.4412144140741552,0.9809403935722025
20,7,4,0.07774646068489487,0.07772070456187614,1.0003313933161515,0.3630718909407341,0.9787437974965071
20,7,5,-0.11333713432866226,0.13820321001996633,-0.8200759903584603,0.4494851215547593,0.981074365092707
20,7,6,-0.13890645211341374,0.1160712739975475,-1.196734104212141,0.28505360579941463,0.9710602551597926
20,7,8,0.13691106455655752,0.07115923325467081,1.924009833898074,0.11234960811910337,0.9266880947092055
20,7,9,0.0741911214374387,0.09586969603098558,0.7738745871551096,0.47398726115174933,0.9844454813806669
20,7,10,-0.060920244211447906,0.11446455021276461,-0.5322193124218656,0.6173652923611296,0.996297741304507
20,7,11,-0.15043425277203612,0.11918861182805117,-1.2621529059152032,0.26256367186235224,0.9659348365379999
20,7,12,-0.027400688157232567,0.12432416929963737,-0.22039711434526424,0.8342784195948466,0.996297741304507
20,7,13,0.015578968767040166,0.1929096444561532,0.08075785329903701,0.9407203527938467,0.9976607232147003
20,7,14,0.01994936094546327,0.06775221105274866,0.29444590272688215,0.780249945357263,0.996297741304507
20,7,15,-0.23289420401203764,0.09325870765182112,-2.49729177975578,0.054670935244211204,0.8737966532283991
20,7,16,0.024375902341631072,0.13373793790975327,0.18226617459809893,0.8625332246516799,0.9970118974932134
20,7,17,-0.09230249608686376,0.15271163137743027,-0.6044234827020584,0.5781706291176659,0.9921578326135176
20,7,18,0.06395438171641592,0.15025294899835895,0.42564476865401674,0.6922692091377233,0.996297741304507
20,7,19,-0.14148297067386853,0.130785970858661,-1.0817901166607988,0.34020549629565106,0.977783785791819
20,7,20,0.00041150873299119226,0.07533479157128198,0.005462399568682143,0.995852897910548,0.9999842973802364
20,8,1,-0.01994784894867727,0.1093336375436976,-0.18244933029436822,0.8612385599432278,0.9970118974932134
20,8,2,-0.058308723512388146,0.09821209479913912,-0.5937020652196245,0.5785497868350296,0.9921673560837891
20,8,3,0.16707675078464346,0.13810971346842774,1.2097393194695747,0.2804493087737662,0.9710602551597926
20,8,4,-0.11579062646065186,0.09919101407410506,-1.1673499614892329,0.2873571132205701,0.9710602551597926
20,8,5,0.22027014357957425,0.14483953203892663,1.5207874568308763,0.17912935921785336,0.9327221140485742
20,8,6,-0.2119910382460003,0.04292654599958015,-4.938460183661999,0.00260795939169476,0.7168717760835697
20,8,7,0.358114528389829,0.2104930953563698,1.701312471945131,0.14962341143423138,0.9327221140485742
20,8,9,-0.014551419088361855,0.1301240781421051,-0.11182725976631937,0.9146076458009085,0.9970118974932134
20,8,10,0.036207575315933965,0.06899505810774545,0.5247850542986133,0.6221601777245699,0.996297741304507
20,8,11,0.13075972812342287,0.13790174987701617,0.9482093464302598,0.38656457910891645,0.9787437974965071
20,8,12,0.12806240979053304,0.09038906818273114,1.4167909058452115,0.2063116025444163,0.9327221140485742
20,8,13,-0.046348810526547504,0.16380825797579077,-0.2829455065269936,0.7912574405743878,0.996297741304507
20,8,14,-0.24081988527747278,0.10465010827376453,-2.301190980569147,0.061000796659389935,0.8872441397771501
20,8,15,0.1314041347155334,0.059612762059998034,2.2042953584515295,0.06968863690015273,0.8921703470566514
20,8,16,-0.06345570858804854,0.13809999411255003,-0.45949103036074945,0.6651683429898243,0.996297741304507
20,8,17,0.004251601346467227,0.08807696866927939,0.04827143134754459,0.9633687529967776,0.9981155951445632
20,8,18,0.06405231582668718,0.2187633592419585,0.2927927055442164,0.78424113331035,0.996297741304507
20,8,19,0.4114064713923278,0.18515653606149796,2.221938691127064,0.07694050124454611,0.8921703470566514
20,8,20,0.2519589611985703,0.050798579817190395,4.959960733161021,0.004248309650725825,0.7168717760835697
20,9,1,-0.07272148125069175,0.1613367998444576,-0.4507432979974234,0.6680053541776048,0.996297741304507
20,9,2,0.04162341661872397,0.10943865813674303,0.3803355900648507,0.7193177713299331,0.996297741304507
20,9,3,0.2139868301076601,0.14043491192870813,1.5237438267114582,0.18807710613629508,0.9327221140485742
20,9,4,-0.03882574258411581,0.12553848853546054,-0.3092736182883031,0.7675718933720159,0.996297741304507
20,9,5,0.15098781996996388,0.11402435512383641,1.3241716631912457,0.23365270328922802,0.9551865621300482
20,9,6,-0.06951532268165087,0.15784269314850272,-0.44040887350932706,0.6750640963053371,0.996297741304507
20,9,7,0.07739555757085093,0.10873463494684614,0.7117838544082408,0.508421054726969,0.9870199575036301
20,9,8,0.11558625130437228,0.21671156143856593,0.5333644893542316,0.6129506241744659,0.996297741304507
20,9,10,-0.03892953032188483,0.10341978790370566,-0.3764224536773925,0.72204741393324,0.996297741304507
20,9,11,0.14023917702763433,0.1588507994821517,0.8828358276063232,0.41774304306095283,0.9787437974965071
20,9,12,0.1204019790029053,0.18895988074766515,0.6371827634832788,0.5475328627454659,0.9919546500275425
20,9,13,-0.15380626354172128,0.15995910611760186,-0.9615349027249592,0.39073416454815246,0.9787437974965071
20,9,14,0.15916102994182482,0.08890531892042308,1.7902306844261549,0.12361339100132754,0.9272249539364997
20,9,15,-0.07570635716392986,0.12864744093131725,-0.5884793091512777,0.5776752757571714,0.9921578326135176
20,9,16,-0.0855410535097794,0.046727830996689375,-1.830623242795269,0.12666607275152564,0.9327221140485742
20,9,17,0.06493815836638347,0.08144397588212972,0.7973353174649562,0.4614252200527809,0.9831823609235607
20,9,18,-0.2513820429193546,0.12891121504463454,-1.9500401328958494,0.12295151847818345,0.9272249539364997
20,9,19,0.11096208020090599,0.24441858615457154,0.45398380682178985,0.6688669726910133,0.996297741304507
20,9,20,0.19487092899090003,0.1663102164949271,1.1717315574276361,0.2940950159909675,0.9723653007063686
20,10,1,0.019366761369341397,0.06065391045288775,0.3192994684829928,0.7624084670558692,0.996297741304507
20,10,2,-0.1278864164943704,0.125686598192789,-1.0175024094230767,0.3664523457259372,0.9787437974965071
20,10,3,0.06355362349789874,0.09818574316024561,0.647279548452648,0.5459907058856038,0.9916306595457345
20,10,4,0.039518959289559445,0.1001033760591137,0.39478148335204666,0.7092821976846442,0.996297741304507
20,10,5,-0.06400676866238529,0.15784154039594478,-0.40551282318595655,0.701869997193187,0.996297741304507
20,10,6,0.03941714252555724,0.09421035292085836,0.4183950203249033,0.69302161869209,0.996297741304507
20,10,7,-0.08648586264943922,0.08628572916893762,-1.0023194273424687,0.36219958650737766,0.9787437974965071
20,10,8,0.1686814790441306,0.1595256588674957,1.057394028274677,0.33871953549697814,0.977783785791819
20,10,9,-0.19665919710632918,0.13719571225455746,-1.4334208691595827,0.21118443286293023,0.9359956853011777
20,10,11,0.028594869167871094,0.10490590420457403,0.2725763567304703,0.7960775969602814,0.996297741304507
20,10,12,0.10789411069256945,0.06782774819853721,1.5907075431011524,0.17254829477820782,0.9327221140485742
20,10,13,-0.1823286184547135,0.07267169606570012,-2.5089357799956553,0.0870190311873533,0.9004251543150552
20,10,14,0.059311173490333366,0.09879099035912789,0.6003702693345141,0.5744321254244318,0.9921578326135176
20,10,15,-0.18934062106413768,0.08839281927442826,-2.1420362266550224,0.08509782892879302,0.896144186594051
20,10,16,0.08052352572723386,0.1389303920934665,0.5795961885177826,0.5873204880495037,0.9945980265218507
20,10,17,0.14880149880544682,0.03341144950208014,4.453608000207507,0.011215446113541583,0.7296406661547277
20,10,18,-0.12754716364315247,0.1320856762089256,-0.9656396310561334,0.38890728983606143,0.9787437974965071
20,10,19,0.10224368364646819,0.10034109549165314,1.0189612057200865,0.3658374237639546,0.9787437974965071
20,10,20,0.04798865828448137,0.09973000388520113,0.48118576571239047,0.650703749888848,0.996297741304507
20,11,1,0.32832631170581794,0.099433108715804,3.301981763850167,0.02142868174548112,0.8394596075808679
20,11,2,-0.0746220320672965,0.12069070210131251,-0.6182914737212942,0.5698513378714402,0.9921578326135176
20,11,3,0.02128146568189032,0.15299946212975202,0.13909503592701106,0.894803927547363,0.9970118974932134
20,11,4,0.0038789443465121758,0.08447862842710538,0.0459162798767893,0.9651544377479346,0.9981155951445632
20,11,5,-0.0213577814756148,0.20996633649481392,-0.10172002727704214,0.9229322118512858,0.9971125104614714
20,11,6,0.09538476623631685,0.22389052580650592,0.4260330618827779,0.6878012370055442,0.996297741304507
20,11,7,0.09737732806362623,0.17993020632810022,0.5411950002742665,0.6116048890876535,0.996297741304507
20,11,8,0.14421250141095324,0.1903200614736173,0.7577367319744516,0.4827716020891573,0.9853788426768277
20,11,9,-0.08548711203497304,0.08516074470945706,-1.0038323681365824,0.3615369050041847,0.9787437974965071
20,11,10,0.04264030794437075,0.13382190431748434,0.31863474190959484,0.7628835417851687,0.996297741304507
20,11,12,-0.2445311618376525,0.18007265332089964,-1.3579583425170405,0.2325417064278849,0.9551865621300482
20,11,13,-0.13598357421698617,0.17588704811066636,-0.7731301177483719,0.49577447799904045,0.9870199575036301
20,11,14,-0.05532941030490514,0.11349947891518548,-0.4874860293038309,0.6465351883296352,0.996297741304507
20,11,15,-0.033107956984112605,0.19306277308186245,-0.1714880422333035,0.8721659243945447,0.9970118974932134
20,11,16,0.25343563848593254,0.1003375074234434,2.5258315159640152,0.05279766603873138,0.8736240172341893
20,11,17,-0.14481787015936462,0.1586449307843103,-0.9128427201707601,0.41296754875179864,0.9787437974965071
20,11,18,0.03506531680738589,0.18262297032940691,0.19200934441020578,0.8570884734769536,0.9970118974932134
20,11,19,-0.21247278945489118,0.3811439195447609,-0.5574607872745594,0.6069344217091693,0.996297741304507
20,11,20,-0.19364043239926015,0.23626904012426214,-0.8195759897132452,0.4497451431556567,0.981074365092707
20,12,1,0.14493777194798496,0.13486055898362548,1.0747232032792353,0.3238059056516292,0.97468787269659
20,12,2,-0.06159327410305952,0.1583952920522165,-0.38885798501110663,0.713389332825762,0.996297741304507
20,12,3,0.05351931953097167,0.06426353450555367,0.8328100833842824,0.44290086202034884,0.9809403935722025
20,12,4,-0.002578318923268644,0.0821099055344874,-0.03140082681198933,0.9759683563198845,0.9998192749453514
20,12,5,-0.015025936168104931,0.10591194852452587,-0.14187196418620818,0.8918250048135785,0.9970118974932134
20,12,6,-0.06760760737109062,0.08322763877806566,-0.8123215840660859,0.44762970510519345,0.9809403935722025
20,12,7,0.034796742508444015,0.04602763487722291,0.755996752831361,0.4837256857894701,0.9853788426768277
20,12,8,-0.09334123839133283,0.17733363753324094,-0.5263594639415762,0.6175196432726124,0.996297741304507
20,12,9,-0.03925033514774746,0.12493304329482696,-0.31417096800249406,0.7660768208405511,0.996297741304507
20,12,10,-0.0035451293148246895,0.16102837551853377,-0.022015556596077332,0.9832871149365621,0.9999842973802364
20,12,11,0.12710168036376257,0.09046549761534192,1.4049740919216762,0.21900797335427616,0.9441880781319402
20,12,13,-0.04847873130285484,0.058230588530043516,-0.8325303337267521,0.4519285642418492,0.9821724587469413
20,12,14,0.10780796852135775,0.0902358301138913,1.1947357095744895,0.2772707803078986,0.9705924903832205
20,12,15,0.07615173810406607,0.07807845637142308,0.9753233048157761,0.36706669897006333,0.9787437974965071
20,12,16,0.10328288810188814,0.09870989577114035,1.046327597592687,0.343331907013799,0.977783785791819
20,12,17,0.0396955384508336,0.09861271617846555,0.4025397533781706,0.7039198024005597,0.996297741304507
20,12,18,-0.032527840561154,0.027954542865592135,-1.1635976562516899,0.30926502192865135,0.9723653007063686
20,12,19,0.07488565996579048,0.2205492791520777,0.33954162196020704,0.7479993093827167,0.996297741304507
20,12,20,0.013111742051800747,0.08710293478360967,0.15053157605106868,0.8862295484906073,0.9970118974932134
20,13,1,0.028738994720288284,0.22693966995732642,0.12663715746817517,0.9053381261848417,0.9970118974932134
20,13,2,-0.15042986767188174,0.22688016415610823,-0.6630366662098905,0.5547013890960022,0.9921578326135176
20,13,3,0.04802306815971086,0.13725196128297512,0.3498898501009457,0.7495440797128848,0.996297741304507
20,13,4,-0.23867527034165537,0.15952095860284224,-1.4962000757178662,0.208936001304913,0.933394762406013
20,13,5,-0.09606245996006232,0.1331379232071678,-0.7215259006997117,0.5105082311153147,0.9870199575036301
20,13,6,0.06241521488523193,0.07590939356201977,0.8222330854667543,0.4571316423227961,0.9823636982311391
20,13,7,0.23194156558976897,0.04401878016642002,5.269150228779802,0.013323517087472658,0.7391148165313298
20,13,8,0.01327250299047255,0.045888642431543,0.2892328534230083,0.7912393680759928,0.996297741304507
20,13,9,0.18438923140941205,0.11096632120607319,1.66166841798175,0.17191483880823658,0.9327221140485742
20,13,10,0.21631741897451487,0.1929393494213639,1.121167971293269,0.34386873412408747,0.977783785791819
20,13,11,-0.16271504645564708,0.0585617190572699,-2.7785223704540307,0.06907569340835551,0.8921703470566514
20,13,12,-0.028501444950745372,0.13005449227335722,-0.21915002282750817,0.8372615540098561,0.9967052234147373
20,13,14,-0.17953724024436082,0.054669262206901784,-3.284061884018089,0.046284157712608166,0.8473514992757766
20,13,15,0.10156832282679239,0.12960573264490358,0.7836715302114581,0.47703668962123774,0.9844454813806669
20,13,16,0.16332798167935422,0.2059505616256561,0.7930446044397421,0.4856826217956137,0.9853788426768277
20,13,17,-0.18591200017944165,0.1541827898923563,-1.205789571637869,0.2943447346168296,0.9723653007063686
20,13,18,0.13522506855590954,0.14267873095894798,0.9477591204106602,0.41317259974270254,0.9787437974965071
20,13,19,-0.4081554739179578,0.034446435854053284,-11.848989998135947,0.007047375479085802,0.7296406661547277
20,13,20,0.25397331248057486,0.06996446990179514,3.6300326842100237,0.03599261706838113,0.8473514992757766
20,14,1,-0.05262888484061794,0.1495502609141194,-0.3519143632286181,0.7369325120913965,0.996297741304507
20,14,2,-0.082224125044301,0.10262275307694145,-0.8012270434983575,0.45936532839567307,0.9831823609235607
20,14,3,0.21882335240336445,0.09034156673606283,2.422177966430946,0.059956109904913436,0.8872441397771501
20,14,4,-0.18809064375568618,0.08293503740616126,-2.26792739999952,0.06384916247367713,0.8918892273962046
20,14,5,0.01709729566147485,0.20319743984871286,0.08414129466454008,0.935681261328357,0.9971125104614714
20,14,6,0.171211712469271,0.11975739754522707,1.429654584829987,0.2122047830066746,0.9367555476834529
20,14,7,-0.13712291156306494,0.13952457748848984,-0.9827867894700787,0.38135477545947455,0.9787437974965071
20,14,8,0.1670149905441748,0.15469103939692513,1.0796681643242934,0.32959521026653466,0.977783785791819
20,14,9,-0.008376830198709516,0.04441871747794323,-0.18858784481295676,0.8578314037186149,0.9970118974932134
20,14,10,0.22963899027417375,0.10916861449181949,2.1035257371456164,0.08935263216923446,0.9042343601680186
20,14,11,0.1411511453851585,0.17859271249920983,0.7903522120758015,0.46513846579432383,0.9831823609235607
20,14,12,-0.09207602654591678,0.15460780970881363,-0.595545766534925,0.5732408885936215,0.9921578326135176
20,14,13,0.02920539158310025,0.13331586619272937,0.21906913570707423,0.840654220879522,0.9967052234147373
20,14,15,-0.10488154301573134,0.18085902423721312,-0.5799077124157748,0.5830815273047933,0.9929720478795291
20,14,16,-0.15648755688409893,0.15422082423902816,-1.0146979673804806,0.3568071531286155,0.9787437974965071
20,14,17,-0.14638180842234988,0.11835503465385644,-1.2368025479374352,0.2838122985072472,0.9710602551597926
20,14,18,0.07807518703387557,0.11095249577728854,0.7036812149759097,0.5204349625692628,0.9888264288815993
20,14,19,-0.47047202149894757,0.12160167109162984,-3.8689601653629118,0.011772648568699246,0.7296406661547277
20,14,20,0.08470596213964106,0.17937380352629279,0.472231510253684,0.6566532731364632,0.996297741304507
20,15,1,0.09959499525463382,0.15019740146265842,0.663093996860736,0.5319038791554876,0.9909681566538422
20,15,2,0.1628038549479036,0.07433278810107141,2.190202454458543,0.08007624030502751,0.8921703470566514
20,15,3,0.08515737254590346,0.23656801265147212,0.3599699367259894,0.7335749405980659,0.996297741304507
20,15,4,-0.19048577193057212,0.11225442733836158,-1.6969109944742375,0.14063808763759453,0.9327221140485742
20,15,5,0.14573656989438047,0.18291384288911766,0.7967498117784841,0.45595767449142854,0.9823636982311391
20,15,6,-0.1623477590903684,0.16973400513850706,-0.9564834044712031,0.3757626588164337,0.9787437974965071
20,15,7,-0.10362007344205405,0.0929976239905332,-1.1142228047835712,0.3158571427107835,0.9738435620968914
20,15,8,0.06541877241272447,0.1669761592109384,0.39178510705645203,0.7087537636174545,0.996297741304507
20,15,9,-0.020429958591373462,0.08960468769880138,-0.22800100213304741,0.8272168196375735,0.996297741304507
20,15,10,0.148802573128894,0.06281215813892113,2.3690090825635948,0.06403131490117442,0.8918892273962046
20,15,11,0.0678554613856684,0.0599978780391461,1.1309643541104004,0.3093811782932222,0.9723653007063686
20,15,12,0.09037406601229263,0.1474828840537091,0.6127766390760854,0.5625142799283718,0.9921578326135176
20,15,13,-0.3278155521946876,0.06776391669549331,-4.8376122304579185,0.00841464532628157,0.7296406661547277
20,15,14,0.1151064110978355,0.09248760096197518,1.244560458908596,0.2597018267946521,0.9659348365379999
20,15,16,0.0075522183218149274,0.0618135601680283,0.12217737177997018,0.9075172436239177,0.9970118974932134
20,15,17,-0.11122051461061658,0.1262645065097132,-0.8808533584311742,0.41871854166495076,0.9787437974965071
20,15,18,0.24238755205417417,0.09301803535338722,2.60581242262006,0.05968210411714228,0.8872441397771501
20,15,19,0.021439784796418112,0.0976063255059461,0.21965569019286932,0.83482527978868,0.9965233449153559
20,15,20,0.1370494722010465,0.12082413800558162,1.1342888470975976,0.3081090503783743,0.9723653007063686
20,16,1,-0.17161455980430967,0.06528678060097107,-2.628626472648101,0.04661035681336612,0.8473514992757766
20,16,2,-0.19711789019192777,0.04219193992696209,-4.671932376858804,0.009504623766079343,0.7296406661547277
20,16,3,0.007843907724242705,0.10373847016598385,0.07561233274036783,0.9426596558539161,0.9976607232147003
20,16,4,-0.04030888970812921,0.11454511216947809,-0.351904057225395,0.7392557867374735,0.996297741304507
20,16,5,0.08862420359248664,0.11465548583273254,0.7729608657452717,0.47448151295019286,0.9844454813806669
20,16,6,-0.05140207287679171,0.08757014360098357,-0.5869817127447007,0.5827181794221884,0.9929720478795291
20,16,7,-0.10706415133456319,0.12724801278375622,-0.841381715843888,0.43851003760266305,0.9809403935722025
20,16,8,0.06634488365655532,0.10263206000367779,0.6464342979526225,0.5464949494537809,0.9918684669151606
20,16,9,-0.05586219346353541,0.10100778747542845,-0.5530483822999451,0.6040461615734106,0.996297741304507
20,16,10,0.02685756784469647,0.09887806368928038,0.2716231168201622,0.7967700891051048,0.996297741304507
20,16,11,-0.08536452086879086,0.0689189478324975,-1.238621940007333,0.27046175423064,0.9659348365379999
20,16,12,-0.09214610004484612,0.06539949751892468,-1.4089725997783513,0.21789191889345597,0.9435775405072737
20,16,13,0.08308134214374265,0.087758441475481,0.9467048496526479,0.41363182734841436,0.9787437974965071
20,16,14,-0.09535597311309212,0.06401958477690904,-1.4894812805158364,0.19654036809398895,0.9327221140485742
20,16,15,-0.060287106299832964,0.05503421207588085,-1.095447795556953,0.32325912289367253,0.97468787269659
20,16,17,-0.1467118215181999,0.09540910896306629,-1.5377129407366714,0.1989387249416134,0.9327221140485742
20,16,18,0.02460243537924482,0.0809630274052217,0.30387247324393174,0.776376179106775,0.996297741304507
20,16,19,-0.05510927187209537,0.08601752910137353,-0.6406749001881606,0.5565948561117441,0.9921578326135176
20,16,20,0.06477656802024787,0.059175626097777476,1.094649474635404,0.3235771461157877,0.97468787269659
20,17,1,-0.026993233188636397,0.08475242749039412,-0.318495103770064,0.7629833550893383,0.996297741304507
20,17,2,0.028296069322239527,0.1108111915591818,0.25535389452853113,0.8110424543056114,0.996297741304507
20,17,3,0.190946019476661,0.1470198734485765,1.2987769272033136,0.26383194896994105,0.9659348365379999
20,17,4,-0.22840372477702642,0.17720060492207806,-1.2889556718848414,0.2538237751910864,0.9659348365379999
20,17,5,0.04446963723491247,0.06715514681034682,0.6621925399081801,0.5371445530019303,0.9909681566538422
20,17,6,-0.08536412277634124,0.13725115489267967,-0.6219555882241411,0.5612297670713258,0.9921578326135176
20,17,7,-0.006458137758691784,0.19798377168167133,-0.032619530902981766,0.9755407734777218,0.9998192749453514
20,17,8,0.014651297438554698,0.16583670948694476,0.08834773364590758,0.9330297308253483,0.9971125104614714
20,17,9,0.046375939534673935,0.14754930453082152,0.3143080862483643,0.7659786508252036,0.996297741304507
20,17,10,0.07145425732448761,0.13122428209361647,0.5445200856421302,0.615017744894245,0.996297741304507
20,17,11,0.15153483994918573,0.06374259578689916,2.377293206781406,0.07621337192965584,0.8921703470566514
20,17,12,-0.004986064024964615,0.1305902144843522,-0.03818099269240332,0.9710209280769787,0.9998192749453514
20,17,13,-0.055592669500363595,0.21402686298599763,-0.25974622402301395,0.807880914320734,0.996297741304507
20,17,14,-0.1898377220629485,0.1220953986943586,-1.5548310918465846,0.18070517386253912,0.9327221140485742
20,17,15,-0.16876337710323253,0.07067008079190741,-2.3880456228397287,0.06253879198217986,0.8885715236277543
20,17,16,-0.029348578708565963,0.08346513739730196,-0.35162679441252603,0.742859564540693,0.996297741304507
20,17,18,0.04400390245469278,0.12823000240398516,0.34316385892060197,0.7541151277797726,0.996297741304507
20,17,19,-0.1286638574729692,0.10463290980129347,-1.229669113819761,0.2862028150162305,0.9710602551597926
20,17,20,0.10670913658977242,0.13535945276756894,0.7883390070453266,0.474592107786148,0.9844454813806669
20,18,1,-0.01493351494955519,0.04886441147095846,-0.3056112720834671,0.7798794595743666,0.996297741304507
20,18,2,-0.04233250716487767,0.08376417775946036,-0.5053772184803812,0.6480854637734342,0.996297741304507
20,18,3,-0.06373459250494908,0.07214392828910231,-0.8834366801965933,0.426900504808249,0.9787437974965071
20,18,4,0.033189172558172726,0.06969486778297587,0.47620683722429735,0.6587715154277283,0.996297741304507
20,18,5,0.2766285396883334,0.17684094570219225,1.5642787850310609,0.19279893422514158,0.9327221140485742
20,18,6,-0.19120117175038456,0.11292345347267925,-1.6931927413551044,0.16567155962623223,0.9327221140485742
20,18,7,-0.051432349152026886,0.1561837990848825,-0.32930655710164414,0.7584455615702956,0.996297741304507
20,18,8,0.25870396737512147,0.07652677192023342,3.380568144719305,0.04307330075517414,0.8473514992757766
20,18,9,-0.2712521231375193,0.051828299006853436,-5.2336682532532475,0.0063677138913918515,0.7296406661547277
20,18,10,-0.1295507691107823,0.04717235825970947,-2.7463280168184214,0.05156871225537996,0.8613675014085445
20,18,11,0.021329892836715856,0.05768572185777346,0.3697603522919559,0.7303054157954082,0.996297741304507
20,18,12,-0.19160922824172583,0.057849113320580826,-3.312224116151583,0.029592811558961263,0.8442257097777721
20,18,13,-0.12523275001514966,0.12721904951978624,-0.9843867760911699,0.39750876428217413,0.9787437974965071
20,18,14,-0.004134237885001964,0.2014655277643821,-0.020520820265671036,0.9846107348703885,0.9999842973802364
20,18,15,-0.13286838629481168,0.06530471752951675,-2.0345909349155757,0.1116281036483393,0.9266880947092055
20,18,16,0.04987136774797784,0.07266269519973316,0.6863407366077805,0.5302149709620828,0.9905687756420425
20,18,17,0.11588640988605188,0.06573119115143196,1.7630352935079017,0.1760965562774594,0.9327221140485742
20,18,19,-0.1995854280997109,0.39579406250958604,-0.5042658468237449,0.6487795137409327,0.996297741304507
20,18,20,-0.2944745440159805,0.15714361205088728,-1.8739199142167349,0.1342212607373671,0.9327221140485742
20,19,1,-0.007669791282508363,0.20058055558730142,-0.03823796010541957,0.9709777155191435,0.9998192749453514
20,19,2,-0.07633278209493709,0.1847973507527287,-0.4130621017216985,0.7007437738297232,0.996297741304507
20,19,3,0.10603116798868259,0.21856815261711166,0.48511718984944335,0.6529640278392795,0.996297741304507
20,19,4,-0.07856340386807581,0.2066153782535341,-0.38023986661482573,0.719384487732193,0.996297741304507
20,19,5,-0.3018995796611971,0.23655046625780404,-1.2762586539605305,0.25793032710776564,0.9659348365379999
20,19,6,0.0884310538717891,0.11360509698526139,0.7784074501735017,0.47154087361287383,0.9844454813806669
20,19,7,0.16658239579255485,0.2677091695861607,0.6222513634831586,0.5674906670566379,0.9921578326135176
20,19,8,0.1994448928773012,0.34501090311402943,0.5780828694877641,0.5882662625145754,0.9945980265218507
20,19,9,0.05265157358159855,0.11554628236532728,0.45567518489839676,0.6677299101551677,0.996297741304507
20,19,10,0.07135392257657978,0.18908336619800736,0.3773675284661521,0.7250687975648125,0.996297741304507
20,19,11,0.11230243768696296,0.307949677950246,0.36467788644592275,0.7338140323430327,0.996297741304507
20,19,12,-0.13190919005198778,0.12725389881030183,-1.036582700287942,0.3474372512863679,0.9778316154669235
20,19,13,0.2173267736814984,0.12360335880080597,1.7582594501333486,0.17694573707797262,0.9327221140485742
20,19,14,0.13717603693929345,0.11132219316928717,1.232243392199956,0.27263944591778283,0.9670747067692197
20,19,15,-0.08942006734463467,0.15879280498436515,-0.563124175260182,0.5976648465990106,0.996297741304507
20,19,16,-0.08389551477092186,0.17108170169343803,-0.4903827466058537,0.6495459778419972,0.996297741304507
20,19,17,-0.12746368407554254,0.1778645830359754,-0.7166333055133564,0.5132159717478497,0.9870199575036301
20,19,18,0.12866991878831827,0.04202208002007856,3.0619597774259764,0.05490830760956923,0.8737966532283991
20,19,20,-0.3015986509787317,0.10522771570964334,-2.8661522198968177,0.0456453046964078,0.8473514992757766
20,20,1,0.12867432319134164,0.07460272098563178,1.7247939684988038,0.14516225662840546,0.9327221140485742
20,20,2,0.24591667116833532,0.03468622861408031,7.089749476581024,0.002089849304958628,0.7168717760835697
20,20,3,-0.11179072065480165,0.12466173756671842,-0.8967524666024729,0.4109450169354675,0.9787437974965071
20,20,4,0.21201363775542514,0.08067527473011957,2.6279878000048917,0.04664625197311818,0.8473514992757766
20,20,5,-0.038182432456601544,0.057189134097644576,-0.667651872307444,0.5409021503380215,0.9909681566538422
20,20,6,-0.05962692807786364,0.11065476855767593,-0.5388554768540842,0.6131033087582225,0.996297741304507
20,20,7,0.04217719243863501,0.1061469205037618,0.39734730162749204,0.7075066110700128,0.996297741304507
20,20,8,0.14186090220972777,0.11431740603663096,1.2409387785008876,0.2696746663588487,0.9659348365379999
20,20,9,-0.14180227606452975,0.09993741832463623,-1.4189107387433302,0.2151413032361304,0.9425722664941841
20,20,10,-0.2404165490010752,0.16697820828343904,-1.4398079334492415,0.20946474522477398,0.933394762406013
20,20,11,-0.022368302751970055,0.21183007074396998,-0.10559550243883965,0.9200087891416523,0.9971125104614714
20,20,12,0.022350221583098004,0.12700593574241237,0.17597777184407917,0.8672167144960418,0.9970118974932134
20,20,13,-0.13213749763482258,0.08734760405529451,-1.5127775863166377,0.2275390999274151,0.95225614507068
20,20,14,0.1229473874238045,0.17675369425518112,0.695585956158905,0.5176848107466195,0.9873220114034699
20,20,15,-0.1205606957020965,0.11384319319493028,-1.059006624090428,0.33805182178048326,0.977783785791819
20,20,16,0.006265489053410245,0.2017055557527395,0.031062550706633607,0.9764214458267826,0.9998192749453514
20,20,17,0.19386965632691688,0.17069581540903486,1.1357610370307865,0.31949085542723477,0.9738435620968914
20,20,18,0.005514855544608178,0.05775835854585126,0.09548151442244933,0.9285245516977111,0.9971125104614714
20,20,19,0.159523411690001,0.224406454283776,0.7108681976123681,0.5164201153920281,0.9870199575036301
